tempo_s,sinal_uv
0.0000,-4.89
0.0005,-11.19
0.0010,-8.77
0.0015,-2.27
0.0020,1.46
0.0025,10.41
0.0030,5.77
0.0035,5.42
0.0040,-8.64
0.0045,7.08
0.0050,-1.31
0.0055,-11.72
0.0060,11.46
0.0065,-7.64
0.0070,6.44
0.0075,-4.75
0.0080,1.55
0.0085,-2.31
0.0090,-7.59
0.0095,0.84
0.0100,0.49
0.0105,11.57
0.0110,12.50
0.0115,-2.52
0.0120,0.61
0.0125,-1.48
0.0130,4.87
0.0135,-9.87
0.0140,15.22
0.0145,-9.28
0.0150,-3.86
0.0155,-15.29
0.0160,-2.63
0.0165,-2.48
0.0170,-0.94
0.0175,-14.78
0.0180,-0.34
0.0185,-18.41
0.0190,-12.09
0.0195,-3.77
0.0200,-2.17
0.0205,-6.06
0.0210,5.50
0.0215,6.83
0.0220,-9.96
0.0225,2.45
0.0230,2.05
0.0235,8.58
0.0240,-3.74
0.0245,-3.39
0.0250,-11.80
0.0255,14.13
0.0260,8.94
0.0265,-0.50
0.0270,11.54
0.0275,-1.61
0.0280,-0.75
0.0285,-2.29
0.0290,2.78
0.0295,-4.93
0.0300,-0.28
0.0305,7.83
0.0310,7.18
0.0315,2.01
0.0320,4.11
0.0325,-3.29
0.0330,0.68
0.0335,4.38
0.0340,3.52
0.0345,-9.68
0.0350,13.61
0.0355,-1.34
0.0360,1.71
0.0365,-6.65
0.0370,9.41
0.0375,3.59
0.0380,7.84
0.0385,5.14
0.0390,-0.88
0.0395,0.01
0.0400,-13.49
0.0405,9.17
0.0410,-2.22
0.0415,0.73
0.0420,-0.77
0.0425,13.44
0.0430,3.58
0.0435,11.13
0.0440,20.07
0.0445,-1.38
0.0450,-2.56
0.0455,-1.97
0.0460,-0.30
0.0465,-3.00
0.0470,4.34
0.0475,11.59
0.0480,-3.16
0.0485,-0.13
0.0490,3.69
0.0495,-4.72
0.0500,4.34
0.0505,-5.52
0.0510,-3.79
0.0515,12.67
0.0520,-4.69
0.0525,-3.56
0.0530,-9.46
0.0535,6.17
0.0540,9.19
0.0545,6.18
0.0550,0.21
0.0555,-2.68
0.0560,-4.05
0.0565,18.85
0.0570,4.67
0.0575,-8.86
0.0580,1.33
0.0585,2.01
0.0590,19.19
0.0595,-4.15
0.0600,-0.80
0.0605,23.69
0.0610,-4.64
0.0615,0.33
0.0620,8.56
0.0625,-0.35
0.0630,4.49
0.0635,1.95
0.0640,10.97
0.0645,21.74
0.0650,8.99
0.0655,-2.71
0.0660,13.79
0.0665,2.96
0.0670,8.44
0.0675,-4.12
0.0680,-6.48
0.0685,6.87
0.0690,26.50
0.0695,6.24
0.0700,5.10
0.0705,1.20
0.0710,-10.06
0.0715,-1.27
0.0720,-8.55
0.0725,2.53
0.0730,15.55
0.0735,6.16
0.0740,7.60
0.0745,11.49
0.0750,7.89
0.0755,-3.34
0.0760,22.10
0.0765,0.40
0.0770,12.23
0.0775,8.28
0.0780,1.34
0.0785,-8.91
0.0790,10.14
0.0795,-2.36
0.0800,16.65
0.0805,8.17
0.0810,-3.43
0.0815,-9.23
0.0820,9.68
0.0825,6.24
0.0830,-7.17
0.0835,-1.40
0.0840,20.40
0.0845,-8.29
0.0850,0.19
0.0855,4.15
0.0860,1.52
0.0865,12.84
0.0870,4.08
0.0875,17.23
0.0880,3.32
0.0885,-0.99
0.0890,6.86
0.0895,7.29
0.0900,6.97
0.0905,-10.30
0.0910,3.48
0.0915,3.21
0.0920,10.25
0.0925,7.15
0.0930,-7.05
0.0935,2.81
0.0940,-11.40
0.0945,16.83
0.0950,8.17
0.0955,4.24
0.0960,13.53
0.0965,6.96
0.0970,-4.34
0.0975,12.26
0.0980,5.85
0.0985,-12.63
0.0990,5.02
0.0995,-1.31
0.1000,4.97
0.1005,-1.64
0.1010,-9.05
0.1015,9.96
0.1020,1.74
0.1025,11.76
0.1030,6.78
0.1035,22.22
0.1040,6.67
0.1045,14.06
0.1050,1.24
0.1055,7.41
0.1060,-5.39
0.1065,-3.51
0.1070,12.58
0.1075,20.42
0.1080,-20.90
0.1085,4.00
0.1090,2.47
0.1095,11.13
0.1100,4.97
0.1105,4.76
0.1110,8.13
0.1115,0.92
0.1120,-13.12
0.1125,-1.22
0.1130,6.15
0.1135,3.37
0.1140,18.38
0.1145,6.66
0.1150,-1.07
0.1155,-3.28
0.1160,5.21
0.1165,0.25
0.1170,1.34
0.1175,15.43
0.1180,10.53
0.1185,0.18
0.1190,11.26
0.1195,10.78
0.1200,9.50
0.1205,3.13
0.1210,0.27
0.1215,16.06
0.1220,7.58
0.1225,-1.09
0.1230,5.00
0.1235,8.34
0.1240,-3.70
0.1245,-2.58
0.1250,-5.24
0.1255,15.80
0.1260,14.32
0.1265,17.63
0.1270,16.94
0.1275,-0.33
0.1280,-1.78
0.1285,3.71
0.1290,-0.27
0.1295,4.75
0.1300,-6.08
0.1305,0.08
0.1310,10.85
0.1315,19.35
0.1320,-3.00
0.1325,2.42
0.1330,8.35
0.1335,0.86
0.1340,6.51
0.1345,-2.39
0.1350,21.59
0.1355,6.29
0.1360,-6.47
0.1365,9.41
0.1370,-4.49
0.1375,0.10
0.1380,3.68
0.1385,-0.51
0.1390,16.65
0.1395,4.59
0.1400,17.67
0.1405,9.91
0.1410,2.87
0.1415,-11.29
0.1420,9.44
0.1425,2.80
0.1430,-11.59
0.1435,7.68
0.1440,-3.16
0.1445,-1.50
0.1450,10.69
0.1455,-17.95
0.1460,4.03
0.1465,14.51
0.1470,1.93
0.1475,13.42
0.1480,-4.62
0.1485,-0.34
0.1490,15.44
0.1495,2.72
0.1500,18.71
0.1505,7.03
0.1510,15.54
0.1515,-1.44
0.1520,-14.71
0.1525,-2.14
0.1530,7.71
0.1535,6.49
0.1540,-2.53
0.1545,-0.86
0.1550,1.29
0.1555,-5.29
0.1560,8.35
0.1565,-8.56
0.1570,8.26
0.1575,-0.23
0.1580,-4.15
0.1585,5.21
0.1590,8.05
0.1595,9.39
0.1600,4.19
0.1605,17.02
0.1610,11.04
0.1615,-13.21
0.1620,-10.60
0.1625,6.51
0.1630,4.95
0.1635,14.47
0.1640,10.87
0.1645,3.07
0.1650,-12.95
0.1655,18.34
0.1660,-7.61
0.1665,-5.34
0.1670,4.86
0.1675,-3.68
0.1680,-8.03
0.1685,-3.25
0.1690,17.28
0.1695,-9.68
0.1700,-7.23
0.1705,3.65
0.1710,2.66
0.1715,-3.23
0.1720,3.59
0.1725,4.07
0.1730,-18.75
0.1735,6.49
0.1740,10.67
0.1745,-5.28
0.1750,-14.00
0.1755,-1.54
0.1760,13.00
0.1765,-3.37
0.1770,-10.68
0.1775,5.52
0.1780,-2.13
0.1785,-5.14
0.1790,0.48
0.1795,-0.83
0.1800,-0.28
0.1805,14.28
0.1810,8.22
0.1815,16.92
0.1820,2.15
0.1825,-2.99
0.1830,-0.69
0.1835,-7.05
0.1840,1.37
0.1845,-1.07
0.1850,9.08
0.1855,22.29
0.1860,-9.24
0.1865,7.59
0.1870,1.09
0.1875,-7.40
0.1880,-0.30
0.1885,-11.13
0.1890,3.94
0.1895,-13.84
0.1900,-9.99
0.1905,-6.29
0.1910,4.25
0.1915,-2.47
0.1920,-11.88
0.1925,-17.84
0.1930,6.75
0.1935,-23.37
0.1940,8.39
0.1945,-5.92
0.1950,0.18
0.1955,-8.65
0.1960,-4.54
0.1965,1.74
0.1970,-0.09
0.1975,-9.58
0.1980,-11.21
0.1985,0.46
0.1990,-3.48
0.1995,-2.09
0.2000,9.62
0.2005,-3.24
0.2010,-3.19
0.2015,0.01
0.2020,-0.87
0.2025,-6.62
0.2030,3.00
0.2035,-20.01
0.2040,-11.14
0.2045,-4.54
0.2050,-13.53
0.2055,-5.26
0.2060,-12.32
0.2065,3.53
0.2070,12.44
0.2075,-4.75
0.2080,-14.78
0.2085,3.31
0.2090,-9.10
0.2095,-9.19
0.2100,6.04
0.2105,10.91
0.2110,-7.94
0.2115,-3.27
0.2120,8.39
0.2125,-6.81
0.2130,-3.42
0.2135,-2.21
0.2140,10.20
0.2145,-9.71
0.2150,-7.85
0.2155,-14.56
0.2160,8.03
0.2165,-3.35
0.2170,-2.69
0.2175,0.39
0.2180,9.82
0.2185,-0.97
0.2190,-5.37
0.2195,-9.60
0.2200,-4.10
0.2205,3.52
0.2210,-6.40
0.2215,-2.17
0.2220,-6.26
0.2225,-8.23
0.2230,8.30
0.2235,-20.98
0.2240,1.39
0.2245,-15.70
0.2250,-15.28
0.2255,-2.17
0.2260,-5.59
0.2265,3.39
0.2270,-2.16
0.2275,-4.66
0.2280,1.68
0.2285,1.13
0.2290,-7.34
0.2295,-4.13
0.2300,-1.06
0.2305,1.17
0.2310,-6.63
0.2315,-10.47
0.2320,-2.38
0.2325,-2.42
0.2330,-12.05
0.2335,-7.68
0.2340,-9.26
0.2345,-15.35
0.2350,-3.50
0.2355,-17.24
0.2360,9.87
0.2365,-2.86
0.2370,-5.13
0.2375,-2.48
0.2380,4.70
0.2385,-3.30
0.2390,0.79
0.2395,-6.13
0.2400,-2.56
0.2405,-8.04
0.2410,-5.85
0.2415,-14.14
0.2420,-7.67
0.2425,-8.56
0.2430,-0.24
0.2435,14.40
0.2440,-1.91
0.2445,2.02
0.2450,3.76
0.2455,3.05
0.2460,-3.31
0.2465,9.93
0.2470,-4.86
0.2475,-9.96
0.2480,-3.19
0.2485,-7.87
0.2490,-4.96
0.2495,-19.00
0.2500,-8.91
0.2505,9.73
0.2510,-2.35
0.2515,-5.41
0.2520,7.03
0.2525,-2.00
0.2530,-3.03
0.2535,-2.46
0.2540,-11.35
0.2545,-2.39
0.2550,-7.92
0.2555,-10.02
0.2560,-8.95
0.2565,-9.32
0.2570,7.16
0.2575,-7.25
0.2580,-15.35
0.2585,-1.37
0.2590,-3.71
0.2595,-7.42
0.2600,5.03
0.2605,3.61
0.2610,-6.78
0.2615,-14.31
0.2620,-16.64
0.2625,-16.44
0.2630,-5.45
0.2635,7.44
0.2640,-8.89
0.2645,-13.19
0.2650,-7.52
0.2655,-3.95
0.2660,1.69
0.2665,-4.17
0.2670,2.19
0.2675,-0.32
0.2680,-12.93
0.2685,-3.74
0.2690,4.58
0.2695,-12.31
0.2700,-8.52
0.2705,-2.83
0.2710,-1.16
0.2715,-1.76
0.2720,-4.11
0.2725,0.43
0.2730,1.52
0.2735,2.00
0.2740,8.79
0.2745,-3.78
0.2750,-0.81
0.2755,-22.81
0.2760,-1.61
0.2765,-2.28
0.2770,-13.06
0.2775,14.67
0.2780,-14.03
0.2785,-6.14
0.2790,-1.83
0.2795,-18.51
0.2800,5.28
0.2805,-1.30
0.2810,13.83
0.2815,-16.51
0.2820,9.21
0.2825,10.37
0.2830,4.87
0.2835,-1.92
0.2840,-0.84
0.2845,-12.77
0.2850,4.59
0.2855,-5.97
0.2860,-2.77
0.2865,-17.00
0.2870,-1.93
0.2875,-3.62
0.2880,5.24
0.2885,-5.44
0.2890,-2.03
0.2895,-12.54
0.2900,-7.07
0.2905,-5.22
0.2910,4.55
0.2915,12.83
0.2920,0.95
0.2925,-12.78
0.2930,10.65
0.2935,-9.86
0.2940,-8.50
0.2945,-14.38
0.2950,-7.61
0.2955,-1.97
0.2960,-4.51
0.2965,4.88
0.2970,-4.58
0.2975,-12.50
0.2980,3.50
0.2985,5.74
0.2990,-11.38
0.2995,-11.48
0.3000,-11.76
0.3005,-6.06
0.3010,-0.64
0.3015,2.81
0.3020,12.09
0.3025,-8.58
0.3030,-3.97
0.3035,4.12
0.3040,3.54
0.3045,-8.82
0.3050,-3.76
0.3055,-2.13
0.3060,-15.30
0.3065,2.63
0.3070,-3.32
0.3075,-8.35
0.3080,-3.51
0.3085,-8.86
0.3090,15.82
0.3095,-10.70
0.3100,-12.21
0.3105,11.66
0.3110,35.63
0.3115,63.86
0.3120,24.99
0.3125,1.69
0.3130,-18.11
0.3135,-29.81
0.3140,-21.44
0.3145,3.47
0.3150,-16.01
0.3155,1.85
0.3160,8.76
0.3165,1.16
0.3170,-4.03
0.3175,-20.39
0.3180,3.88
0.3185,4.19
0.3190,17.99
0.3195,-6.85
0.3200,2.06
0.3205,0.96
0.3210,2.55
0.3215,8.76
0.3220,7.59
0.3225,-7.27
0.3230,7.79
0.3235,1.67
0.3240,4.89
0.3245,-13.35
0.3250,-14.03
0.3255,6.20
0.3260,-10.26
0.3265,-11.02
0.3270,11.28
0.3275,-0.88
0.3280,6.99
0.3285,-6.76
0.3290,7.10
0.3295,-8.90
0.3300,-8.25
0.3305,1.07
0.3310,9.03
0.3315,-1.87
0.3320,5.74
0.3325,1.22
0.3330,-7.70
0.3335,-3.61
0.3340,3.04
0.3345,-0.59
0.3350,-1.63
0.3355,-4.30
0.3360,-0.30
0.3365,14.89
0.3370,0.72
0.3375,1.99
0.3380,-2.15
0.3385,2.03
0.3390,3.13
0.3395,-11.06
0.3400,-1.56
0.3405,-2.18
0.3410,-0.31
0.3415,-11.78
0.3420,2.89
0.3425,-3.72
0.3430,2.46
0.3435,15.24
0.3440,0.68
0.3445,-3.30
0.3450,5.64
0.3455,-4.26
0.3460,-10.73
0.3465,-1.83
0.3470,-5.62
0.3475,4.32
0.3480,-3.37
0.3485,0.44
0.3490,0.01
0.3495,-4.15
0.3500,13.97
0.3505,-7.96
0.3510,5.10
0.3515,2.72
0.3520,-12.78
0.3525,-3.06
0.3530,4.48
0.3535,3.66
0.3540,7.00
0.3545,9.84
0.3550,-7.08
0.3555,-17.15
0.3560,9.69
0.3565,0.20
0.3570,4.43
0.3575,3.50
0.3580,8.04
0.3585,1.28
0.3590,3.57
0.3595,-2.33
0.3600,3.76
0.3605,23.04
0.3610,6.45
0.3615,7.53
0.3620,-1.31
0.3625,-0.52
0.3630,2.20
0.3635,-1.47
0.3640,-9.44
0.3645,11.16
0.3650,14.06
0.3655,5.03
0.3660,-12.16
0.3665,2.35
0.3670,-2.04
0.3675,-1.60
0.3680,3.38
0.3685,-10.51
0.3690,10.68
0.3695,-1.28
0.3700,-2.31
0.3705,0.04
0.3710,0.48
0.3715,1.76
0.3720,-7.85
0.3725,29.21
0.3730,-6.59
0.3735,5.16
0.3740,9.21
0.3745,-1.16
0.3750,8.42
0.3755,0.03
0.3760,-0.46
0.3765,6.28
0.3770,7.46
0.3775,-0.88
0.3780,-1.41
0.3785,14.91
0.3790,-1.34
0.3795,0.26
0.3800,-7.27
0.3805,17.45
0.3810,-6.80
0.3815,6.03
0.3820,-6.51
0.3825,9.98
0.3830,1.52
0.3835,16.66
0.3840,-10.17
0.3845,-4.29
0.3850,7.39
0.3855,7.23
0.3860,-8.09
0.3865,-4.05
0.3870,-5.54
0.3875,10.43
0.3880,8.82
0.3885,-4.87
0.3890,-6.73
0.3895,7.78
0.3900,4.77
0.3905,9.43
0.3910,-13.10
0.3915,2.72
0.3920,4.20
0.3925,11.55
0.3930,7.70
0.3935,16.31
0.3940,6.82
0.3945,-4.48
0.3950,4.21
0.3955,4.08
0.3960,3.08
0.3965,12.35
0.3970,13.53
0.3975,3.13
0.3980,1.99
0.3985,11.00
0.3990,-1.90
0.3995,1.80
0.4000,-5.28
0.4005,13.05
0.4010,13.84
0.4015,11.38
0.4020,-3.81
0.4025,12.75
0.4030,2.94
0.4035,3.65
0.4040,5.07
0.4045,0.14
0.4050,-0.43
0.4055,11.36
0.4060,11.85
0.4065,3.16
0.4070,2.16
0.4075,-1.81
0.4080,6.77
0.4085,14.15
0.4090,12.09
0.4095,89.22
0.4100,66.98
0.4105,37.75
0.4110,-2.73
0.4115,-18.90
0.4120,-9.35
0.4125,-11.86
0.4130,11.17
0.4135,17.63
0.4140,0.95
0.4145,10.52
0.4150,1.95
0.4155,9.02
0.4160,11.15
0.4165,-4.08
0.4170,-0.02
0.4175,7.76
0.4180,19.44
0.4185,7.08
0.4190,10.53
0.4195,-9.20
0.4200,-1.92
0.4205,18.12
0.4210,1.85
0.4215,11.93
0.4220,2.52
0.4225,0.97
0.4230,6.48
0.4235,10.35
0.4240,7.19
0.4245,11.48
0.4250,-0.85
0.4255,-2.80
0.4260,16.19
0.4265,-6.87
0.4270,-6.48
0.4275,6.98
0.4280,-0.80
0.4285,14.60
0.4290,10.64
0.4295,13.76
0.4300,3.29
0.4305,13.71
0.4310,11.15
0.4315,9.91
0.4320,15.41
0.4325,-0.55
0.4330,4.21
0.4335,-6.04
0.4340,8.54
0.4345,14.14
0.4350,-6.85
0.4355,5.44
0.4360,-16.41
0.4365,-2.35
0.4370,3.64
0.4375,3.06
0.4380,3.16
0.4385,-0.49
0.4390,10.00
0.4395,7.52
0.4400,4.88
0.4405,11.99
0.4410,-1.03
0.4415,7.69
0.4420,13.08
0.4425,-3.63
0.4430,0.80
0.4435,4.18
0.4440,4.48
0.4445,17.20
0.4450,14.40
0.4455,8.71
0.4460,-8.29
0.4465,-4.23
0.4470,4.51
0.4475,0.16
0.4480,3.61
0.4485,6.11
0.4490,6.01
0.4495,17.50
0.4500,5.40
0.4505,16.11
0.4510,8.13
0.4515,1.30
0.4520,13.65
0.4525,-2.70
0.4530,8.77
0.4535,-1.63
0.4540,16.77
0.4545,8.48
0.4550,2.04
0.4555,-1.12
0.4560,2.70
0.4565,-12.26
0.4570,-3.23
0.4575,-7.41
0.4580,-3.49
0.4585,1.17
0.4590,-0.15
0.4595,2.85
0.4600,10.85
0.4605,14.40
0.4610,7.49
0.4615,4.41
0.4620,7.81
0.4625,18.86
0.4630,-7.50
0.4635,11.56
0.4640,3.23
0.4645,-4.82
0.4650,4.45
0.4655,-5.31
0.4660,-14.78
0.4665,-15.01
0.4670,5.44
0.4675,1.91
0.4680,4.09
0.4685,9.82
0.4690,0.87
0.4695,-10.33
0.4700,5.55
0.4705,9.91
0.4710,2.81
0.4715,3.74
0.4720,-3.14
0.4725,-5.24
0.4730,-2.65
0.4735,16.87
0.4740,15.21
0.4745,1.13
0.4750,-6.46
0.4755,-12.87
0.4760,8.56
0.4765,6.82
0.4770,-7.41
0.4775,0.69
0.4780,7.03
0.4785,-2.40
0.4790,0.61
0.4795,3.03
0.4800,-5.89
0.4805,-5.98
0.4810,2.77
0.4815,6.20
0.4820,-1.22
0.4825,-6.94
0.4830,-5.24
0.4835,-4.64
0.4840,7.74
0.4845,-15.01
0.4850,0.30
0.4855,-7.70
0.4860,-5.08
0.4865,-0.51
0.4870,-6.71
0.4875,3.22
0.4880,-1.96
0.4885,8.25
0.4890,-9.71
0.4895,2.11
0.4900,-3.73
0.4905,-11.46
0.4910,-3.23
0.4915,-3.26
0.4920,-9.46
0.4925,1.48
0.4930,6.74
0.4935,2.16
0.4940,-2.76
0.4945,0.03
0.4950,-1.79
0.4955,1.35
0.4960,7.82
0.4965,-10.61
0.4970,-12.67
0.4975,2.74
0.4980,-4.32
0.4985,-17.70
0.4990,-6.34
0.4995,-6.13
0.5000,-2.84
0.5005,6.79
0.5010,-4.91
0.5015,-13.62
0.5020,-5.05
0.5025,-1.70
0.5030,0.42
0.5035,3.02
0.5040,-1.74
0.5045,-10.61
0.5050,-4.46
0.5055,14.30
0.5060,-6.68
0.5065,-14.53
0.5070,12.68
0.5075,3.84
0.5080,5.90
0.5085,0.89
0.5090,11.07
0.5095,-10.61
0.5100,-13.50
0.5105,-23.18
0.5110,-3.48
0.5115,3.04
0.5120,8.18
0.5125,-3.19
0.5130,-17.51
0.5135,-7.67
0.5140,5.44
0.5145,4.03
0.5150,-2.43
0.5155,-6.33
0.5160,7.15
0.5165,-12.76
0.5170,-9.02
0.5175,5.55
0.5180,-0.82
0.5185,-7.06
0.5190,-2.33
0.5195,7.63
0.5200,-7.96
0.5205,5.72
0.5210,15.97
0.5215,-3.26
0.5220,1.90
0.5225,-7.45
0.5230,8.96
0.5235,3.73
0.5240,-0.36
0.5245,10.64
0.5250,-7.92
0.5255,-19.35
0.5260,-5.91
0.5265,-8.31
0.5270,-17.76
0.5275,-14.64
0.5280,10.37
0.5285,-17.65
0.5290,-3.29
0.5295,1.72
0.5300,6.20
0.5305,-8.88
0.5310,-2.22
0.5315,-8.29
0.5320,-7.80
0.5325,-2.80
0.5330,4.51
0.5335,6.24
0.5340,-3.27
0.5345,3.38
0.5350,-3.77
0.5355,-4.28
0.5360,-8.82
0.5365,-10.92
0.5370,-5.31
0.5375,-1.18
0.5380,-14.22
0.5385,2.50
0.5390,-7.84
0.5395,5.97
0.5400,-1.21
0.5405,3.75
0.5410,4.35
0.5415,-17.88
0.5420,-19.13
0.5425,-3.88
0.5430,-2.78
0.5435,4.35
0.5440,5.53
0.5445,-4.54
0.5450,4.15
0.5455,-12.79
0.5460,-1.84
0.5465,-5.30
0.5470,-2.46
0.5475,-15.72
0.5480,0.86
0.5485,-3.45
0.5490,-2.48
0.5495,3.60
0.5500,1.89
0.5505,-12.53
0.5510,-2.23
0.5515,-7.05
0.5520,-3.18
0.5525,-11.80
0.5530,-2.67
0.5535,-10.60
0.5540,-8.30
0.5545,11.42
0.5550,-5.97
0.5555,3.71
0.5560,-10.68
0.5565,-15.57
0.5570,-18.85
0.5575,-7.34
0.5580,-4.72
0.5585,-6.70
0.5590,2.59
0.5595,4.71
0.5600,9.43
0.5605,6.64
0.5610,2.34
0.5615,2.89
0.5620,-12.21
0.5625,-11.75
0.5630,-4.78
0.5635,-5.81
0.5640,1.69
0.5645,-4.98
0.5650,-0.93
0.5655,-18.07
0.5660,12.91
0.5665,-12.94
0.5670,2.58
0.5675,-11.09
0.5680,-6.09
0.5685,12.80
0.5690,-14.17
0.5695,-1.68
0.5700,-14.91
0.5705,-17.88
0.5710,-5.13
0.5715,-3.86
0.5720,11.18
0.5725,2.34
0.5730,-10.01
0.5735,-0.48
0.5740,-1.42
0.5745,7.70
0.5750,-2.98
0.5755,-11.54
0.5760,5.70
0.5765,-10.44
0.5770,2.08
0.5775,3.48
0.5780,-10.28
0.5785,-7.69
0.5790,-2.31
0.5795,-22.92
0.5800,18.41
0.5805,2.49
0.5810,0.33
0.5815,-1.47
0.5820,-1.32
0.5825,-15.37
0.5830,-17.66
0.5835,5.90
0.5840,10.87
0.5845,-16.52
0.5850,-10.02
0.5855,-2.84
0.5860,-13.94
0.5865,-0.62
0.5870,2.43
0.5875,-13.00
0.5880,-3.80
0.5885,-3.00
0.5890,-2.17
0.5895,-11.01
0.5900,-6.09
0.5905,-8.07
0.5910,-8.21
0.5915,-4.54
0.5920,-8.30
0.5925,-9.30
0.5930,-16.54
0.5935,-12.65
0.5940,-2.48
0.5945,7.00
0.5950,-13.65
0.5955,1.33
0.5960,-17.68
0.5965,2.83
0.5970,-16.25
0.5975,-17.23
0.5980,-7.89
0.5985,-6.75
0.5990,-9.36
0.5995,-7.58
0.6000,-3.12
0.6005,-0.46
0.6010,-0.01
0.6015,7.20
0.6020,7.74
0.6025,-7.92
0.6030,-8.50
0.6035,2.96
0.6040,0.06
0.6045,-11.72
0.6050,-12.87
0.6055,-7.40
0.6060,-8.68
0.6065,0.17
0.6070,5.63
0.6075,5.09
0.6080,1.50
0.6085,-1.66
0.6090,-3.29
0.6095,-3.32
0.6100,8.39
0.6105,1.17
0.6110,-13.07
0.6115,-7.74
0.6120,-6.11
0.6125,-0.99
0.6130,-16.32
0.6135,3.83
0.6140,4.71
0.6145,-10.76
0.6150,-10.70
0.6155,-3.26
0.6160,-1.08
0.6165,0.51
0.6170,-1.18
0.6175,3.35
0.6180,-11.95
0.6185,-5.58
0.6190,-1.56
0.6195,6.89
0.6200,0.92
0.6205,-2.53
0.6210,-8.27
0.6215,-4.95
0.6220,0.27
0.6225,-5.75
0.6230,2.12
0.6235,0.63
0.6240,-7.02
0.6245,-8.88
0.6250,-8.42
0.6255,-7.36
0.6260,-5.03
0.6265,4.69
0.6270,3.97
0.6275,-12.77
0.6280,2.45
0.6285,-0.68
0.6290,-3.69
0.6295,4.25
0.6300,4.15
0.6305,-10.20
0.6310,-2.71
0.6315,-11.37
0.6320,-3.28
0.6325,-12.06
0.6330,-1.40
0.6335,-15.25
0.6340,-2.28
0.6345,-3.63
0.6350,-0.08
0.6355,-11.30
0.6360,8.14
0.6365,3.29
0.6370,-2.59
0.6375,8.78
0.6380,-11.98
0.6385,1.42
0.6390,-4.78
0.6395,0.61
0.6400,-10.78
0.6405,12.39
0.6410,-3.51
0.6415,-6.02
0.6420,14.65
0.6425,-3.57
0.6430,-2.58
0.6435,-10.77
0.6440,5.07
0.6445,-10.64
0.6450,-5.33
0.6455,-2.37
0.6460,16.26
0.6465,-13.21
0.6470,6.06
0.6475,4.07
0.6480,23.30
0.6485,-8.00
0.6490,-4.90
0.6495,-0.17
0.6500,10.13
0.6505,-7.78
0.6510,-14.14
0.6515,-4.33
0.6520,-5.39
0.6525,-5.86
0.6530,-5.20
0.6535,-2.14
0.6540,2.02
0.6545,-4.70
0.6550,-2.77
0.6555,10.39
0.6560,1.33
0.6565,7.72
0.6570,-11.45
0.6575,1.24
0.6580,11.83
0.6585,-12.43
0.6590,9.62
0.6595,-6.21
0.6600,5.90
0.6605,5.69
0.6610,6.70
0.6615,4.90
0.6620,-10.16
0.6625,-15.67
0.6630,4.33
0.6635,-14.23
0.6640,6.60
0.6645,2.88
0.6650,-11.26
0.6655,-18.05
0.6660,-6.20
0.6665,-18.37
0.6670,15.96
0.6675,-4.87
0.6680,-17.97
0.6685,2.17
0.6690,6.49
0.6695,16.92
0.6700,20.96
0.6705,17.76
0.6710,-2.34
0.6715,0.79
0.6720,0.37
0.6725,7.79
0.6730,15.06
0.6735,0.70
0.6740,4.87
0.6745,3.55
0.6750,-13.47
0.6755,-9.10
0.6760,5.59
0.6765,-1.64
0.6770,8.71
0.6775,11.08
0.6780,7.65
0.6785,10.07
0.6790,4.95
0.6795,-3.00
0.6800,-1.14
0.6805,5.31
0.6810,-9.20
0.6815,-7.28
0.6820,-2.85
0.6825,5.80
0.6830,1.96
0.6835,11.61
0.6840,-2.45
0.6845,-2.28
0.6850,2.45
0.6855,4.92
0.6860,-2.12
0.6865,-0.11
0.6870,3.74
0.6875,13.11
0.6880,4.60
0.6885,0.91
0.6890,6.52
0.6895,6.72
0.6900,9.27
0.6905,0.45
0.6910,7.81
0.6915,5.06
0.6920,1.10
0.6925,-5.24
0.6930,2.24
0.6935,-5.11
0.6940,1.08
0.6945,11.96
0.6950,3.39
0.6955,4.79
0.6960,19.90
0.6965,-4.09
0.6970,-1.62
0.6975,4.44
0.6980,2.86
0.6985,-1.18
0.6990,4.83
0.6995,-4.42
0.7000,12.84
0.7005,11.05
0.7010,12.43
0.7015,12.88
0.7020,3.35
0.7025,12.97
0.7030,13.25
0.7035,12.81
0.7040,-7.08
0.7045,5.00
0.7050,1.18
0.7055,4.63
0.7060,0.06
0.7065,-1.50
0.7070,0.74
0.7075,14.05
0.7080,10.10
0.7085,6.52
0.7090,6.16
0.7095,7.28
0.7100,-16.21
0.7105,10.57
0.7110,2.73
0.7115,10.96
0.7120,-6.32
0.7125,5.64
0.7130,-10.79
0.7135,6.01
0.7140,-0.53
0.7145,14.30
0.7150,9.74
0.7155,6.08
0.7160,14.33
0.7165,5.69
0.7170,-0.55
0.7175,-2.23
0.7180,4.31
0.7185,17.22
0.7190,6.19
0.7195,1.58
0.7200,-4.83
0.7205,7.33
0.7210,-2.10
0.7215,18.42
0.7220,9.66
0.7225,-1.76
0.7230,6.09
0.7235,3.78
0.7240,-6.33
0.7245,6.94
0.7250,14.19
0.7255,-7.46
0.7260,13.00
0.7265,-1.30
0.7270,1.99
0.7275,6.67
0.7280,10.23
0.7285,-15.61
0.7290,5.45
0.7295,-0.79
0.7300,4.84
0.7305,11.71
0.7310,-8.79
0.7315,6.45
0.7320,-11.52
0.7325,-0.99
0.7330,-5.46
0.7335,-7.34
0.7340,-3.86
0.7345,2.73
0.7350,9.91
0.7355,-0.60
0.7360,0.79
0.7365,8.71
0.7370,7.57
0.7375,4.97
0.7380,5.61
0.7385,11.67
0.7390,-1.49
0.7395,11.85
0.7400,-0.65
0.7405,-2.40
0.7410,-1.75
0.7415,5.40
0.7420,6.51
0.7425,3.06
0.7430,4.98
0.7435,7.62
0.7440,10.88
0.7445,26.02
0.7450,-2.03
0.7455,8.08
0.7460,10.65
0.7465,7.69
0.7470,6.74
0.7475,13.23
0.7480,-3.35
0.7485,7.34
0.7490,7.39
0.7495,-5.01
0.7500,5.93
0.7505,13.10
0.7510,-3.99
0.7515,-13.33
0.7520,7.76
0.7525,13.40
0.7530,-1.55
0.7535,-11.24
0.7540,5.36
0.7545,-1.00
0.7550,8.86
0.7555,-0.77
0.7560,5.73
0.7565,6.57
0.7570,-4.39
0.7575,6.50
0.7580,8.94
0.7585,4.81
0.7590,9.23
0.7595,-0.09
0.7600,-6.70
0.7605,11.18
0.7610,-4.34
0.7615,7.83
0.7620,9.23
0.7625,-2.48
0.7630,-14.98
0.7635,0.92
0.7640,4.89
0.7645,12.29
0.7650,1.25
0.7655,2.22
0.7660,0.06
0.7665,14.30
0.7670,10.93
0.7675,8.60
0.7680,2.88
0.7685,8.33
0.7690,16.52
0.7695,-8.09
0.7700,12.90
0.7705,7.73
0.7710,12.76
0.7715,-5.38
0.7720,-5.19
0.7725,6.74
0.7730,2.43
0.7735,1.36
0.7740,8.32
0.7745,5.98
0.7750,-3.18
0.7755,-10.23
0.7760,4.68
0.7765,6.22
0.7770,10.45
0.7775,-13.54
0.7780,6.16
0.7785,8.09
0.7790,14.99
0.7795,1.85
0.7800,3.72
0.7805,-4.47
0.7810,6.29
0.7815,3.96
0.7820,18.53
0.7825,7.83
0.7830,12.10
0.7835,-6.19
0.7840,-3.74
0.7845,15.62
0.7850,4.70
0.7855,16.19
0.7860,-2.51
0.7865,19.07
0.7870,-1.07
0.7875,3.88
0.7880,6.49
0.7885,-2.45
0.7890,3.57
0.7895,7.05
0.7900,2.56
0.7905,-2.95
0.7910,17.76
0.7915,-5.63
0.7920,3.88
0.7925,7.05
0.7930,-3.00
0.7935,6.61
0.7940,-2.08
0.7945,4.29
0.7950,-11.59
0.7955,0.61
0.7960,-8.59
0.7965,1.13
0.7970,6.44
0.7975,4.63
0.7980,-3.76
0.7985,1.21
0.7990,7.71
0.7995,6.24
0.8000,-15.69
0.8005,10.72
0.8010,7.65
0.8015,-5.00
0.8020,12.52
0.8025,6.47
0.8030,9.25
0.8035,8.02
0.8040,11.96
0.8045,16.67
0.8050,-7.96
0.8055,1.86
0.8060,-1.06
0.8065,1.31
0.8070,-4.05
0.8075,3.50
0.8080,-1.80
0.8085,4.12
0.8090,7.75
0.8095,3.38
0.8100,-3.79
0.8105,13.99
0.8110,-10.25
0.8115,9.59
0.8120,2.31
0.8125,-3.39
0.8130,-9.78
0.8135,3.78
0.8140,3.16
0.8145,-2.53
0.8150,3.54
0.8155,-9.39
0.8160,4.28
0.8165,4.99
0.8170,9.17
0.8175,13.13
0.8180,-0.83
0.8185,19.46
0.8190,-15.57
0.8195,-3.35
0.8200,-4.32
0.8205,-20.52
0.8210,2.97
0.8215,6.86
0.8220,4.98
0.8225,2.55
0.8230,3.87
0.8235,-3.88
0.8240,-0.18
0.8245,2.86
0.8250,9.92
0.8255,5.19
0.8260,-1.10
0.8265,-2.21
0.8270,-1.63
0.8275,-1.49
0.8280,13.42
0.8285,5.03
0.8290,-0.74
0.8295,2.05
0.8300,-2.15
0.8305,-1.84
0.8310,-3.25
0.8315,-6.23
0.8320,0.06
0.8325,-5.88
0.8330,7.08
0.8335,-18.94
0.8340,-2.58
0.8345,8.08
0.8350,5.70
0.8355,-2.63
0.8360,1.72
0.8365,4.09
0.8370,9.83
0.8375,2.10
0.8380,-0.14
0.8385,12.49
0.8390,12.93
0.8395,-2.62
0.8400,1.48
0.8405,-1.57
0.8410,-3.75
0.8415,3.47
0.8420,5.15
0.8425,-2.45
0.8430,-12.76
0.8435,-8.69
0.8440,-9.82
0.8445,-1.62
0.8450,9.60
0.8455,0.25
0.8460,-3.01
0.8465,-0.86
0.8470,-0.68
0.8475,7.43
0.8480,-2.17
0.8485,-0.82
0.8490,5.76
0.8495,-2.63
0.8500,-8.95
0.8505,12.07
0.8510,9.25
0.8515,-0.40
0.8520,-5.46
0.8525,-8.98
0.8530,-12.20
0.8535,3.36
0.8540,10.35
0.8545,1.64
0.8550,-1.92
0.8555,-15.21
0.8560,-11.08
0.8565,-10.52
0.8570,0.68
0.8575,7.72
0.8580,-10.74
0.8585,-3.88
0.8590,9.18
0.8595,16.13
0.8600,0.65
0.8605,-9.40
0.8610,-12.17
0.8615,0.79
0.8620,10.41
0.8625,-3.64
0.8630,-2.86
0.8635,-3.20
0.8640,-2.06
0.8645,6.52
0.8650,-4.20
0.8655,3.10
0.8660,-0.40
0.8665,8.36
0.8670,-7.15
0.8675,-8.30
0.8680,0.28
0.8685,-18.52
0.8690,-7.23
0.8695,-9.92
0.8700,-7.27
0.8705,2.47
0.8710,-6.09
0.8715,-7.70
0.8720,-9.10
0.8725,-13.19
0.8730,-2.43
0.8735,0.15
0.8740,-2.43
0.8745,11.06
0.8750,-15.33
0.8755,-13.58
0.8760,-11.44
0.8765,-7.09
0.8770,2.60
0.8775,-0.62
0.8780,-7.27
0.8785,-1.45
0.8790,-3.09
0.8795,-1.19
0.8800,-20.06
0.8805,-5.53
0.8810,-1.05
0.8815,8.19
0.8820,-18.94
0.8825,-16.89
0.8830,-13.62
0.8835,-15.69
0.8840,0.48
0.8845,-0.25
0.8850,-5.18
0.8855,9.63
0.8860,-9.49
0.8865,-6.75
0.8870,-19.46
0.8875,-16.50
0.8880,8.13
0.8885,-5.90
0.8890,-3.54
0.8895,-3.59
0.8900,-4.41
0.8905,-2.46
0.8910,5.64
0.8915,8.92
0.8920,-10.43
0.8925,-6.80
0.8930,-8.48
0.8935,1.00
0.8940,-8.96
0.8945,-14.53
0.8950,-1.01
0.8955,-10.63
0.8960,-11.19
0.8965,-14.21
0.8970,-14.60
0.8975,-8.19
0.8980,-14.10
0.8985,6.09
0.8990,-1.75
0.8995,-8.68
0.9000,-7.71
0.9005,-1.96
0.9010,-9.98
0.9015,-2.07
0.9020,-8.33
0.9025,6.70
0.9030,-8.43
0.9035,-10.98
0.9040,-14.37
0.9045,-16.69
0.9050,-1.79
0.9055,-6.95
0.9060,-5.62
0.9065,-11.94
0.9070,-4.98
0.9075,1.27
0.9080,-3.47
0.9085,-16.98
0.9090,-11.58
0.9095,-7.01
0.9100,-10.66
0.9105,9.10
0.9110,-4.35
0.9115,-7.64
0.9120,-1.80
0.9125,-4.68
0.9130,-5.91
0.9135,-15.33
0.9140,-10.21
0.9145,-5.31
0.9150,1.91
0.9155,0.16
0.9160,-11.42
0.9165,-14.89
0.9170,14.03
0.9175,1.30
0.9180,3.22
0.9185,-10.59
0.9190,-11.42
0.9195,-10.99
0.9200,2.43
0.9205,-9.92
0.9210,-4.45
0.9215,-5.29
0.9220,-13.87
0.9225,-17.61
0.9230,-2.41
0.9235,11.01
0.9240,-16.59
0.9245,-3.73
0.9250,-0.45
0.9255,-6.81
0.9260,-4.70
0.9265,5.61
0.9270,3.33
0.9275,-1.01
0.9280,-6.98
0.9285,-19.36
0.9290,-12.48
0.9295,-12.46
0.9300,-9.96
0.9305,-5.26
0.9310,-9.81
0.9315,-0.64
0.9320,-0.64
0.9325,-0.41
0.9330,-9.38
0.9335,-12.31
0.9340,6.87
0.9345,-21.45
0.9350,5.55
0.9355,-10.09
0.9360,-3.24
0.9365,-4.95
0.9370,-8.08
0.9375,-1.37
0.9380,-15.47
0.9385,-4.95
0.9390,-21.60
0.9395,-9.90
0.9400,-8.78
0.9405,-12.53
0.9410,-3.12
0.9415,-9.19
0.9420,-14.93
0.9425,-10.17
0.9430,-8.96
0.9435,1.73
0.9440,-5.28
0.9445,0.91
0.9450,4.01
0.9455,-11.41
0.9460,-4.51
0.9465,-17.00
0.9470,9.72
0.9475,-8.52
0.9480,-9.36
0.9485,-1.37
0.9490,-4.58
0.9495,5.24
0.9500,-19.84
0.9505,-6.53
0.9510,-10.85
0.9515,-7.55
0.9520,3.98
0.9525,-14.39
0.9530,-13.59
0.9535,-4.50
0.9540,2.43
0.9545,-4.41
0.9550,4.05
0.9555,-8.30
0.9560,5.55
0.9565,-7.27
0.9570,-3.40
0.9575,-5.97
0.9580,-4.31
0.9585,-10.56
0.9590,4.18
0.9595,0.27
0.9600,-8.97
0.9605,-1.87
0.9610,-8.02
0.9615,-19.29
0.9620,-1.46
0.9625,-13.43
0.9630,-0.87
0.9635,0.05
0.9640,-5.62
0.9645,-6.19
0.9650,4.72
0.9655,-6.36
0.9660,-2.98
0.9665,6.07
0.9670,-7.60
0.9675,-11.73
0.9680,-13.89
0.9685,5.46
0.9690,-17.79
0.9695,-4.83
0.9700,3.89
0.9705,6.74
0.9710,-1.32
0.9715,-8.90
0.9720,-20.83
0.9725,0.31
0.9730,9.58
0.9735,-17.63
0.9740,-8.27
0.9745,-4.00
0.9750,-7.39
0.9755,4.85
0.9760,6.38
0.9765,-10.94
0.9770,-5.40
0.9775,-2.35
0.9780,12.29
0.9785,-3.44
0.9790,-0.11
0.9795,-13.90
0.9800,-1.64
0.9805,15.13
0.9810,-4.19
0.9815,-2.43
0.9820,-5.48
0.9825,-3.94
0.9830,-0.17
0.9835,4.36
0.9840,-12.00
0.9845,-13.77
0.9850,7.38
0.9855,9.19
0.9860,6.00
0.9865,-10.30
0.9870,-3.08
0.9875,-2.98
0.9880,-13.06
0.9885,3.91
0.9890,-2.88
0.9895,-1.21
0.9900,-9.61
0.9905,3.59
0.9910,-6.85
0.9915,-8.10
0.9920,-14.89
0.9925,-9.06
0.9930,-6.89
0.9935,-4.84
0.9940,2.26
0.9945,-9.91
0.9950,-9.99
0.9955,5.76
0.9960,3.44
0.9965,-9.23
0.9970,-4.18
0.9975,-6.57
0.9980,-11.45
0.9985,10.12
0.9990,3.61
0.9995,-12.96
1.0000,4.55
1.0005,-0.15
1.0010,-5.75
1.0015,-6.44
1.0020,-9.02
1.0025,1.17
1.0030,7.86
1.0035,-4.85
1.0040,-1.02
1.0045,-5.77
1.0050,3.96
1.0055,11.01
1.0060,-9.34
1.0065,-4.71
1.0070,-2.57
1.0075,-2.02
1.0080,-11.46
1.0085,-6.06
1.0090,1.87
1.0095,-6.19
1.0100,4.67
1.0105,1.11
1.0110,9.43
1.0115,-3.29
1.0120,-13.66
1.0125,-7.84
1.0130,3.24
1.0135,3.29
1.0140,-6.77
1.0145,-12.07
1.0150,10.29
1.0155,-4.91
1.0160,-5.64
1.0165,21.04
1.0170,-8.59
1.0175,12.30
1.0180,5.23
1.0185,3.82
1.0190,-4.56
1.0195,4.86
1.0200,-4.07
1.0205,12.44
1.0210,-10.93
1.0215,16.25
1.0220,3.97
1.0225,5.68
1.0230,-5.96
1.0235,3.19
1.0240,-1.25
1.0245,9.93
1.0250,5.35
1.0255,-6.10
1.0260,-2.30
1.0265,1.33
1.0270,3.36
1.0275,8.03
1.0280,0.33
1.0285,-0.71
1.0290,-3.23
1.0295,3.40
1.0300,-7.09
1.0305,13.95
1.0310,-4.16
1.0315,12.61
1.0320,83.94
1.0325,41.85
1.0330,18.59
1.0335,-8.55
1.0340,-25.21
1.0345,-10.71
1.0350,-1.16
1.0355,-0.42
1.0360,7.50
1.0365,5.65
1.0370,5.36
1.0375,3.74
1.0380,8.36
1.0385,4.59
1.0390,6.91
1.0395,-9.06
1.0400,1.78
1.0405,5.38
1.0410,-9.12
1.0415,-0.28
1.0420,11.95
1.0425,-12.21
1.0430,6.23
1.0435,4.55
1.0440,7.17
1.0445,-3.36
1.0450,-5.08
1.0455,10.77
1.0460,-0.82
1.0465,6.90
1.0470,7.32
1.0475,-5.63
1.0480,-11.64
1.0485,5.59
1.0490,2.47
1.0495,7.60
1.0500,10.39
1.0505,-13.66
1.0510,-2.50
1.0515,-9.45
1.0520,2.03
1.0525,8.88
1.0530,13.81
1.0535,3.83
1.0540,-8.92
1.0545,7.54
1.0550,11.12
1.0555,7.51
1.0560,56.44
1.0565,53.85
1.0570,36.54
1.0575,0.30
1.0580,-15.54
1.0585,-12.06
1.0590,-6.31
1.0595,5.31
1.0600,0.75
1.0605,-7.79
1.0610,4.91
1.0615,6.46
1.0620,6.59
1.0625,-12.05
1.0630,-6.06
1.0635,5.12
1.0640,9.02
1.0645,18.32
1.0650,16.22
1.0655,0.37
1.0660,8.21
1.0665,-9.48
1.0670,14.25
1.0675,10.18
1.0680,-6.18
1.0685,-2.32
1.0690,10.37
1.0695,3.64
1.0700,0.78
1.0705,9.78
1.0710,4.89
1.0715,-1.05
1.0720,9.36
1.0725,-0.08
1.0730,8.31
1.0735,-3.68
1.0740,1.09
1.0745,5.03
1.0750,-5.53
1.0755,13.37
1.0760,15.64
1.0765,2.45
1.0770,0.93
1.0775,-6.56
1.0780,0.99
1.0785,4.73
1.0790,10.32
1.0795,11.06
1.0800,0.48
1.0805,15.59
1.0810,-1.49
1.0815,-0.20
1.0820,3.32
1.0825,7.76
1.0830,-4.72
1.0835,12.64
1.0840,6.14
1.0845,10.14
1.0850,19.54
1.0855,-6.65
1.0860,19.35
1.0865,6.11
1.0870,11.98
1.0875,7.76
1.0880,13.92
1.0885,18.12
1.0890,3.16
1.0895,20.23
1.0900,2.78
1.0905,1.44
1.0910,23.28
1.0915,11.91
1.0920,19.36
1.0925,3.49
1.0930,-7.05
1.0935,-1.01
1.0940,-7.74
1.0945,5.19
1.0950,-10.58
1.0955,10.91
1.0960,-1.06
1.0965,-3.78
1.0970,7.23
1.0975,4.57
1.0980,-4.01
1.0985,-0.60
1.0990,11.82
1.0995,6.08
1.1000,8.25
1.1005,4.68
1.1010,-3.15
1.1015,-15.73
1.1020,5.77
1.1025,8.34
1.1030,14.07
1.1035,13.28
1.1040,11.85
1.1045,10.36
1.1050,16.42
1.1055,-7.41
1.1060,-3.26
1.1065,3.10
1.1070,11.61
1.1075,8.84
1.1080,6.43
1.1085,-2.85
1.1090,6.61
1.1095,3.20
1.1100,-8.03
1.1105,12.76
1.1110,0.40
1.1115,7.01
1.1120,1.74
1.1125,0.35
1.1130,1.77
1.1135,-2.03
1.1140,9.15
1.1145,5.75
1.1150,11.59
1.1155,3.67
1.1160,4.68
1.1165,5.64
1.1170,7.51
1.1175,12.51
1.1180,11.83
1.1185,13.05
1.1190,2.17
1.1195,-0.87
1.1200,-1.61
1.1205,13.15
1.1210,-1.80
1.1215,6.44
1.1220,4.36
1.1225,-5.17
1.1230,17.17
1.1235,1.14
1.1240,1.59
1.1245,-2.06
1.1250,5.71
1.1255,12.91
1.1260,15.34
1.1265,8.71
1.1270,17.07
1.1275,-10.51
1.1280,7.69
1.1285,-8.24
1.1290,16.28
1.1295,-0.58
1.1300,-3.49
1.1305,0.50
1.1310,8.13
1.1315,-8.62
1.1320,0.36
1.1325,-5.95
1.1330,-1.80
1.1335,1.88
1.1340,-5.67
1.1345,3.41
1.1350,-0.39
1.1355,4.00
1.1360,2.77
1.1365,10.23
1.1370,0.29
1.1375,1.00
1.1380,-0.71
1.1385,8.86
1.1390,11.06
1.1395,-1.41
1.1400,7.71
1.1405,-1.43
1.1410,-4.45
1.1415,-8.72
1.1420,2.65
1.1425,3.92
1.1430,-0.79
1.1435,15.76
1.1440,-2.48
1.1445,-1.88
1.1450,4.97
1.1455,-13.64
1.1460,15.56
1.1465,13.53
1.1470,4.17
1.1475,0.12
1.1480,11.57
1.1485,8.16
1.1490,7.20
1.1495,1.25
1.1500,4.82
1.1505,-9.69
1.1510,-2.82
1.1515,4.53
1.1520,8.35
1.1525,9.57
1.1530,14.39
1.1535,2.90
1.1540,-4.05
1.1545,10.61
1.1550,-1.49
1.1555,-3.15
1.1560,-4.28
1.1565,67.13
1.1570,66.73
1.1575,35.20
1.1580,-17.31
1.1585,-12.40
1.1590,-24.74
1.1595,-23.70
1.1600,-3.80
1.1605,4.88
1.1610,10.47
1.1615,4.24
1.1620,-1.56
1.1625,-3.44
1.1630,-3.22
1.1635,7.48
1.1640,11.06
1.1645,-7.75
1.1650,16.14
1.1655,-9.34
1.1660,4.51
1.1665,-2.06
1.1670,-7.68
1.1675,0.96
1.1680,-16.95
1.1685,10.41
1.1690,17.97
1.1695,-5.36
1.1700,0.13
1.1705,-18.80
1.1710,3.16
1.1715,3.00
1.1720,-8.72
1.1725,9.56
1.1730,-2.22
1.1735,11.27
1.1740,-11.90
1.1745,-5.44
1.1750,2.74
1.1755,2.64
1.1760,-3.99
1.1765,6.48
1.1770,-7.04
1.1775,-6.97
1.1780,-10.10
1.1785,7.96
1.1790,-6.09
1.1795,-6.21
1.1800,-0.18
1.1805,2.88
1.1810,2.25
1.1815,6.03
1.1820,9.30
1.1825,-15.43
1.1830,1.32
1.1835,0.23
1.1840,5.54
1.1845,2.75
1.1850,3.37
1.1855,-9.64
1.1860,7.39
1.1865,-9.47
1.1870,-0.33
1.1875,-2.79
1.1880,-0.21
1.1885,-9.76
1.1890,11.09
1.1895,5.60
1.1900,4.26
1.1905,-5.53
1.1910,3.85
1.1915,-3.92
1.1920,9.95
1.1925,-3.25
1.1930,-2.69
1.1935,-5.68
1.1940,-6.01
1.1945,-4.44
1.1950,-6.73
1.1955,-4.24
1.1960,-7.63
1.1965,-2.74
1.1970,1.49
1.1975,-2.01
1.1980,-6.65
1.1985,8.52
1.1990,2.01
1.1995,-1.51
1.2000,-7.30
1.2005,0.33
1.2010,-4.70
1.2015,1.71
1.2020,-5.82
1.2025,-2.87
1.2030,-19.11
1.2035,-14.73
1.2040,-7.95
1.2045,-11.43
1.2050,3.21
1.2055,-13.03
1.2060,-4.17
1.2065,2.12
1.2070,-10.63
1.2075,-11.33
1.2080,-15.78
1.2085,6.54
1.2090,0.24
1.2095,21.72
1.2100,15.39
1.2105,3.75
1.2110,3.43
1.2115,10.11
1.2120,14.80
1.2125,6.94
1.2130,-9.99
1.2135,-2.87
1.2140,0.86
1.2145,-10.27
1.2150,5.27
1.2155,-10.00
1.2160,4.93
1.2165,7.01
1.2170,-5.41
1.2175,4.35
1.2180,0.50
1.2185,-6.78
1.2190,16.04
1.2195,-0.01
1.2200,-0.05
1.2205,-5.28
1.2210,2.49
1.2215,9.54
1.2220,-9.51
1.2225,1.79
1.2230,4.76
1.2235,9.11
1.2240,-3.66
1.2245,-7.18
1.2250,-8.15
1.2255,-6.83
1.2260,-4.98
1.2265,-15.08
1.2270,-9.17
1.2275,-9.68
1.2280,-0.80
1.2285,-7.80
1.2290,-5.83
1.2295,-2.83
1.2300,-3.97
1.2305,-2.16
1.2310,-5.73
1.2315,-14.14
1.2320,-0.54
1.2325,5.19
1.2330,-0.70
1.2335,-13.89
1.2340,-14.23
1.2345,-22.59
1.2350,-13.21
1.2355,-1.49
1.2360,-5.11
1.2365,0.10
1.2370,-16.49
1.2375,3.00
1.2380,-8.24
1.2385,-2.77
1.2390,-2.30
1.2395,2.07
1.2400,-24.38
1.2405,-0.67
1.2410,-9.37
1.2415,-3.13
1.2420,-12.61
1.2425,5.67
1.2430,-1.52
1.2435,4.32
1.2440,-25.53
1.2445,-1.39
1.2450,-10.01
1.2455,-4.66
1.2460,-8.06
1.2465,-13.73
1.2470,-3.36
1.2475,-5.44
1.2480,0.23
1.2485,-8.31
1.2490,-4.28
1.2495,-11.76
1.2500,-0.00
1.2505,-3.65
1.2510,-6.97
1.2515,7.84
1.2520,-13.33
1.2525,-10.32
1.2530,1.41
1.2535,5.69
1.2540,-13.45
1.2545,-5.73
1.2550,-15.78
1.2555,-8.65
1.2560,6.31
1.2565,-7.39
1.2570,-24.47
1.2575,-2.86
1.2580,13.90
1.2585,-6.08
1.2590,-9.44
1.2595,4.44
1.2600,-8.90
1.2605,4.67
1.2610,-11.13
1.2615,0.57
1.2620,-10.42
1.2625,-9.78
1.2630,-2.42
1.2635,0.92
1.2640,-3.88
1.2645,-16.57
1.2650,-9.19
1.2655,-7.28
1.2660,-0.57
1.2665,3.57
1.2670,3.87
1.2675,-8.82
1.2680,-16.54
1.2685,10.57
1.2690,-12.50
1.2695,-7.26
1.2700,-20.31
1.2705,-4.32
1.2710,5.78
1.2715,-11.05
1.2720,3.01
1.2725,-7.26
1.2730,-11.02
1.2735,0.70
1.2740,-18.81
1.2745,2.69
1.2750,-2.53
1.2755,-4.92
1.2760,-2.49
1.2765,-14.43
1.2770,-3.65
1.2775,-2.26
1.2780,-5.37
1.2785,-4.52
1.2790,0.10
1.2795,-15.18
1.2800,-16.54
1.2805,-15.25
1.2810,-5.86
1.2815,-8.72
1.2820,2.72
1.2825,-12.87
1.2830,4.30
1.2835,-0.34
1.2840,-3.11
1.2845,-6.49
1.2850,-1.35
1.2855,-9.33
1.2860,-6.85
1.2865,-1.10
1.2870,-5.97
1.2875,6.29
1.2880,-8.22
1.2885,-2.78
1.2890,-8.51
1.2895,1.19
1.2900,-8.01
1.2905,-5.24
1.2910,4.76
1.2915,-2.80
1.2920,-1.25
1.2925,-17.81
1.2930,-0.42
1.2935,-10.28
1.2940,-5.08
1.2945,-5.54
1.2950,-6.55
1.2955,1.40
1.2960,-6.22
1.2965,0.03
1.2970,-1.54
1.2975,-0.38
1.2980,12.03
1.2985,-2.66
1.2990,-1.02
1.2995,-3.85
1.3000,0.90
1.3005,-7.93
1.3010,9.87
1.3015,-3.22
1.3020,-7.12
1.3025,0.59
1.3030,8.06
1.3035,-4.94
1.3040,-9.98
1.3045,5.83
1.3050,5.60
1.3055,5.04
1.3060,-16.38
1.3065,5.44
1.3070,-0.07
1.3075,-1.08
1.3080,1.88
1.3085,1.24
1.3090,1.34
1.3095,4.00
1.3100,2.79
1.3105,-13.10
1.3110,8.14
1.3115,-5.22
1.3120,-5.87
1.3125,11.41
1.3130,3.58
1.3135,-7.55
1.3140,-14.71
1.3145,-17.22
1.3150,-2.60
1.3155,-7.69
1.3160,-1.48
1.3165,6.50
1.3170,1.59
1.3175,-0.20
1.3180,2.93
1.3185,-2.28
1.3190,9.82
1.3195,-14.01
1.3200,-8.34
1.3205,-2.89
1.3210,-2.07
1.3215,6.60
1.3220,11.94
1.3225,-5.85
1.3230,-18.96
1.3235,-5.32
1.3240,2.40
1.3245,-3.07
1.3250,3.73
1.3255,6.21
1.3260,9.25
1.3265,22.77
1.3270,2.11
1.3275,5.12
1.3280,1.35
1.3285,-1.21
1.3290,-7.21
1.3295,-11.67
1.3300,4.67
1.3305,1.30
1.3310,-17.89
1.3315,-10.97
1.3320,-7.74
1.3325,-13.84
1.3330,-9.88
1.3335,6.98
1.3340,6.13
1.3345,0.06
1.3350,-2.45
1.3355,13.36
1.3360,-5.93
1.3365,9.27
1.3370,5.53
1.3375,-10.84
1.3380,-4.86
1.3385,3.46
1.3390,15.73
1.3395,-2.67
1.3400,-5.71
1.3405,6.40
1.3410,11.24
1.3415,3.73
1.3420,3.73
1.3425,12.03
1.3430,-9.91
1.3435,-15.36
1.3440,0.31
1.3445,7.24
1.3450,-0.14
1.3455,8.90
1.3460,-1.03
1.3465,-0.37
1.3470,0.74
1.3475,0.57
1.3480,7.33
1.3485,2.40
1.3490,4.97
1.3495,15.25
1.3500,-0.50
1.3505,-3.26
1.3510,8.77
1.3515,5.11
1.3520,-1.55
1.3525,14.64
1.3530,-1.05
1.3535,7.20
1.3540,-0.99
1.3545,8.35
1.3550,9.54
1.3555,4.26
1.3560,17.30
1.3565,-3.73
1.3570,15.52
1.3575,1.64
1.3580,0.96
1.3585,8.57
1.3590,3.16
1.3595,-4.94
1.3600,5.77
1.3605,10.59
1.3610,13.99
1.3615,1.61
1.3620,-9.41
1.3625,-0.49
1.3630,11.21
1.3635,-6.74
1.3640,7.53
1.3645,3.07
1.3650,-1.67
1.3655,-6.43
1.3660,3.82
1.3665,-8.20
1.3670,-1.93
1.3675,5.45
1.3680,2.08
1.3685,7.54
1.3690,5.31
1.3695,-12.44
1.3700,6.60
1.3705,16.61
1.3710,-5.46
1.3715,8.30
1.3720,-2.67
1.3725,3.97
1.3730,-8.89
1.3735,10.25
1.3740,10.62
1.3745,-4.17
1.3750,-1.63
1.3755,19.68
1.3760,-5.77
1.3765,-4.82
1.3770,-10.41
1.3775,-2.50
1.3780,9.69
1.3785,-10.82
1.3790,10.21
1.3795,0.15
1.3800,11.16
1.3805,-4.98
1.3810,3.35
1.3815,4.37
1.3820,2.90
1.3825,0.14
1.3830,-6.76
1.3835,-12.91
1.3840,10.49
1.3845,8.29
1.3850,3.26
1.3855,-1.20
1.3860,9.31
1.3865,13.87
1.3870,9.69
1.3875,9.17
1.3880,-7.60
1.3885,-4.89
1.3890,-3.17
1.3895,6.25
1.3900,9.84
1.3905,1.21
1.3910,-10.73
1.3915,4.04
1.3920,17.96
1.3925,5.72
1.3930,4.06
1.3935,-6.75
1.3940,-3.69
1.3945,5.96
1.3950,14.12
1.3955,17.36
1.3960,8.01
1.3965,16.14
1.3970,4.70
1.3975,6.82
1.3980,11.70
1.3985,12.28
1.3990,1.21
1.3995,-7.83
1.4000,2.11
1.4005,4.69
1.4010,0.02
1.4015,3.65
1.4020,10.99
1.4025,11.21
1.4030,4.60
1.4035,12.90
1.4040,20.78
1.4045,23.34
1.4050,-6.10
1.4055,10.65
1.4060,-6.51
1.4065,20.55
1.4070,0.46
1.4075,4.98
1.4080,4.93
1.4085,-3.02
1.4090,10.97
1.4095,2.45
1.4100,7.30
1.4105,0.20
1.4110,16.70
1.4115,-5.27
1.4120,9.20
1.4125,1.89
1.4130,2.15
1.4135,2.79
1.4140,7.40
1.4145,17.57
1.4150,9.74
1.4155,9.44
1.4160,14.44
1.4165,-3.45
1.4170,-2.94
1.4175,2.77
1.4180,12.75
1.4185,-6.48
1.4190,-2.05
1.4195,0.06
1.4200,7.58
1.4205,-2.58
1.4210,11.27
1.4215,24.74
1.4220,4.51
1.4225,15.06
1.4230,8.21
1.4235,-5.02
1.4240,3.15
1.4245,-5.44
1.4250,12.21
1.4255,-11.53
1.4260,16.26
1.4265,24.61
1.4270,8.30
1.4275,10.16
1.4280,11.38
1.4285,0.30
1.4290,15.04
1.4295,6.53
1.4300,3.60
1.4305,-0.50
1.4310,-8.86
1.4315,-4.26
1.4320,1.04
1.4325,-5.93
1.4330,11.79
1.4335,1.40
1.4340,20.22
1.4345,-4.02
1.4350,4.11
1.4355,10.53
1.4360,9.86
1.4365,12.58
1.4370,-4.55
1.4375,0.44
1.4380,9.02
1.4385,9.54
1.4390,15.03
1.4395,-9.50
1.4400,0.93
1.4405,-0.01
1.4410,1.12
1.4415,-2.84
1.4420,13.22
1.4425,-2.83
1.4430,-10.80
1.4435,14.43
1.4440,4.25
1.4445,-3.47
1.4450,8.83
1.4455,21.63
1.4460,4.40
1.4465,13.68
1.4470,-3.69
1.4475,0.18
1.4480,-15.38
1.4485,2.58
1.4490,11.11
1.4495,0.90
1.4500,14.87
1.4505,-5.37
1.4510,17.60
1.4515,-0.69
1.4520,12.83
1.4525,4.40
1.4530,14.10
1.4535,-14.04
1.4540,10.01
1.4545,-2.97
1.4550,2.06
1.4555,12.93
1.4560,-2.01
1.4565,4.09
1.4570,0.54
1.4575,13.16
1.4580,-0.59
1.4585,8.28
1.4590,-9.39
1.4595,-7.96
1.4600,17.28
1.4605,10.00
1.4610,16.06
1.4615,8.59
1.4620,-4.49
1.4625,-6.00
1.4630,2.99
1.4635,2.34
1.4640,-6.81
1.4645,16.27
1.4650,9.74
1.4655,2.05
1.4660,-7.71
1.4665,-6.56
1.4670,8.81
1.4675,-8.27
1.4680,7.24
1.4685,-4.73
1.4690,1.52
1.4695,1.28
1.4700,-15.76
1.4705,12.88
1.4710,3.52
1.4715,-0.41
1.4720,9.48
1.4725,-4.17
1.4730,-11.53
1.4735,5.64
1.4740,1.93
1.4745,7.75
1.4750,11.31
1.4755,9.96
1.4760,-8.85
1.4765,-3.12
1.4770,-3.54
1.4775,-0.76
1.4780,11.59
1.4785,3.62
1.4790,-7.79
1.4795,6.94
1.4800,-3.57
1.4805,0.80
1.4810,18.26
1.4815,-8.61
1.4820,-0.78
1.4825,-15.53
1.4830,14.51
1.4835,-4.28
1.4840,-3.68
1.4845,-0.16
1.4850,15.80
1.4855,0.76
1.4860,15.78
1.4865,1.81
1.4870,-3.05
1.4875,11.08
1.4880,0.83
1.4885,-8.11
1.4890,7.16
1.4895,-12.79
1.4900,8.35
1.4905,-2.09
1.4910,1.16
1.4915,-7.55
1.4920,-4.29
1.4925,1.12
1.4930,5.06
1.4935,0.79
1.4940,-1.30
1.4945,2.99
1.4950,0.53
1.4955,5.91
1.4960,5.40
1.4965,-2.99
1.4970,4.53
1.4975,-16.99
1.4980,-0.47
1.4985,12.79
1.4990,12.22
1.4995,4.44
1.5000,1.42
1.5005,9.22
1.5010,-10.25
1.5015,-19.51
1.5020,-1.47
1.5025,3.18
1.5030,2.41
1.5035,-4.90
1.5040,-0.24
1.5045,-9.64
1.5050,6.07
1.5055,2.87
1.5060,1.61
1.5065,-4.99
1.5070,3.77
1.5075,-6.77
1.5080,-12.03
1.5085,2.06
1.5090,-10.26
1.5095,-3.92
1.5100,11.02
1.5105,2.69
1.5110,-0.27
1.5115,-6.41
1.5120,9.17
1.5125,-11.03
1.5130,7.16
1.5135,3.94
1.5140,6.11
1.5145,-4.86
1.5150,-2.16
1.5155,1.76
1.5160,-13.71
1.5165,-2.20
1.5170,-14.04
1.5175,-7.50
1.5180,-12.47
1.5185,3.11
1.5190,1.25
1.5195,-3.87
1.5200,-18.27
1.5205,3.68
1.5210,5.26
1.5215,-2.96
1.5220,12.80
1.5225,-11.56
1.5230,-5.93
1.5235,6.97
1.5240,1.67
1.5245,3.07
1.5250,-1.62
1.5255,-1.05
1.5260,-2.38
1.5265,-1.30
1.5270,-5.90
1.5275,-12.10
1.5280,12.11
1.5285,-8.50
1.5290,0.95
1.5295,3.27
1.5300,11.22
1.5305,-8.87
1.5310,11.41
1.5315,-1.28
1.5320,5.50
1.5325,-2.67
1.5330,-2.06
1.5335,7.14
1.5340,-11.57
1.5345,-3.64
1.5350,-3.04
1.5355,-5.60
1.5360,2.08
1.5365,-11.27
1.5370,4.69
1.5375,12.28
1.5380,-2.09
1.5385,-2.61
1.5390,-7.70
1.5395,-4.12
1.5400,-2.00
1.5405,-3.57
1.5410,-17.02
1.5415,-5.34
1.5420,1.70
1.5425,10.79
1.5430,-4.90
1.5435,-4.84
1.5440,-2.99
1.5445,-12.19
1.5450,6.70
1.5455,0.13
1.5460,3.68
1.5465,-11.22
1.5470,-5.02
1.5475,-8.98
1.5480,-3.93
1.5485,7.29
1.5490,-19.36
1.5495,-9.92
1.5500,16.42
1.5505,-28.13
1.5510,-18.23
1.5515,4.71
1.5520,-14.80
1.5525,14.09
1.5530,-17.11
1.5535,-12.02
1.5540,-14.87
1.5545,-14.06
1.5550,-5.96
1.5555,-8.85
1.5560,-4.04
1.5565,-14.59
1.5570,-8.30
1.5575,-10.04
1.5580,-8.34
1.5585,-7.23
1.5590,-11.02
1.5595,-0.51
1.5600,-10.10
1.5605,7.60
1.5610,-9.69
1.5615,4.94
1.5620,-2.70
1.5625,-5.70
1.5630,-9.14
1.5635,-3.74
1.5640,10.61
1.5645,-2.03
1.5650,-6.27
1.5655,-3.66
1.5660,-6.00
1.5665,9.73
1.5670,-6.22
1.5675,2.19
1.5680,-14.41
1.5685,-7.02
1.5690,-15.53
1.5695,-8.36
1.5700,-6.00
1.5705,3.11
1.5710,-4.88
1.5715,-3.61
1.5720,-6.07
1.5725,-7.95
1.5730,-23.96
1.5735,-14.79
1.5740,-5.23
1.5745,4.73
1.5750,6.62
1.5755,-0.49
1.5760,0.95
1.5765,-17.67
1.5770,-5.48
1.5775,5.13
1.5780,-9.35
1.5785,-6.99
1.5790,-14.71
1.5795,-5.34
1.5800,-18.31
1.5805,4.83
1.5810,-11.94
1.5815,-11.85
1.5820,-0.10
1.5825,-13.83
1.5830,-6.56
1.5835,6.82
1.5840,-0.47
1.5845,-2.04
1.5850,-10.03
1.5855,-2.72
1.5860,-0.28
1.5865,5.04
1.5870,6.35
1.5875,4.11
1.5880,-10.75
1.5885,4.09
1.5890,8.51
1.5895,-16.23
1.5900,3.17
1.5905,53.06
1.5910,25.49
1.5915,16.02
1.5920,-9.97
1.5925,-41.48
1.5930,-17.76
1.5935,-13.19
1.5940,2.87
1.5945,-1.93
1.5950,-6.75
1.5955,11.77
1.5960,8.43
1.5965,1.15
1.5970,-7.07
1.5975,3.67
1.5980,-18.23
1.5985,-6.42
1.5990,-8.34
1.5995,-13.43
1.6000,-14.02
1.6005,-7.23
1.6010,-11.93
1.6015,-6.76
1.6020,-14.27
1.6025,-11.59
1.6030,-13.06
1.6035,-5.86
1.6040,-14.80
1.6045,-15.58
1.6050,4.48
1.6055,-13.17
1.6060,-5.78
1.6065,-4.03
1.6070,9.88
1.6075,3.78
1.6080,6.54
1.6085,1.98
1.6090,0.35
1.6095,-4.31
1.6100,-9.65
1.6105,-0.31
1.6110,-1.58
1.6115,8.76
1.6120,-8.19
1.6125,-0.48
1.6130,-15.28
1.6135,-0.56
1.6140,-3.08
1.6145,12.08
1.6150,4.36
1.6155,-3.55
1.6160,-10.06
1.6165,-1.47
1.6170,3.87
1.6175,-10.15
1.6180,-0.23
1.6185,-1.30
1.6190,-17.23
1.6195,0.00
1.6200,-12.62
1.6205,11.74
1.6210,0.36
1.6215,1.11
1.6220,-0.93
1.6225,-8.22
1.6230,-5.59
1.6235,3.54
1.6240,8.65
1.6245,-9.30
1.6250,-4.27
1.6255,-10.74
1.6260,4.63
1.6265,10.13
1.6270,-15.65
1.6275,-3.22
1.6280,3.21
1.6285,-6.70
1.6290,-2.98
1.6295,4.58
1.6300,-6.38
1.6305,-4.47
1.6310,-7.08
1.6315,-13.32
1.6320,-3.92
1.6325,1.94
1.6330,-3.65
1.6335,4.16
1.6340,14.82
1.6345,-2.18
1.6350,5.53
1.6355,-12.83
1.6360,-13.48
1.6365,3.57
1.6370,6.52
1.6375,1.94
1.6380,-8.00
1.6385,-7.18
1.6390,-8.14
1.6395,-5.25
1.6400,9.07
1.6405,8.59
1.6410,0.87
1.6415,6.47
1.6420,-1.51
1.6425,-7.45
1.6430,0.08
1.6435,7.91
1.6440,2.97
1.6445,-4.16
1.6450,14.39
1.6455,-7.02
1.6460,8.36
1.6465,-15.50
1.6470,-3.97
1.6475,-8.10
1.6480,3.01
1.6485,-4.31
1.6490,-2.36
1.6495,-4.10
1.6500,-5.88
1.6505,-14.32
1.6510,2.43
1.6515,-5.55
1.6520,-6.97
1.6525,0.97
1.6530,-0.15
1.6535,7.01
1.6540,3.86
1.6545,7.80
1.6550,10.92
1.6555,-8.66
1.6560,7.60
1.6565,9.09
1.6570,-4.68
1.6575,-1.88
1.6580,6.83
1.6585,3.96
1.6590,-3.63
1.6595,3.36
1.6600,-1.75
1.6605,0.76
1.6610,6.66
1.6615,3.27
1.6620,6.46
1.6625,7.10
1.6630,-4.85
1.6635,8.57
1.6640,-6.35
1.6645,4.05
1.6650,5.59
1.6655,-14.47
1.6660,-3.83
1.6665,-10.46
1.6670,9.08
1.6675,5.64
1.6680,5.68
1.6685,-5.05
1.6690,-8.33
1.6695,-12.46
1.6700,4.37
1.6705,-6.00
1.6710,11.54
1.6715,-6.96
1.6720,5.85
1.6725,7.86
1.6730,7.73
1.6735,-13.75
1.6740,-11.34
1.6745,-2.98
1.6750,5.32
1.6755,3.28
1.6760,13.56
1.6765,1.52
1.6770,1.06
1.6775,10.04
1.6780,-17.74
1.6785,1.78
1.6790,-10.23
1.6795,5.16
1.6800,-10.38
1.6805,11.05
1.6810,-3.76
1.6815,-1.91
1.6820,-1.69
1.6825,8.80
1.6830,4.62
1.6835,2.08
1.6840,5.37
1.6845,7.41
1.6850,2.11
1.6855,13.57
1.6860,-11.59
1.6865,10.48
1.6870,17.07
1.6875,14.20
1.6880,-5.36
1.6885,0.08
1.6890,-1.68
1.6895,8.04
1.6900,3.42
1.6905,19.35
1.6910,4.02
1.6915,4.12
1.6920,-0.95
1.6925,0.51
1.6930,5.69
1.6935,-7.95
1.6940,11.07
1.6945,4.53
1.6950,-8.29
1.6955,-1.71
1.6960,3.77
1.6965,-15.08
1.6970,-9.25
1.6975,11.96
1.6980,-6.90
1.6985,11.91
1.6990,19.48
1.6995,-19.38
1.7000,-2.04
1.7005,-0.28
1.7010,2.09
1.7015,8.22
1.7020,-4.63
1.7025,4.89
1.7030,1.14
1.7035,11.76
1.7040,-0.72
1.7045,-3.11
1.7050,7.35
1.7055,4.13
1.7060,-15.16
1.7065,23.06
1.7070,6.62
1.7075,5.18
1.7080,1.96
1.7085,9.76
1.7090,4.36
1.7095,10.17
1.7100,12.69
1.7105,10.67
1.7110,18.98
1.7115,-10.69
1.7120,8.87
1.7125,6.82
1.7130,-8.56
1.7135,6.15
1.7140,7.17
1.7145,18.72
1.7150,4.43
1.7155,-4.76
1.7160,8.25
1.7165,-12.05
1.7170,3.73
1.7175,-0.06
1.7180,3.87
1.7185,-2.94
1.7190,-13.90
1.7195,-0.26
1.7200,-3.87
1.7205,-1.76
1.7210,13.49
1.7215,-7.78
1.7220,3.35
1.7225,5.39
1.7230,-7.67
1.7235,3.98
1.7240,-3.31
1.7245,13.71
1.7250,0.12
1.7255,2.20
1.7260,19.27
1.7265,12.87
1.7270,5.73
1.7275,11.97
1.7280,-7.09
1.7285,-3.22
1.7290,-1.67
1.7295,0.80
1.7300,18.15
1.7305,0.37
1.7310,-9.30
1.7315,-7.00
1.7320,3.70
1.7325,3.50
1.7330,0.05
1.7335,0.58
1.7340,14.69
1.7345,16.03
1.7350,4.18
1.7355,13.39
1.7360,5.22
1.7365,-0.44
1.7370,5.59
1.7375,1.13
1.7380,8.76
1.7385,14.71
1.7390,2.83
1.7395,7.69
1.7400,12.30
1.7405,9.77
1.7410,-1.97
1.7415,7.95
1.7420,6.74
1.7425,-1.06
1.7430,10.81
1.7435,21.88
1.7440,5.31
1.7445,4.05
1.7450,1.70
1.7455,-4.75
1.7460,-14.61
1.7465,16.05
1.7470,8.31
1.7475,-18.69
1.7480,13.13
1.7485,70.17
1.7490,51.77
1.7495,12.68
1.7500,-11.47
1.7505,-21.72
1.7510,-29.02
1.7515,-12.23
1.7520,21.05
1.7525,6.65
1.7530,6.32
1.7535,1.82
1.7540,3.19
1.7545,4.04
1.7550,3.10
1.7555,-7.68
1.7560,6.49
1.7565,10.41
1.7570,9.99
1.7575,-3.53
1.7580,14.84
1.7585,8.49
1.7590,0.36
1.7595,13.80
1.7600,-3.21
1.7605,-2.36
1.7610,-2.10
1.7615,19.30
1.7620,8.30
1.7625,7.87
1.7630,11.33
1.7635,9.09
1.7640,16.77
1.7645,-11.15
1.7650,6.49
1.7655,-4.46
1.7660,12.81
1.7665,4.68
1.7670,-0.90
1.7675,10.16
1.7680,1.83
1.7685,-1.31
1.7690,-4.63
1.7695,6.71
1.7700,5.47
1.7705,-5.32
1.7710,9.35
1.7715,-1.39
1.7720,-4.91
1.7725,-20.13
1.7730,4.65
1.7735,-1.44
1.7740,15.54
1.7745,5.69
1.7750,3.83
1.7755,19.35
1.7760,1.04
1.7765,11.41
1.7770,1.37
1.7775,11.00
1.7780,11.51
1.7785,-0.91
1.7790,-3.95
1.7795,8.77
1.7800,-0.92
1.7805,4.97
1.7810,-5.85
1.7815,7.70
1.7820,-9.74
1.7825,-7.70
1.7830,13.80
1.7835,26.43
1.7840,2.28
1.7845,10.13
1.7850,1.72
1.7855,0.37
1.7860,0.78
1.7865,3.14
1.7870,12.88
1.7875,3.21
1.7880,8.54
1.7885,2.44
1.7890,12.63
1.7895,11.70
1.7900,-1.39
1.7905,12.68
1.7910,9.93
1.7915,9.21
1.7920,-0.90
1.7925,-3.74
1.7930,8.24
1.7935,8.78
1.7940,3.41
1.7945,9.10
1.7950,9.82
1.7955,0.95
1.7960,3.46
1.7965,3.15
1.7970,3.06
1.7975,-9.97
1.7980,-1.38
1.7985,5.02
1.7990,-9.26
1.7995,5.34
1.8000,6.76
1.8005,-6.44
1.8010,6.93
1.8015,0.84
1.8020,-0.77
1.8025,2.05
1.8030,4.33
1.8035,1.68
1.8040,0.81
1.8045,11.99
1.8050,8.22
1.8055,13.74
1.8060,13.33
1.8065,5.75
1.8070,-3.29
1.8075,-3.12
1.8080,5.72
1.8085,-10.01
1.8090,0.32
1.8095,-0.11
1.8100,73.00
1.8105,51.71
1.8110,31.26
1.8115,-7.89
1.8120,-9.67
1.8125,-30.82
1.8130,-23.18
1.8135,18.76
1.8140,-7.80
1.8145,-9.86
1.8150,5.67
1.8155,-3.40
1.8160,-6.56
1.8165,9.63
1.8170,6.60
1.8175,-5.41
1.8180,3.82
1.8185,2.24
1.8190,0.88
1.8195,-3.88
1.8200,-1.68
1.8205,5.95
1.8210,2.89
1.8215,-1.72
1.8220,4.63
1.8225,12.07
1.8230,-0.28
1.8235,10.88
1.8240,-16.12
1.8245,3.36
1.8250,-11.01
1.8255,-3.98
1.8260,-3.76
1.8265,6.16
1.8270,-9.52
1.8275,-1.06
1.8280,8.31
1.8285,6.72
1.8290,8.75
1.8295,7.46
1.8300,-1.02
1.8305,-3.62
1.8310,2.28
1.8315,7.26
1.8320,-1.63
1.8325,-0.09
1.8330,0.44
1.8335,-3.54
1.8340,2.96
1.8345,1.43
1.8350,4.75
1.8355,4.19
1.8360,-9.43
1.8365,5.55
1.8370,-3.05
1.8375,-7.95
1.8380,-9.27
1.8385,7.01
1.8390,-3.36
1.8395,-1.37
1.8400,-5.87
1.8405,2.19
1.8410,-10.36
1.8415,-4.02
1.8420,-0.35
1.8425,8.88
1.8430,-6.23
1.8435,-8.94
1.8440,-15.72
1.8445,-2.40
1.8450,-10.14
1.8455,9.64
1.8460,-13.29
1.8465,1.05
1.8470,-9.32
1.8475,2.94
1.8480,3.47
1.8485,-5.16
1.8490,-7.29
1.8495,1.31
1.8500,-2.81
1.8505,59.48
1.8510,43.80
1.8515,4.66
1.8520,-23.61
1.8525,-24.81
1.8530,-34.39
1.8535,-29.82
1.8540,-10.83
1.8545,-15.90
1.8550,-8.78
1.8555,2.46
1.8560,0.15
1.8565,3.56
1.8570,12.62
1.8575,10.95
1.8580,-28.40
1.8585,5.24
1.8590,-5.42
1.8595,-11.70
1.8600,4.29
1.8605,16.71
1.8610,10.49
1.8615,16.00
1.8620,2.76
1.8625,-10.98
1.8630,-11.35
1.8635,1.45
1.8640,-14.11
1.8645,10.07
1.8650,-3.94
1.8655,-6.16
1.8660,-12.43
1.8665,1.14
1.8670,-0.82
1.8675,-4.45
1.8680,0.34
1.8685,0.56
1.8690,-3.92
1.8695,-16.90
1.8700,-4.29
1.8705,-17.17
1.8710,0.20
1.8715,-2.52
1.8720,-4.67
1.8725,-1.20
1.8730,-5.09
1.8735,-2.06
1.8740,-10.03
1.8745,2.02
1.8750,-13.33
1.8755,-1.13
1.8760,-1.36
1.8765,-2.73
1.8770,-3.16
1.8775,-12.96
1.8780,-17.29
1.8785,1.48
1.8790,11.21
1.8795,-18.06
1.8800,-14.09
1.8805,-0.62
1.8810,0.48
1.8815,-1.16
1.8820,-0.52
1.8825,-9.11
1.8830,6.22
1.8835,-3.02
1.8840,-4.52
1.8845,-1.49
1.8850,-5.40
1.8855,-4.69
1.8860,-5.02
1.8865,-7.32
1.8870,-9.43
1.8875,6.36
1.8880,-6.94
1.8885,1.54
1.8890,2.84
1.8895,-6.05
1.8900,-10.83
1.8905,-14.28
1.8910,6.63
1.8915,-11.83
1.8920,1.79
1.8925,-4.11
1.8930,-1.17
1.8935,4.81
1.8940,-0.35
1.8945,-0.01
1.8950,-4.19
1.8955,5.18
1.8960,-5.44
1.8965,-8.66
1.8970,-8.19
1.8975,5.06
1.8980,-7.22
1.8985,6.01
1.8990,-5.48
1.8995,-5.13
1.9000,0.32
1.9005,1.25
1.9010,-11.45
1.9015,-10.88
1.9020,-24.48
1.9025,-13.18
1.9030,-11.10
1.9035,-0.26
1.9040,-5.28
1.9045,-2.86
1.9050,-12.75
1.9055,-4.40
1.9060,-6.42
1.9065,-1.59
1.9070,-2.57
1.9075,3.79
1.9080,9.86
1.9085,-5.63
1.9090,-2.80
1.9095,-3.07
1.9100,-6.93
1.9105,-4.97
1.9110,-9.53
1.9115,-16.94
1.9120,-1.55
1.9125,-15.90
1.9130,-2.71
1.9135,-0.38
1.9140,-14.36
1.9145,-10.79
1.9150,-6.31
1.9155,-11.79
1.9160,7.93
1.9165,-9.92
1.9170,-4.25
1.9175,-11.38
1.9180,-7.38
1.9185,-14.34
1.9190,1.56
1.9195,10.82
1.9200,-13.56
1.9205,-10.93
1.9210,-18.90
1.9215,-8.24
1.9220,-4.06
1.9225,-2.32
1.9230,0.94
1.9235,12.90
1.9240,-7.26
1.9245,1.34
1.9250,-3.31
1.9255,-6.74
1.9260,-4.22
1.9265,-20.99
1.9270,-19.04
1.9275,-2.99
1.9280,9.30
1.9285,-12.98
1.9290,-10.05
1.9295,5.36
1.9300,-4.01
1.9305,-14.53
1.9310,-11.13
1.9315,-3.40
1.9320,-13.16
1.9325,-1.75
1.9330,-5.00
1.9335,5.72
1.9340,-11.01
1.9345,4.76
1.9350,2.32
1.9355,-8.60
1.9360,-1.01
1.9365,-1.57
1.9370,1.28
1.9375,13.31
1.9380,-5.01
1.9385,6.04
1.9390,-3.84
1.9395,-7.86
1.9400,-9.81
1.9405,2.80
1.9410,-26.71
1.9415,-4.75
1.9420,-12.25
1.9425,-8.87
1.9430,-1.89
1.9435,1.30
1.9440,1.72
1.9445,-12.90
1.9450,-1.35
1.9455,-9.90
1.9460,-6.59
1.9465,-13.08
1.9470,-20.54
1.9475,-17.52
1.9480,-7.06
1.9485,-12.77
1.9490,-17.27
1.9495,-6.47
1.9500,2.35
1.9505,-0.20
1.9510,-5.18
1.9515,-1.22
1.9520,-0.74
1.9525,-7.62
1.9530,-12.08
1.9535,-8.27
1.9540,-1.70
1.9545,-2.81
1.9550,-4.96
1.9555,-13.94
1.9560,4.06
1.9565,-1.70
1.9570,15.81
1.9575,7.17
1.9580,-0.75
1.9585,-16.21
1.9590,-4.81
1.9595,-5.82
1.9600,-0.98
1.9605,-7.09
1.9610,-16.23
1.9615,-5.63
1.9620,-13.66
1.9625,-7.22
1.9630,2.13
1.9635,2.21
1.9640,-2.60
1.9645,7.44
1.9650,-6.55
1.9655,-6.38
1.9660,2.13
1.9665,-17.83
1.9670,-2.68
1.9675,4.02
1.9680,-9.60
1.9685,2.57
1.9690,-0.53
1.9695,-6.71
1.9700,6.94
1.9705,-10.39
1.9710,-1.46
1.9715,0.97
1.9720,-4.15
1.9725,8.45
1.9730,-11.73
1.9735,-7.83
1.9740,-10.41
1.9745,-5.80
1.9750,-5.94
1.9755,-10.02
1.9760,7.07
1.9765,-4.14
1.9770,-7.50
1.9775,8.06
1.9780,1.66
1.9785,-4.44
1.9790,-0.69
1.9795,12.61
1.9800,-0.23
1.9805,6.28
1.9810,-5.72
1.9815,-7.55
1.9820,2.30
1.9825,7.31
1.9830,2.27
1.9835,-5.99
1.9840,2.14
1.9845,-3.39
1.9850,-0.99
1.9855,-11.66
1.9860,-0.44
1.9865,5.13
1.9870,-12.81
1.9875,-5.67
1.9880,-0.80
1.9885,-4.91
1.9890,-14.72
1.9895,-2.96
1.9900,1.74
1.9905,-5.73
1.9910,4.89
1.9915,0.10
1.9920,-7.18
1.9925,1.43
1.9930,-9.96
1.9935,-1.33
1.9940,3.96
1.9945,-4.68
1.9950,-1.96
1.9955,10.32
1.9960,3.42
1.9965,3.38
1.9970,18.64
1.9975,-7.20
1.9980,6.66
1.9985,10.01
1.9990,-4.02
1.9995,6.65
2.0000,12.66
2.0005,8.37
2.0010,-5.41
2.0015,-2.32
2.0020,54.61
2.0025,52.74
2.0030,21.63
2.0035,-2.68
2.0040,-10.70
2.0045,-20.89
2.0050,-27.60
2.0055,-19.49
2.0060,-0.87
2.0065,-15.98
2.0070,-9.66
2.0075,2.20
2.0080,6.55
2.0085,2.98
2.0090,2.33
2.0095,17.89
2.0100,-4.90
2.0105,0.78
2.0110,11.86
2.0115,7.72
2.0120,7.55
2.0125,2.69
2.0130,-15.42
2.0135,-7.46
2.0140,5.33
2.0145,2.59
2.0150,5.06
2.0155,-2.38
2.0160,4.05
2.0165,-3.30
2.0170,5.85
2.0175,0.74
2.0180,6.92
2.0185,10.19
2.0190,6.23
2.0195,6.68
2.0200,-15.90
2.0205,-9.38
2.0210,4.87
2.0215,-2.06
2.0220,-7.22
2.0225,1.68
2.0230,9.72
2.0235,-8.58
2.0240,5.56
2.0245,5.83
2.0250,8.54
2.0255,8.56
2.0260,14.57
2.0265,4.79
2.0270,-4.99
2.0275,-8.50
2.0280,5.47
2.0285,4.45
2.0290,1.36
2.0295,5.39
2.0300,15.45
2.0305,8.27
2.0310,0.39
2.0315,8.21
2.0320,-1.23
2.0325,-3.94
2.0330,9.53
2.0335,3.93
2.0340,6.89
2.0345,5.07
2.0350,-1.24
2.0355,-10.56
2.0360,-2.34
2.0365,4.44
2.0370,-8.52
2.0375,12.13
2.0380,-5.56
2.0385,-4.05
2.0390,6.27
2.0395,1.42
2.0400,5.19
2.0405,4.95
2.0410,13.87
2.0415,3.82
2.0420,18.20
2.0425,15.25
2.0430,-3.86
2.0435,0.19
2.0440,8.32
2.0445,-9.12
2.0450,1.88
2.0455,-0.61
2.0460,9.18
2.0465,2.97
2.0470,11.94
2.0475,-1.07
2.0480,9.08
2.0485,-8.47
2.0490,-5.17
2.0495,10.35
2.0500,5.53
2.0505,2.51
2.0510,4.82
2.0515,4.85
2.0520,9.69
2.0525,6.94
2.0530,-11.74
2.0535,13.20
2.0540,6.81
2.0545,-3.45
2.0550,6.24
2.0555,-4.39
2.0560,-0.06
2.0565,-7.16
2.0570,-9.28
2.0575,10.56
2.0580,11.66
2.0585,-3.77
2.0590,-1.72
2.0595,10.65
2.0600,37.14
2.0605,85.11
2.0610,50.72
2.0615,5.07
2.0620,-10.93
2.0625,-24.36
2.0630,-11.54
2.0635,-11.23
2.0640,-14.17
2.0645,-5.31
2.0650,6.23
2.0655,10.60
2.0660,8.59
2.0665,6.10
2.0670,5.52
2.0675,7.51
2.0680,5.64
2.0685,5.08
2.0690,-4.00
2.0695,9.19
2.0700,25.39
2.0705,17.03
2.0710,-8.53
2.0715,3.54
2.0720,-3.08
2.0725,0.63
2.0730,16.65
2.0735,6.98
2.0740,16.99
2.0745,12.82
2.0750,14.81
2.0755,6.38
2.0760,39.76
2.0765,45.34
2.0770,12.72
2.0775,-2.86
2.0780,-8.99
2.0785,-16.97
2.0790,-9.84
2.0795,-12.78
2.0800,10.90
2.0805,-4.50
2.0810,9.01
2.0815,8.11
2.0820,6.96
2.0825,1.71
2.0830,-5.23
2.0835,2.04
2.0840,8.77
2.0845,6.74
2.0850,8.14
2.0855,9.22
2.0860,16.53
2.0865,-5.78
2.0870,-8.70
2.0875,-0.97
2.0880,4.72
2.0885,10.12
2.0890,9.10
2.0895,-2.19
2.0900,13.66
2.0905,5.33
2.0910,5.66
2.0915,1.80
2.0920,-0.86
2.0925,0.97
2.0930,6.19
2.0935,16.12
2.0940,11.72
2.0945,6.72
2.0950,11.56
2.0955,9.74
2.0960,7.97
2.0965,11.39
2.0970,1.00
2.0975,0.15
2.0980,11.49
2.0985,-0.35
2.0990,20.24
2.0995,19.93
2.1000,-5.25
2.1005,12.64
2.1010,5.59
2.1015,6.43
2.1020,-2.79
2.1025,0.88
2.1030,6.55
2.1035,0.70
2.1040,7.02
2.1045,-12.36
2.1050,11.61
2.1055,12.85
2.1060,7.53
2.1065,4.21
2.1070,17.53
2.1075,8.29
2.1080,10.11
2.1085,-9.09
2.1090,-5.69
2.1095,5.00
2.1100,0.40
2.1105,-11.84
2.1110,8.27
2.1115,7.39
2.1120,3.27
2.1125,12.45
2.1130,-0.45
2.1135,9.15
2.1140,5.35
2.1145,-1.43
2.1150,0.28
2.1155,13.44
2.1160,0.40
2.1165,-6.98
2.1170,0.55
2.1175,-1.30
2.1180,2.96
2.1185,-1.83
2.1190,-4.04
2.1195,-5.38
2.1200,18.27
2.1205,7.61
2.1210,24.16
2.1215,4.20
2.1220,-7.41
2.1225,15.92
2.1230,-0.35
2.1235,9.27
2.1240,2.36
2.1245,-5.33
2.1250,7.50
2.1255,0.50
2.1260,-4.95
2.1265,15.52
2.1270,16.22
2.1275,-4.89
2.1280,0.10
2.1285,-5.16
2.1290,10.93
2.1295,9.90
2.1300,2.92
2.1305,10.05
2.1310,15.97
2.1315,3.57
2.1320,-4.64
2.1325,-4.01
2.1330,-5.61
2.1335,7.30
2.1340,-8.98
2.1345,1.03
2.1350,8.00
2.1355,7.98
2.1360,-0.21
2.1365,-3.44
2.1370,-3.34
2.1375,-11.96
2.1380,3.92
2.1385,5.97
2.1390,7.56
2.1395,3.52
2.1400,-3.82
2.1405,-15.56
2.1410,8.70
2.1415,-7.87
2.1420,8.10
2.1425,6.70
2.1430,-0.72
2.1435,-4.70
2.1440,13.13
2.1445,13.45
2.1450,25.70
2.1455,94.19
2.1460,32.21
2.1465,-5.17
2.1470,-22.13
2.1475,-34.26
2.1480,-20.04
2.1485,-10.42
2.1490,-0.62
2.1495,6.32
2.1500,15.27
2.1505,1.21
2.1510,-17.55
2.1515,-11.86
2.1520,-10.10
2.1525,9.69
2.1530,-6.59
2.1535,1.37
2.1540,-10.53
2.1545,-3.52
2.1550,1.71
2.1555,-4.46
2.1560,-1.75
2.1565,4.53
2.1570,6.48
2.1575,9.54
2.1580,1.72
2.1585,6.66
2.1590,0.34
2.1595,8.14
2.1600,1.73
2.1605,3.76
2.1610,4.69
2.1615,-10.61
2.1620,-16.17
2.1625,18.70
2.1630,-1.65
2.1635,13.39
2.1640,2.55
2.1645,9.85
2.1650,-3.49
2.1655,1.52
2.1660,-14.95
2.1665,7.47
2.1670,0.30
2.1675,13.14
2.1680,15.60
2.1685,-1.53
2.1690,-4.44
2.1695,0.70
2.1700,2.08
2.1705,2.22
2.1710,0.60
2.1715,4.51
2.1720,-5.36
2.1725,-10.22
2.1730,-3.56
2.1735,1.72
2.1740,-6.52
2.1745,2.03
2.1750,-10.67
2.1755,5.43
2.1760,-1.91
2.1765,-4.16
2.1770,1.79
2.1775,-8.09
2.1780,-0.06
2.1785,-15.46
2.1790,1.53
2.1795,6.68
2.1800,-6.36
2.1805,-4.01
2.1810,-13.41
2.1815,7.84
2.1820,-10.29
2.1825,-5.88
2.1830,-12.43
2.1835,-15.70
2.1840,-11.21
2.1845,-2.18
2.1850,-5.29
2.1855,0.37
2.1860,-8.20
2.1865,-12.83
2.1870,0.96
2.1875,-14.72
2.1880,2.40
2.1885,-2.22
2.1890,-4.12
2.1895,-1.32
2.1900,1.90
2.1905,-5.39
2.1910,2.46
2.1915,-7.30
2.1920,2.01
2.1925,18.35
2.1930,-3.80
2.1935,-5.68
2.1940,-12.03
2.1945,8.99
2.1950,-6.15
2.1955,0.69
2.1960,-4.97
2.1965,-5.31
2.1970,3.12
2.1975,-10.40
2.1980,1.62
2.1985,-3.51
2.1990,0.88
2.1995,-16.55
2.2000,-5.97
2.2005,-0.92
2.2010,-2.59
2.2015,-12.70
2.2020,-0.93
2.2025,-9.93
2.2030,-4.05
2.2035,-4.97
2.2040,4.02
2.2045,-0.92
2.2050,-10.06
2.2055,1.72
2.2060,-9.96
2.2065,-10.89
2.2070,4.02
2.2075,-8.23
2.2080,-15.66
2.2085,3.81
2.2090,10.22
2.2095,3.46
2.2100,-8.24
2.2105,-5.19
2.2110,-7.29
2.2115,-3.72
2.2120,3.68
2.2125,-6.56
2.2130,5.55
2.2135,-5.56
2.2140,-9.74
2.2145,-2.13
2.2150,-9.47
2.2155,5.76
2.2160,-10.34
2.2165,-21.22
2.2170,10.31
2.2175,-7.07
2.2180,-6.42
2.2185,-0.60
2.2190,2.49
2.2195,4.99
2.2200,-11.04
2.2205,-7.34
2.2210,-4.25
2.2215,1.53
2.2220,6.41
2.2225,-2.73
2.2230,-14.63
2.2235,-13.37
2.2240,11.72
2.2245,-7.74
2.2250,-1.77
2.2255,-5.77
2.2260,-8.77
2.2265,2.72
2.2270,-9.27
2.2275,5.87
2.2280,-14.07
2.2285,-5.65
2.2290,-13.16
2.2295,-13.51
2.2300,-8.93
2.2305,-10.05
2.2310,-14.40
2.2315,-3.43
2.2320,-12.03
2.2325,-0.85
2.2330,-12.22
2.2335,2.04
2.2340,-9.59
2.2345,10.18
2.2350,-2.90
2.2355,-7.56
2.2360,-6.54
2.2365,8.88
2.2370,10.20
2.2375,7.12
2.2380,3.78
2.2385,-17.14
2.2390,-3.48
2.2395,-18.31
2.2400,-15.42
2.2405,-12.11
2.2410,-15.63
2.2415,-6.19
2.2420,-4.62
2.2425,-26.09
2.2430,-0.57
2.2435,-9.30
2.2440,-13.54
2.2445,-15.10
2.2450,-6.06
2.2455,0.09
2.2460,-2.47
2.2465,-9.11
2.2470,1.86
2.2475,-5.20
2.2480,-14.98
2.2485,-14.08
2.2490,-3.25
2.2495,-1.05
2.2500,-16.22
2.2505,-6.20
2.2510,0.23
2.2515,1.12
2.2520,6.30
2.2525,-1.53
2.2530,-0.77
2.2535,1.61
2.2540,2.27
2.2545,-9.27
2.2550,-1.66
2.2555,-2.17
2.2560,-6.25
2.2565,-4.76
2.2570,91.73
2.2575,48.29
2.2580,1.47
2.2585,-11.15
2.2590,-8.11
2.2595,-19.19
2.2600,-26.86
2.2605,-8.93
2.2610,0.12
2.2615,5.76
2.2620,-8.80
2.2625,-16.22
2.2630,-1.15
2.2635,-12.38
2.2640,2.23
2.2645,-3.75
2.2650,1.07
2.2655,-1.43
2.2660,6.52
2.2665,-15.74
2.2670,2.37
2.2675,-11.65
2.2680,3.07
2.2685,8.94
2.2690,9.03
2.2695,0.47
2.2700,-16.61
2.2705,5.82
2.2710,-21.11
2.2715,4.40
2.2720,-11.89
2.2725,-14.22
2.2730,1.95
2.2735,-6.11
2.2740,9.50
2.2745,-16.55
2.2750,-7.01
2.2755,-10.60
2.2760,-8.30
2.2765,-3.60
2.2770,-5.22
2.2775,-3.86
2.2780,-10.29
2.2785,-19.69
2.2790,-4.17
2.2795,5.73
2.2800,-10.23
2.2805,9.36
2.2810,-7.75
2.2815,-1.09
2.2820,-4.05
2.2825,-2.69
2.2830,-11.77
2.2835,-12.79
2.2840,-5.85
2.2845,6.77
2.2850,1.92
2.2855,-11.64
2.2860,-12.08
2.2865,-0.18
2.2870,-2.93
2.2875,6.69
2.2880,-3.04
2.2885,-3.18
2.2890,-14.17
2.2895,5.19
2.2900,-14.69
2.2905,1.64
2.2910,5.99
2.2915,-11.01
2.2920,-19.76
2.2925,3.18
2.2930,5.41
2.2935,2.57
2.2940,-1.90
2.2945,-11.01
2.2950,-4.13
2.2955,-7.58
2.2960,-5.05
2.2965,-5.30
2.2970,-17.77
2.2975,-11.75
2.2980,6.67
2.2985,10.18
2.2990,-10.40
2.2995,-10.89
2.3000,0.29
2.3005,10.48
2.3010,-5.60
2.3015,3.82
2.3020,-3.57
2.3025,5.37
2.3030,13.22
2.3035,-12.59
2.3040,6.20
2.3045,-0.92
2.3050,-13.69
2.3055,-10.72
2.3060,5.27
2.3065,-3.03
2.3070,1.00
2.3075,2.01
2.3080,2.96
2.3085,-0.31
2.3090,4.44
2.3095,1.34
2.3100,-0.28
2.3105,19.04
2.3110,3.12
2.3115,8.74
2.3120,-5.32
2.3125,3.38
2.3130,4.96
2.3135,6.57
2.3140,-9.05
2.3145,-6.71
2.3150,-5.16
2.3155,0.16
2.3160,-2.39
2.3165,11.71
2.3170,-1.43
2.3175,-13.42
2.3180,2.52
2.3185,5.69
2.3190,11.64
2.3195,-6.49
2.3200,-9.20
2.3205,0.17
2.3210,18.48
2.3215,3.13
2.3220,-1.86
2.3225,7.43
2.3230,-6.85
2.3235,8.48
2.3240,-5.21
2.3245,-3.64
2.3250,8.65
2.3255,-4.09
2.3260,-2.16
2.3265,-13.59
2.3270,3.05
2.3275,-4.97
2.3280,-4.94
2.3285,9.53
2.3290,-2.32
2.3295,3.47
2.3300,3.66
2.3305,10.01
2.3310,-10.25
2.3315,-1.47
2.3320,-0.61
2.3325,5.68
2.3330,0.90
2.3335,-14.19
2.3340,-4.62
2.3345,1.05
2.3350,3.63
2.3355,3.83
2.3360,11.46
2.3365,9.43
2.3370,-3.98
2.3375,17.24
2.3380,-3.05
2.3385,-10.75
2.3390,-6.54
2.3395,-1.64
2.3400,5.03
2.3405,-5.01
2.3410,1.33
2.3415,-10.09
2.3420,6.80
2.3425,-4.38
2.3430,1.75
2.3435,-1.76
2.3440,7.75
2.3445,-7.35
2.3450,9.51
2.3455,3.13
2.3460,-3.84
2.3465,-3.30
2.3470,-3.08
2.3475,16.47
2.3480,1.02
2.3485,11.68
2.3490,1.22
2.3495,5.48
2.3500,-6.34
2.3505,7.79
2.3510,2.35
2.3515,-10.63
2.3520,2.82
2.3525,6.17
2.3530,3.09
2.3535,5.63
2.3540,-4.46
2.3545,12.43
2.3550,-4.62
2.3555,12.11
2.3560,13.40
2.3565,-1.64
2.3570,-4.85
2.3575,0.43
2.3580,-15.56
2.3585,6.80
2.3590,-9.80
2.3595,-11.25
2.3600,-3.52
2.3605,5.44
2.3610,1.81
2.3615,-0.24
2.3620,2.86
2.3625,1.81
2.3630,-3.53
2.3635,-9.03
2.3640,11.79
2.3645,13.73
2.3650,-4.16
2.3655,9.35
2.3660,-12.35
2.3665,22.67
2.3670,12.46
2.3675,2.51
2.3680,-2.45
2.3685,12.76
2.3690,-17.87
2.3695,6.73
2.3700,5.68
2.3705,-2.21
2.3710,1.70
2.3715,-7.44
2.3720,8.60
2.3725,11.55
2.3730,0.83
2.3735,-8.08
2.3740,4.40
2.3745,4.17
2.3750,5.31
2.3755,-6.84
2.3760,7.71
2.3765,2.76
2.3770,2.14
2.3775,5.94
2.3780,4.43
2.3785,-0.52
2.3790,-6.16
2.3795,4.79
2.3800,1.12
2.3805,1.83
2.3810,2.69
2.3815,-12.08
2.3820,11.50
2.3825,-3.28
2.3830,9.92
2.3835,2.99
2.3840,0.70
2.3845,9.78
2.3850,4.89
2.3855,5.06
2.3860,21.77
2.3865,0.15
2.3870,7.09
2.3875,19.17
2.3880,-9.14
2.3885,16.60
2.3890,8.06
2.3895,6.54
2.3900,9.62
2.3905,6.25
2.3910,6.64
2.3915,8.72
2.3920,17.34
2.3925,6.95
2.3930,6.22
2.3935,-9.80
2.3940,0.12
2.3945,-0.11
2.3950,12.79
2.3955,-2.87
2.3960,6.47
2.3965,10.13
2.3970,15.74
2.3975,8.82
2.3980,8.46
2.3985,4.95
2.3990,-0.43
2.3995,5.52
2.4000,-17.29
2.4005,-7.82
2.4010,8.43
2.4015,2.87
2.4020,-10.30
2.4025,10.10
2.4030,11.56
2.4035,-10.96
2.4040,5.21
2.4045,-7.36
2.4050,9.21
2.4055,10.73
2.4060,2.53
2.4065,5.99
2.4070,1.03
2.4075,1.33
2.4080,8.29
2.4085,5.98
2.4090,18.06
2.4095,11.17
2.4100,3.37
2.4105,2.93
2.4110,1.54
2.4115,9.06
2.4120,7.80
2.4125,10.13
2.4130,1.19
2.4135,5.34
2.4140,9.05
2.4145,-4.42
2.4150,15.18
2.4155,13.85
2.4160,6.61
2.4165,-0.31
2.4170,7.10
2.4175,-0.78
2.4180,3.86
2.4185,6.32
2.4190,11.72
2.4195,3.22
2.4200,10.87
2.4205,9.95
2.4210,16.86
2.4215,12.02
2.4220,17.65
2.4225,-5.03
2.4230,3.51
2.4235,4.10
2.4240,15.11
2.4245,-9.49
2.4250,4.47
2.4255,-10.35
2.4260,-1.03
2.4265,14.17
2.4270,15.24
2.4275,-5.98
2.4280,6.70
2.4285,-1.08
2.4290,6.85
2.4295,12.69
2.4300,14.05
2.4305,1.47
2.4310,6.24
2.4315,3.69
2.4320,15.49
2.4325,4.86
2.4330,8.52
2.4335,5.18
2.4340,-0.36
2.4345,-3.78
2.4350,8.26
2.4355,-5.00
2.4360,11.26
2.4365,-8.99
2.4370,5.98
2.4375,1.09
2.4380,9.13
2.4385,10.43
2.4390,4.14
2.4395,-7.51
2.4400,10.87
2.4405,-3.47
2.4410,-4.35
2.4415,-10.19
2.4420,-12.71
2.4425,5.37
2.4430,0.55
2.4435,13.48
2.4440,12.13
2.4445,-7.60
2.4450,-5.42
2.4455,8.21
2.4460,-5.69
2.4465,12.55
2.4470,9.77
2.4475,3.56
2.4480,6.09
2.4485,5.82
2.4490,-6.78
2.4495,22.11
2.4500,2.42
2.4505,-1.65
2.4510,0.99
2.4515,3.64
2.4520,3.59
2.4525,1.07
2.4530,3.56
2.4535,5.27
2.4540,6.30
2.4545,7.55
2.4550,6.33
2.4555,-4.39
2.4560,-9.10
2.4565,-4.33
2.4570,-0.93
2.4575,22.44
2.4580,14.87
2.4585,2.71
2.4590,12.69
2.4595,15.29
2.4600,10.69
2.4605,-0.01
2.4610,3.07
2.4615,8.94
2.4620,-5.58
2.4625,-5.59
2.4630,7.15
2.4635,-0.57
2.4640,5.41
2.4645,6.88
2.4650,20.20
2.4655,9.18
2.4660,1.34
2.4665,11.52
2.4670,6.27
2.4675,-0.88
2.4680,-1.52
2.4685,5.49
2.4690,9.17
2.4695,5.91
2.4700,8.45
2.4705,3.11
2.4710,6.85
2.4715,13.55
2.4720,18.95
2.4725,10.22
2.4730,8.24
2.4735,21.73
2.4740,3.48
2.4745,4.63
2.4750,2.28
2.4755,-4.67
2.4760,4.11
2.4765,5.04
2.4770,-3.03
2.4775,-7.14
2.4780,6.45
2.4785,-5.35
2.4790,-13.61
2.4795,-6.19
2.4800,-2.18
2.4805,0.01
2.4810,8.51
2.4815,5.62
2.4820,4.17
2.4825,3.18
2.4830,7.70
2.4835,1.60
2.4840,2.76
2.4845,4.88
2.4850,-17.80
2.4855,-2.68
2.4860,-6.36
2.4865,-6.90
2.4870,19.28
2.4875,11.56
2.4880,-4.84
2.4885,7.77
2.4890,-2.98
2.4895,1.31
2.4900,-3.20
2.4905,2.77
2.4910,0.04
2.4915,-4.14
2.4920,2.26
2.4925,-0.81
2.4930,-6.84
2.4935,-3.08
2.4940,-1.26
2.4945,-4.62
2.4950,2.03
2.4955,-7.08
2.4960,4.58
2.4965,-5.52
2.4970,-1.83
2.4975,-13.23
2.4980,0.57
2.4985,-0.39
2.4990,10.15
2.4995,-10.06
2.5000,2.94
2.5005,-3.42
2.5010,-6.26
2.5015,-12.14
2.5020,3.71
2.5025,-8.74
2.5030,9.01
2.5035,4.57
2.5040,6.72
2.5045,13.33
2.5050,2.84
2.5055,2.20
2.5060,5.90
2.5065,14.02
2.5070,-15.48
2.5075,-8.06
2.5080,7.89
2.5085,-6.34
2.5090,8.58
2.5095,-2.27
2.5100,-2.00
2.5105,0.47
2.5110,-2.85
2.5115,-18.66
2.5120,3.62
2.5125,-14.19
2.5130,-4.58
2.5135,14.61
2.5140,7.61
2.5145,-4.60
2.5150,4.84
2.5155,6.82
2.5160,14.08
2.5165,-0.34
2.5170,-1.37
2.5175,7.99
2.5180,-13.13
2.5185,13.38
2.5190,8.98
2.5195,-7.42
2.5200,-3.67
2.5205,-3.88
2.5210,-10.23
2.5215,3.60
2.5220,-4.20
2.5225,-2.62
2.5230,-2.94
2.5235,1.36
2.5240,-1.12
2.5245,7.86
2.5250,-3.44
2.5255,-7.56
2.5260,-2.26
2.5265,-12.17
2.5270,-23.10
2.5275,-0.36
2.5280,6.21
2.5285,-8.69
2.5290,12.22
2.5295,-5.24
2.5300,1.59
2.5305,-2.14
2.5310,-0.15
2.5315,13.18
2.5320,5.43
2.5325,7.95
2.5330,3.09
2.5335,0.63
2.5340,-4.25
2.5345,-9.53
2.5350,-13.70
2.5355,-0.44
2.5360,1.23
2.5365,-3.89
2.5370,1.04
2.5375,-6.99
2.5380,13.53
2.5385,3.05
2.5390,-0.58
2.5395,-9.06
2.5400,-11.34
2.5405,-3.46
2.5410,-6.66
2.5415,-3.97
2.5420,-0.48
2.5425,1.10
2.5430,-0.67
2.5435,-5.96
2.5440,-16.14
2.5445,0.22
2.5450,-5.30
2.5455,3.37
2.5460,-14.89
2.5465,85.34
2.5470,32.93
2.5475,13.31
2.5480,-11.06
2.5485,-34.58
2.5490,-31.94
2.5495,-17.90
2.5500,-6.25
2.5505,1.84
2.5510,-3.43
2.5515,4.56
2.5520,-5.44
2.5525,-20.34
2.5530,-14.41
2.5535,-6.70
2.5540,6.17
2.5545,6.91
2.5550,-5.40
2.5555,2.61
2.5560,-14.80
2.5565,-2.87
2.5570,-12.31
2.5575,-9.80
2.5580,-6.98
2.5585,-2.10
2.5590,0.72
2.5595,-12.71
2.5600,-4.66
2.5605,-9.55
2.5610,10.92
2.5615,-7.61
2.5620,-8.31
2.5625,0.21
2.5630,-11.67
2.5635,8.74
2.5640,10.41
2.5645,-6.57
2.5650,-13.80
2.5655,1.19
2.5660,-8.57
2.5665,9.81
2.5670,5.48
2.5675,-17.99
2.5680,-5.34
2.5685,-24.06
2.5690,-7.87
2.5695,1.40
2.5700,-5.40
2.5705,0.49
2.5710,5.58
2.5715,7.45
2.5720,0.59
2.5725,-8.95
2.5730,-12.90
2.5735,-27.12
2.5740,12.08
2.5745,14.86
2.5750,-1.63
2.5755,-9.81
2.5760,-8.12
2.5765,-5.38
2.5770,-9.78
2.5775,8.20
2.5780,1.35
2.5785,0.77
2.5790,-6.76
2.5795,-9.23
2.5800,13.16
2.5805,8.39
2.5810,-6.66
2.5815,5.38
2.5820,5.79
2.5825,-7.99
2.5830,-0.70
2.5835,-11.82
2.5840,-11.56
2.5845,-11.60
2.5850,-21.92
2.5855,-3.65
2.5860,3.65
2.5865,5.23
2.5870,-20.07
2.5875,-2.23
2.5880,-23.98
2.5885,-20.49
2.5890,-15.10
2.5895,-0.31
2.5900,-11.40
2.5905,8.41
2.5910,5.94
2.5915,1.11
2.5920,-16.93
2.5925,-17.70
2.5930,-12.19
2.5935,-12.48
2.5940,-10.53
2.5945,0.11
2.5950,2.64
2.5955,-4.72
2.5960,-13.53
2.5965,-10.40
2.5970,-1.51
2.5975,4.15
2.5980,-9.31
2.5985,-7.16
2.5990,-10.84
2.5995,15.24
2.6000,4.75
2.6005,-8.77
2.6010,-9.65
2.6015,-8.73
2.6020,-18.36
2.6025,11.83
2.6030,0.82
2.6035,2.27
2.6040,0.37
2.6045,-5.50
2.6050,5.23
2.6055,6.05
2.6060,-15.82
2.6065,7.47
2.6070,-11.65
2.6075,-8.44
2.6080,-3.68
2.6085,-8.55
2.6090,-0.27
2.6095,-2.87
2.6100,-11.85
2.6105,-5.17
2.6110,-9.94
2.6115,-4.04
2.6120,-7.22
2.6125,3.98
2.6130,-4.62
2.6135,-10.84
2.6140,-4.00
2.6145,-13.59
2.6150,5.95
2.6155,-8.78
2.6160,-10.29
2.6165,-1.91
2.6170,11.91
2.6175,-2.03
2.6180,-17.77
2.6185,11.69
2.6190,-14.77
2.6195,-5.44
2.6200,-10.38
2.6205,-9.79
2.6210,-4.52
2.6215,-3.52
2.6220,3.98
2.6225,3.09
2.6230,-4.28
2.6235,-12.20
2.6240,-4.55
2.6245,-1.74
2.6250,1.17
2.6255,-5.75
2.6260,-10.53
2.6265,-8.87
2.6270,-3.42
2.6275,-10.84
2.6280,-5.92
2.6285,5.77
2.6290,-24.63
2.6295,-1.50
2.6300,-1.72
2.6305,1.80
2.6310,1.30
2.6315,11.85
2.6320,3.61
2.6325,0.91
2.6330,-5.94
2.6335,0.87
2.6340,-13.04
2.6345,-3.47
2.6350,-8.84
2.6355,-10.22
2.6360,-4.45
2.6365,7.64
2.6370,-7.91
2.6375,-8.84
2.6380,3.91
2.6385,2.58
2.6390,0.15
2.6395,-6.93
2.6400,0.65
2.6405,6.19
2.6410,8.55
2.6415,-7.00
2.6420,-5.46
2.6425,-0.23
2.6430,1.32
2.6435,-12.60
2.6440,-4.53
2.6445,-9.95
2.6450,-3.61
2.6455,-29.55
2.6460,5.11
2.6465,16.53
2.6470,-16.02
2.6475,-5.77
2.6480,-5.60
2.6485,-5.96
2.6490,-15.19
2.6495,6.10
2.6500,6.23
2.6505,7.48
2.6510,3.54
2.6515,-14.13
2.6520,5.27
2.6525,-8.11
2.6530,10.83
2.6535,1.39
2.6540,-14.43
2.6545,-4.45
2.6550,-12.55
2.6555,3.36
2.6560,1.35
2.6565,17.56
2.6570,10.18
2.6575,-8.33
2.6580,9.30
2.6585,-1.41
2.6590,4.23
2.6595,5.26
2.6600,1.25
2.6605,10.07
2.6610,23.89
2.6615,5.47
2.6620,12.61
2.6625,-5.67
2.6630,-2.41
2.6635,-3.73
2.6640,-14.80
2.6645,0.40
2.6650,4.19
2.6655,-8.06
2.6660,-5.95
2.6665,2.15
2.6670,11.13
2.6675,-4.02
2.6680,9.56
2.6685,13.81
2.6690,4.89
2.6695,-3.15
2.6700,-14.71
2.6705,9.18
2.6710,5.82
2.6715,10.40
2.6720,-1.23
2.6725,13.42
2.6730,0.49
2.6735,13.34
2.6740,-3.66
2.6745,-2.98
2.6750,5.56
2.6755,-0.90
2.6760,-2.58
2.6765,9.92
2.6770,2.48
2.6775,-5.81
2.6780,6.86
2.6785,0.59
2.6790,0.78
2.6795,-4.28
2.6800,7.93
2.6805,-13.71
2.6810,9.12
2.6815,-10.41
2.6820,3.93
2.6825,9.07
2.6830,-0.28
2.6835,9.68
2.6840,11.69
2.6845,12.23
2.6850,80.46
2.6855,54.10
2.6860,1.60
2.6865,-32.29
2.6870,-19.23
2.6875,-23.84
2.6880,-0.13
2.6885,8.48
2.6890,0.64
2.6895,4.79
2.6900,9.28
2.6905,-1.63
2.6910,-0.26
2.6915,1.39
2.6920,8.14
2.6925,14.91
2.6930,13.09
2.6935,7.52
2.6940,13.95
2.6945,8.39
2.6950,5.03
2.6955,17.28
2.6960,-12.96
2.6965,-15.33
2.6970,-5.85
2.6975,4.11
2.6980,-1.84
2.6985,3.16
2.6990,13.71
2.6995,12.91
2.7000,9.21
2.7005,1.01
2.7010,2.79
2.7015,-11.05
2.7020,4.12
2.7025,1.71
2.7030,6.85
2.7035,0.57
2.7040,-4.51
2.7045,-5.37
2.7050,-6.12
2.7055,23.21
2.7060,14.99
2.7065,14.07
2.7070,-4.90
2.7075,1.70
2.7080,3.16
2.7085,1.93
2.7090,5.63
2.7095,14.80
2.7100,-4.58
2.7105,-8.01
2.7110,-10.96
2.7115,4.24
2.7120,-1.84
2.7125,4.52
2.7130,3.04
2.7135,17.28
2.7140,0.29
2.7145,-8.83
2.7150,0.67
2.7155,-0.67
2.7160,-4.49
2.7165,0.23
2.7170,18.61
2.7175,-6.58
2.7180,0.56
2.7185,-5.98
2.7190,-2.52
2.7195,7.01
2.7200,-0.39
2.7205,7.08
2.7210,8.92
2.7215,-3.53
2.7220,-7.51
2.7225,-3.43
2.7230,-0.64
2.7235,9.19
2.7240,4.72
2.7245,17.96
2.7250,2.11
2.7255,3.38
2.7260,-2.08
2.7265,2.66
2.7270,52.92
2.7275,76.61
2.7280,28.04
2.7285,12.03
2.7290,-5.34
2.7295,-19.16
2.7300,-29.46
2.7305,0.50
2.7310,-8.91
2.7315,21.35
2.7320,2.74
2.7325,-0.59
2.7330,1.55
2.7335,2.24
2.7340,9.93
2.7345,10.57
2.7350,2.00
2.7355,0.02
2.7360,-5.30
2.7365,11.25
2.7370,13.17
2.7375,4.07
2.7380,4.45
2.7385,9.94
2.7390,14.09
2.7395,-1.05
2.7400,7.17
2.7405,8.99
2.7410,-12.50
2.7415,1.59
2.7420,9.05
2.7425,4.52
2.7430,5.16
2.7435,31.96
2.7440,66.53
2.7445,25.71
2.7450,11.19
2.7455,-18.73
2.7460,4.11
2.7465,-12.95
2.7470,4.49
2.7475,16.59
2.7480,2.26
2.7485,5.48
2.7490,17.04
2.7495,16.68
2.7500,-1.94
2.7505,12.83
2.7510,12.71
2.7515,2.26
2.7520,1.42
2.7525,0.86
2.7530,11.86
2.7535,7.02
2.7540,6.07
2.7545,6.95
2.7550,3.17
2.7555,-2.53
2.7560,6.30
2.7565,20.78
2.7570,-7.76
2.7575,11.16
2.7580,8.82
2.7585,-1.04
2.7590,-7.36
2.7595,4.74
2.7600,8.35
2.7605,2.15
2.7610,-14.34
2.7615,7.86
2.7620,1.16
2.7625,1.22
2.7630,17.10
2.7635,4.57
2.7640,6.62
2.7645,8.65
2.7650,4.48
2.7655,1.59
2.7660,-3.08
2.7665,4.22
2.7670,-0.88
2.7675,3.29
2.7680,1.31
2.7685,12.53
2.7690,7.39
2.7695,-4.81
2.7700,8.34
2.7705,-3.40
2.7710,-5.00
2.7715,14.61
2.7720,4.43
2.7725,-4.42
2.7730,-0.42
2.7735,15.28
2.7740,-6.00
2.7745,-1.58
2.7750,9.04
2.7755,-2.78
2.7760,-0.45
2.7765,-5.66
2.7770,6.75
2.7775,-10.44
2.7780,17.90
2.7785,9.32
2.7790,2.08
2.7795,0.27
2.7800,19.85
2.7805,9.83
2.7810,6.85
2.7815,-3.74
2.7820,-3.65
2.7825,-2.11
2.7830,8.77
2.7835,1.60
2.7840,4.03
2.7845,-5.42
2.7850,5.45
2.7855,15.31
2.7860,5.30
2.7865,5.02
2.7870,9.39
2.7875,-2.84
2.7880,-9.96
2.7885,17.33
2.7890,8.29
2.7895,1.49
2.7900,-2.69
2.7905,22.75
2.7910,-1.12
2.7915,3.20
2.7920,9.30
2.7925,10.74
2.7930,3.83
2.7935,15.55
2.7940,6.52
2.7945,9.99
2.7950,-9.73
2.7955,9.02
2.7960,16.31
2.7965,-18.77
2.7970,5.91
2.7975,15.59
2.7980,9.80
2.7985,2.61
2.7990,-6.42
2.7995,16.84
2.8000,11.98
2.8005,-2.35
2.8010,0.67
2.8015,0.26
2.8020,7.80
2.8025,-1.61
2.8030,-0.65
2.8035,-3.93
2.8040,3.54
2.8045,3.81
2.8050,-0.71
2.8055,-2.11
2.8060,-2.71
2.8065,-8.53
2.8070,-7.97
2.8075,0.89
2.8080,20.28
2.8085,-2.16
2.8090,-1.30
2.8095,-0.49
2.8100,0.41
2.8105,-2.21
2.8110,13.90
2.8115,-9.99
2.8120,-2.36
2.8125,1.78
2.8130,-7.20
2.8135,-13.43
2.8140,-3.98
2.8145,-6.31
2.8150,-4.10
2.8155,-2.06
2.8160,-6.33
2.8165,-11.01
2.8170,-9.49
2.8175,6.13
2.8180,-5.88
2.8185,5.12
2.8190,0.69
2.8195,-17.04
2.8200,-4.61
2.8205,-1.75
2.8210,4.01
2.8215,19.66
2.8220,-1.98
2.8225,5.84
2.8230,-6.75
2.8235,3.19
2.8240,3.35
2.8245,2.06
2.8250,2.60
2.8255,9.62
2.8260,10.08
2.8265,5.87
2.8270,7.18
2.8275,-12.87
2.8280,6.95
2.8285,-1.43
2.8290,-10.38
2.8295,0.10
2.8300,-3.17
2.8305,-17.03
2.8310,-1.13
2.8315,4.70
2.8320,-1.87
2.8325,-4.57
2.8330,-2.43
2.8335,2.83
2.8340,2.12
2.8345,-2.62
2.8350,11.24
2.8355,-8.10
2.8360,0.79
2.8365,-7.30
2.8370,7.58
2.8375,1.64
2.8380,-5.68
2.8385,-9.09
2.8390,-1.92
2.8395,2.11
2.8400,10.22
2.8405,5.30
2.8410,-13.84
2.8415,-2.44
2.8420,16.66
2.8425,-8.91
2.8430,-4.10
2.8435,-1.75
2.8440,-6.73
2.8445,-7.25
2.8450,2.75
2.8455,-0.85
2.8460,3.61
2.8465,106.86
2.8470,63.77
2.8475,23.52
2.8480,-9.08
2.8485,-34.50
2.8490,-33.08
2.8495,-13.87
2.8500,-0.57
2.8505,0.01
2.8510,-7.43
2.8515,-1.51
2.8520,-0.92
2.8525,16.09
2.8530,19.64
2.8535,-0.62
2.8540,-2.56
2.8545,-17.66
2.8550,4.87
2.8555,11.82
2.8560,-12.30
2.8565,2.42
2.8570,-8.60
2.8575,-13.86
2.8580,-7.38
2.8585,-4.79
2.8590,14.75
2.8595,-5.50
2.8600,2.95
2.8605,-4.34
2.8610,-9.94
2.8615,7.00
2.8620,1.99
2.8625,8.69
2.8630,-7.74
2.8635,4.24
2.8640,-9.86
2.8645,3.33
2.8650,-1.98
2.8655,-20.41
2.8660,0.68
2.8665,-7.51
2.8670,-3.79
2.8675,-4.47
2.8680,4.24
2.8685,3.89
2.8690,0.09
2.8695,-10.62
2.8700,4.87
2.8705,-4.59
2.8710,7.78
2.8715,-2.10
2.8720,-18.58
2.8725,12.17
2.8730,-8.12
2.8735,0.84
2.8740,-4.20
2.8745,-3.46
2.8750,2.70
2.8755,-10.85
2.8760,5.15
2.8765,8.30
2.8770,3.57
2.8775,0.30
2.8780,-10.77
2.8785,5.41
2.8790,-18.41
2.8795,-3.64
2.8800,-1.23
2.8805,-11.61
2.8810,5.14
2.8815,-7.06
2.8820,-11.06
2.8825,-9.39
2.8830,-7.20
2.8835,-4.19
2.8840,-1.84
2.8845,5.27
2.8850,-7.54
2.8855,-2.99
2.8860,-19.63
2.8865,-3.83
2.8870,-7.75
2.8875,-3.77
2.8880,-3.97
2.8885,-17.50
2.8890,-2.90
2.8895,7.08
2.8900,-1.73
2.8905,-2.52
2.8910,-7.12
2.8915,-1.02
2.8920,-24.88
2.8925,3.53
2.8930,-3.82
2.8935,0.15
2.8940,-9.23
2.8945,-10.64
2.8950,-14.16
2.8955,1.25
2.8960,-4.29
2.8965,-10.21
2.8970,-13.50
2.8975,-0.85
2.8980,-18.50
2.8985,-7.37
2.8990,2.77
2.8995,3.25
2.9000,-12.68
2.9005,-7.42
2.9010,-2.92
2.9015,-7.43
2.9020,-10.33
2.9025,2.72
2.9030,3.88
2.9035,-2.33
2.9040,-5.88
2.9045,-8.40
2.9050,7.32
2.9055,9.51
2.9060,-1.39
2.9065,-3.19
2.9070,2.60
2.9075,-17.96
2.9080,7.88
2.9085,-2.79
2.9090,-17.76
2.9095,-0.36
2.9100,-18.18
2.9105,-8.86
2.9110,-12.56
2.9115,-2.66
2.9120,-8.39
2.9125,-7.07
2.9130,-5.09
2.9135,-7.01
2.9140,-0.43
2.9145,4.91
2.9150,-2.82
2.9155,-3.18
2.9160,-7.33
2.9165,-0.21
2.9170,-9.39
2.9175,-1.41
2.9180,-1.82
2.9185,0.22
2.9190,-11.62
2.9195,7.15
2.9200,6.95
2.9205,3.13
2.9210,2.63
2.9215,-1.54
2.9220,-2.60
2.9225,0.74
2.9230,-12.37
2.9235,1.34
2.9240,0.65
2.9245,-16.19
2.9250,-11.74
2.9255,0.61
2.9260,-9.34
2.9265,8.45
2.9270,-4.29
2.9275,-11.82
2.9280,3.45
2.9285,-14.55
2.9290,-6.74
2.9295,-0.40
2.9300,-6.16
2.9305,-8.09
2.9310,-1.76
2.9315,-8.90
2.9320,-4.74
2.9325,-10.78
2.9330,-12.31
2.9335,-1.67
2.9340,-9.31
2.9345,-9.25
2.9350,-7.37
2.9355,-2.02
2.9360,-7.79
2.9365,-5.72
2.9370,-10.45
2.9375,-16.94
2.9380,-3.02
2.9385,-14.13
2.9390,-3.06
2.9395,7.86
2.9400,5.10
2.9405,-7.86
2.9410,-17.94
2.9415,-1.20
2.9420,-6.58
2.9425,-11.96
2.9430,-2.47
2.9435,1.48
2.9440,-7.37
2.9445,6.74
2.9450,-8.08
2.9455,-6.90
2.9460,-2.50
2.9465,2.72
2.9470,-15.12
2.9475,7.00
2.9480,10.73
2.9485,-12.57
2.9490,0.26
2.9495,-5.92
2.9500,1.52
2.9505,4.67
2.9510,4.90
2.9515,-6.02
2.9520,-3.74
2.9525,-7.36
2.9530,23.16
2.9535,78.87
2.9540,45.59
2.9545,0.53
2.9550,-33.40
2.9555,-30.55
2.9560,-28.33
2.9565,-12.74
2.9570,-9.42
2.9575,-7.88
2.9580,-4.72
2.9585,-6.58
2.9590,0.50
2.9595,14.23
2.9600,1.73
2.9605,-2.26
2.9610,-4.43
2.9615,2.25
2.9620,1.65
2.9625,-16.12
2.9630,6.52
2.9635,-6.52
2.9640,-13.95
2.9645,5.49
2.9650,-1.92
2.9655,3.57
2.9660,0.84
2.9665,6.99
2.9670,6.89
2.9675,3.68
2.9680,5.14
2.9685,-9.14
2.9690,3.60
2.9695,2.12
2.9700,-19.85
2.9705,-14.76
2.9710,-6.32
2.9715,12.55
2.9720,-5.74
2.9725,4.48
2.9730,-7.78
2.9735,5.35
2.9740,4.01
2.9745,-2.15
2.9750,1.57
2.9755,1.81
2.9760,-4.40
2.9765,-15.84
2.9770,10.78
2.9775,-8.76
2.9780,-7.90
2.9785,-6.23
2.9790,-5.43
2.9795,-5.93
2.9800,18.23
2.9805,-10.73
2.9810,8.17
2.9815,-3.70
2.9820,-0.54
2.9825,-11.10
2.9830,-4.57
2.9835,-12.52
2.9840,7.26
2.9845,-10.27
2.9850,5.82
2.9855,-21.42
2.9860,2.96
2.9865,2.78
2.9870,3.58
2.9875,-15.21
2.9880,3.93
2.9885,5.53
2.9890,-0.26
2.9895,0.85
2.9900,5.39
2.9905,-0.03
2.9910,3.90
2.9915,6.66
2.9920,5.87
2.9925,-5.46
2.9930,4.36
2.9935,-5.99
2.9940,-8.54
2.9945,-4.29
2.9950,-9.26
2.9955,2.04
2.9960,-0.85
2.9965,-2.48
2.9970,16.17
2.9975,1.13
2.9980,-7.66
2.9985,-0.52
2.9990,11.31
2.9995,-2.04
3.0000,7.88
3.0005,17.12
3.0010,5.48
3.0015,12.37
3.0020,2.38
3.0025,-6.74
3.0030,-12.09
3.0035,8.38
3.0040,-10.15
3.0045,15.87
3.0050,-1.73
3.0055,3.00
3.0060,-13.42
3.0065,-10.54
3.0070,-5.58
3.0075,10.65
3.0080,-0.42
3.0085,12.74
3.0090,-3.94
3.0095,-10.67
3.0100,3.53
3.0105,-2.68
3.0110,-0.52
3.0115,-6.46
3.0120,-7.73
3.0125,-6.20
3.0130,6.84
3.0135,-2.97
3.0140,-2.19
3.0145,-6.19
3.0150,0.66
3.0155,12.49
3.0160,5.30
3.0165,3.71
3.0170,-3.70
3.0175,3.33
3.0180,5.85
3.0185,1.62
3.0190,7.98
3.0195,8.12
3.0200,4.17
3.0205,-2.31
3.0210,4.94
3.0215,0.12
3.0220,3.59
3.0225,7.40
3.0230,-5.20
3.0235,-9.39
3.0240,0.77
3.0245,1.69
3.0250,-12.37
3.0255,11.03
3.0260,22.40
3.0265,14.55
3.0270,13.56
3.0275,-2.19
3.0280,-6.92
3.0285,-2.71
3.0290,-3.22
3.0295,-3.18
3.0300,-1.42
3.0305,2.46
3.0310,3.51
3.0315,-13.41
3.0320,-18.64
3.0325,-3.10
3.0330,11.69
3.0335,1.51
3.0340,-11.49
3.0345,5.46
3.0350,10.41
3.0355,16.21
3.0360,-10.09
3.0365,-6.51
3.0370,6.22
3.0375,7.32
3.0380,6.22
3.0385,-4.26
3.0390,7.82
3.0395,7.24
3.0400,15.74
3.0405,11.47
3.0410,5.38
3.0415,7.70
3.0420,16.09
3.0425,-2.70
3.0430,9.76
3.0435,4.05
3.0440,-3.46
3.0445,9.20
3.0450,-5.36
3.0455,-9.25
3.0460,10.43
3.0465,-1.07
3.0470,0.10
3.0475,4.89
3.0480,-3.48
3.0485,3.09
3.0490,6.78
3.0495,2.57
3.0500,14.23
3.0505,6.42
3.0510,-4.77
3.0515,9.80
3.0520,3.11
3.0525,-0.03
3.0530,16.49
3.0535,8.09
3.0540,-2.52
3.0545,19.07
3.0550,6.20
3.0555,0.75
3.0560,15.01
3.0565,1.36
3.0570,11.56
3.0575,-8.60
3.0580,9.14
3.0585,-4.72
3.0590,8.25
3.0595,9.08
3.0600,9.92
3.0605,-2.37
3.0610,1.59
3.0615,-5.51
3.0620,8.53
3.0625,17.75
3.0630,-6.15
3.0635,1.03
3.0640,6.47
3.0645,10.45
3.0650,1.23
3.0655,-2.40
3.0660,1.96
3.0665,1.92
3.0670,2.15
3.0675,2.31
3.0680,19.66
3.0685,3.93
3.0690,3.59
3.0695,-0.29
3.0700,-13.37
3.0705,13.46
3.0710,5.48
3.0715,18.69
3.0720,13.06
3.0725,10.35
3.0730,4.18
3.0735,7.28
3.0740,16.08
3.0745,14.11
3.0750,-14.95
3.0755,13.63
3.0760,21.33
3.0765,13.00
3.0770,-5.40
3.0775,2.00
3.0780,2.73
3.0785,15.17
3.0790,15.31
3.0795,14.22
3.0800,-1.42
3.0805,-2.11
3.0810,-1.24
3.0815,1.91
3.0820,1.95
3.0825,15.95
3.0830,2.30
3.0835,3.80
3.0840,4.65
3.0845,9.85
3.0850,7.18
3.0855,25.84
3.0860,3.68
3.0865,-7.37
3.0870,3.15
3.0875,8.28
3.0880,-13.92
3.0885,6.50
3.0890,5.92
3.0895,8.11
3.0900,2.88
3.0905,3.71
3.0910,14.37
3.0915,7.99
3.0920,6.34
3.0925,15.26
3.0930,-2.96
3.0935,4.21
3.0940,-5.45
3.0945,-8.64
3.0950,-14.61
3.0955,3.12
3.0960,-1.62
3.0965,-10.02
3.0970,6.74
3.0975,4.66
3.0980,7.08
3.0985,-3.75
3.0990,6.45
3.0995,12.97
3.1000,-6.49
3.1005,2.69
3.1010,14.55
3.1015,-2.76
3.1020,-2.93
3.1025,1.25
3.1030,7.73
3.1035,2.72
3.1040,-8.50
3.1045,12.39
3.1050,-12.12
3.1055,11.68
3.1060,5.94
3.1065,8.67
3.1070,17.81
3.1075,9.36
3.1080,16.43
3.1085,-6.00
3.1090,5.15
3.1095,9.37
3.1100,9.65
3.1105,3.48
3.1110,0.47
3.1115,18.15
3.1120,1.20
3.1125,14.80
3.1130,-6.29
3.1135,-2.43
3.1140,-5.16
3.1145,6.91
3.1150,9.08
3.1155,-3.04
3.1160,-4.44
3.1165,-0.34
3.1170,6.31
3.1175,11.91
3.1180,2.37
3.1185,-0.73
3.1190,5.37
3.1195,20.92
3.1200,-6.97
3.1205,9.13
3.1210,14.97
3.1215,16.17
3.1220,-2.02
3.1225,11.42
3.1230,12.38
3.1235,-9.14
3.1240,3.51
3.1245,-1.76
3.1250,-12.17
3.1255,3.04
3.1260,4.21
3.1265,27.96
3.1270,1.61
3.1275,1.30
3.1280,-8.39
3.1285,6.88
3.1290,3.01
3.1295,9.05
3.1300,-1.80
3.1305,3.41
3.1310,2.97
3.1315,7.42
3.1320,-13.72
3.1325,4.89
3.1330,14.00
3.1335,5.66
3.1340,-15.52
3.1345,4.85
3.1350,10.56
3.1355,-0.26
3.1360,-7.58
3.1365,14.66
3.1370,6.27
3.1375,6.31
3.1380,5.11
3.1385,2.74
3.1390,9.60
3.1395,-3.75
3.1400,2.77
3.1405,12.02
3.1410,-4.55
3.1415,3.80
3.1420,6.98
3.1425,0.73
3.1430,-14.09
3.1435,-4.50
3.1440,8.82
3.1445,6.71
3.1450,0.61
3.1455,-9.15
3.1460,18.55
3.1465,18.62
3.1470,2.51
3.1475,-6.98
3.1480,-11.36
3.1485,9.59
3.1490,14.13
3.1495,3.73
3.1500,-6.83
3.1505,-14.25
3.1510,6.63
3.1515,8.48
3.1520,-3.69
3.1525,-9.20
3.1530,8.39
3.1535,3.64
3.1540,-18.61
3.1545,6.92
3.1550,0.63
3.1555,5.66
3.1560,2.28
3.1565,-1.10
3.1570,-6.94
3.1575,-0.99
3.1580,7.03
3.1585,13.40
3.1590,0.95
3.1595,1.41
3.1600,4.71
3.1605,-0.65
3.1610,6.82
3.1615,1.11
3.1620,-2.31
3.1625,-6.00
3.1630,-6.56
3.1635,0.99
3.1640,-11.28
3.1645,-2.75
3.1650,-3.23
3.1655,10.16
3.1660,0.15
3.1665,-5.86
3.1670,2.71
3.1675,13.76
3.1680,5.01
3.1685,-4.52
3.1690,-5.87
3.1695,-6.49
3.1700,0.16
3.1705,-3.78
3.1710,-4.38
3.1715,-8.32
3.1720,3.54
3.1725,6.96
3.1730,3.54
3.1735,8.89
3.1740,-7.58
3.1745,-2.64
3.1750,1.01
3.1755,-13.73
3.1760,-3.12
3.1765,-7.07
3.1770,-8.16
3.1775,6.24
3.1780,-9.38
3.1785,-4.99
3.1790,7.59
3.1795,8.70
3.1800,1.28
3.1805,-14.09
3.1810,2.79
3.1815,10.42
3.1820,0.06
3.1825,-1.14
3.1830,11.89
3.1835,1.47
3.1840,15.36
3.1845,4.38
3.1850,-0.74
3.1855,0.71
3.1860,11.80
3.1865,5.88
3.1870,-10.30
3.1875,5.49
3.1880,0.82
3.1885,-12.39
3.1890,8.56
3.1895,-8.26
3.1900,-6.56
3.1905,-9.28
3.1910,6.03
3.1915,6.56
3.1920,-12.06
3.1925,-1.47
3.1930,-18.47
3.1935,-1.89
3.1940,-6.75
3.1945,-13.08
3.1950,4.57
3.1955,3.68
3.1960,-5.05
3.1965,-13.36
3.1970,19.42
3.1975,5.60
3.1980,-16.08
3.1985,-9.51
3.1990,-8.50
3.1995,4.27
3.2000,-6.00
3.2005,-13.69
3.2010,13.43
3.2015,-5.23
3.2020,-7.01
3.2025,-19.55
3.2030,0.82
3.2035,-11.49
3.2040,3.04
3.2045,4.76
3.2050,-8.98
3.2055,-14.08
3.2060,8.40
3.2065,2.32
3.2070,-8.04
3.2075,-15.89
3.2080,-6.01
3.2085,-2.14
3.2090,-11.52
3.2095,-10.46
3.2100,-16.12
3.2105,-6.09
3.2110,-6.88
3.2115,-4.12
3.2120,-13.36
3.2125,-11.51
3.2130,-15.83
3.2135,-5.40
3.2140,10.19
3.2145,-6.13
3.2150,-4.38
3.2155,-10.16
3.2160,3.63
3.2165,-1.74
3.2170,-10.36
3.2175,-10.61
3.2180,-11.10
3.2185,-5.72
3.2190,-5.84
3.2195,-10.09
3.2200,-22.09
3.2205,-3.50
3.2210,-1.00
3.2215,9.03
3.2220,-7.96
3.2225,5.48
3.2230,8.62
3.2235,2.76
3.2240,-4.76
3.2245,-2.67
3.2250,-4.18
3.2255,2.47
3.2260,0.79
3.2265,-3.27
3.2270,-2.67
3.2275,-0.39
3.2280,0.81
3.2285,-5.44
3.2290,13.58
3.2295,-9.35
3.2300,6.68
3.2305,-2.96
3.2310,-13.54
3.2315,6.29
3.2320,13.03
3.2325,-14.22
3.2330,-10.09
3.2335,-12.82
3.2340,-12.56
3.2345,-6.87
3.2350,8.51
3.2355,4.44
3.2360,-11.64
3.2365,-2.13
3.2370,0.63
3.2375,-0.53
3.2380,-1.19
3.2385,-15.14
3.2390,-7.26
3.2395,-15.01
3.2400,-13.35
3.2405,-5.51
3.2410,-13.59
3.2415,-17.36
3.2420,-11.01
3.2425,-6.30
3.2430,-2.40
3.2435,-12.60
3.2440,-3.73
3.2445,0.35
3.2450,2.69
3.2455,0.41
3.2460,6.73
3.2465,-5.78
3.2470,-3.05
3.2475,-14.94
3.2480,-15.55
3.2485,-21.38
3.2490,-6.92
3.2495,-7.61
3.2500,-8.50
3.2505,-4.46
3.2510,-17.12
3.2515,-23.47
3.2520,-5.94
3.2525,-5.45
3.2530,-13.66
3.2535,-7.31
3.2540,-6.47
3.2545,-10.66
3.2550,3.65
3.2555,-22.53
3.2560,6.56
3.2565,-7.26
3.2570,-6.49
3.2575,-12.44
3.2580,-5.05
3.2585,-14.02
3.2590,-9.93
3.2595,-6.82
3.2600,0.56
3.2605,-22.39
3.2610,-0.73
3.2615,-1.58
3.2620,-1.97
3.2625,0.33
3.2630,-20.60
3.2635,-3.62
3.2640,-12.56
3.2645,-23.11
3.2650,-8.45
3.2655,-7.62
3.2660,1.86
3.2665,-7.84
3.2670,-16.57
3.2675,-11.02
3.2680,-15.13
3.2685,8.63
3.2690,-0.72
3.2695,-10.45
3.2700,8.21
3.2705,-6.30
3.2710,-18.52
3.2715,-6.68
3.2720,-10.61
3.2725,-11.15
3.2730,-8.99
3.2735,-1.42
3.2740,2.02
3.2745,-4.90
3.2750,-4.58
3.2755,-0.72
3.2760,-4.59
3.2765,-6.84
3.2770,-4.07
3.2775,1.98
3.2780,-4.75
3.2785,-11.52
3.2790,-3.65
3.2795,-11.85
3.2800,-6.21
3.2805,-7.08
3.2810,-7.46
3.2815,4.84
3.2820,-10.08
3.2825,-3.36
3.2830,-13.77
3.2835,-0.44
3.2840,-19.17
3.2845,-4.66
3.2850,12.02
3.2855,1.00
3.2860,-13.18
3.2865,-5.01
3.2870,-14.61
3.2875,-1.35
3.2880,-0.96
3.2885,-1.28
3.2890,6.40
3.2895,0.10
3.2900,-8.26
3.2905,-0.73
3.2910,15.87
3.2915,-4.62
3.2920,-7.65
3.2925,-14.25
3.2930,6.78
3.2935,0.01
3.2940,-24.23
3.2945,-5.94
3.2950,-12.66
3.2955,-13.28
3.2960,-6.72
3.2965,-0.67
3.2970,-8.85
3.2975,8.27
3.2980,-9.06
3.2985,-10.92
3.2990,1.97
3.2995,-2.25
3.3000,42.45
3.3005,11.77
3.3010,-1.88
3.3015,-28.39
3.3020,-10.54
3.3025,-25.10
3.3030,-7.77
3.3035,-11.03
3.3040,-11.61
3.3045,5.65
3.3050,-4.11
3.3055,-6.41
3.3060,-0.63
3.3065,-6.19
3.3070,4.80
3.3075,-2.64
3.3080,8.29
3.3085,-0.70
3.3090,-1.19
3.3095,-12.72
3.3100,-2.19
3.3105,6.73
3.3110,-4.84
3.3115,1.80
3.3120,2.22
3.3125,-14.62
3.3130,-0.48
3.3135,0.60
3.3140,-2.24
3.3145,-9.92
3.3150,5.45
3.3155,-0.70
3.3160,-10.42
3.3165,9.38
3.3170,-5.20
3.3175,0.61
3.3180,-4.53
3.3185,6.39
3.3190,22.63
3.3195,-5.98
3.3200,15.35
3.3205,16.69
3.3210,13.78
3.3215,-7.70
3.3220,0.78
3.3225,1.20
3.3230,-7.00
3.3235,2.15
3.3240,6.70
3.3245,0.16
3.3250,-13.10
3.3255,-5.54
3.3260,-3.46
3.3265,-0.18
3.3270,9.44
3.3275,4.51
3.3280,5.29
3.3285,1.64
3.3290,-1.61
3.3295,-1.58
3.3300,22.80
3.3305,7.91
3.3310,4.23
3.3315,5.19
3.3320,-8.86
3.3325,2.02
3.3330,-6.07
3.3335,-2.47
3.3340,12.88
3.3345,-10.54
3.3350,-5.82
3.3355,2.00
3.3360,-1.59
3.3365,5.51
3.3370,-15.21
3.3375,4.14
3.3380,4.94
3.3385,-22.07
3.3390,-10.56
3.3395,12.48
3.3400,1.89
3.3405,6.08
3.3410,-5.44
3.3415,3.52
3.3420,-5.30
3.3425,9.70
3.3430,3.32
3.3435,7.62
3.3440,-16.00
3.3445,12.07
3.3450,3.30
3.3455,-13.39
3.3460,-2.28
3.3465,-2.29
3.3470,-3.04
3.3475,1.25
3.3480,-0.40
3.3485,0.75
3.3490,-0.56
3.3495,-0.18
3.3500,-2.68
3.3505,-8.07
3.3510,-16.98
3.3515,10.09
3.3520,-5.92
3.3525,7.50
3.3530,11.77
3.3535,7.13
3.3540,-8.82
3.3545,2.08
3.3550,-14.60
3.3555,12.91
3.3560,13.69
3.3565,70.68
3.3570,59.38
3.3575,10.62
3.3580,-5.53
3.3585,-3.79
3.3590,-27.37
3.3595,-4.76
3.3600,-0.88
3.3605,22.69
3.3610,-4.87
3.3615,-11.40
3.3620,-3.22
3.3625,2.35
3.3630,-12.16
3.3635,-0.90
3.3640,5.22
3.3645,6.08
3.3650,18.81
3.3655,-3.78
3.3660,2.42
3.3665,15.37
3.3670,7.36
3.3675,9.83
3.3680,-1.32
3.3685,9.83
3.3690,1.73
3.3695,-9.16
3.3700,-5.04
3.3705,15.39
3.3710,-4.33
3.3715,4.28
3.3720,3.05
3.3725,3.10
3.3730,12.39
3.3735,8.83
3.3740,13.62
3.3745,3.77
3.3750,-1.73
3.3755,-7.86
3.3760,3.70
3.3765,0.18
3.3770,-0.93
3.3775,13.16
3.3780,5.48
3.3785,-0.06
3.3790,9.45
3.3795,7.81
3.3800,3.98
3.3805,11.69
3.3810,4.07
3.3815,0.37
3.3820,-1.78
3.3825,9.41
3.3830,13.44
3.3835,-1.77
3.3840,-3.95
3.3845,1.57
3.3850,10.09
3.3855,2.55
3.3860,4.29
3.3865,9.58
3.3870,5.20
3.3875,11.03
3.3880,-0.93
3.3885,0.48
3.3890,0.57
3.3895,-7.65
3.3900,-2.78
3.3905,-3.37
3.3910,16.66
3.3915,9.42
3.3920,-8.60
3.3925,6.84
3.3930,-6.66
3.3935,3.13
3.3940,13.62
3.3945,17.32
3.3950,9.79
3.3955,18.25
3.3960,11.14
3.3965,-1.73
3.3970,8.11
3.3975,-4.07
3.3980,8.89
3.3985,11.20
3.3990,2.45
3.3995,2.24
3.4000,17.44
3.4005,-15.94
3.4010,7.01
3.4015,9.41
3.4020,3.83
3.4025,9.44
3.4030,9.75
3.4035,13.68
3.4040,17.55
3.4045,-0.47
3.4050,15.41
3.4055,5.93
3.4060,11.16
3.4065,20.16
3.4070,-2.05
3.4075,12.22
3.4080,-5.03
3.4085,8.92
3.4090,10.06
3.4095,0.71
3.4100,11.61
3.4105,12.57
3.4110,1.98
3.4115,12.26
3.4120,7.58
3.4125,9.00
3.4130,-2.60
3.4135,8.34
3.4140,-15.64
3.4145,7.42
3.4150,4.05
3.4155,1.48
3.4160,7.42
3.4165,4.80
3.4170,-17.74
3.4175,4.74
3.4180,6.81
3.4185,0.01
3.4190,-1.11
3.4195,-1.29
3.4200,15.04
3.4205,17.79
3.4210,22.02
3.4215,4.37
3.4220,10.45
3.4225,18.50
3.4230,8.37
3.4235,13.05
3.4240,1.49
3.4245,8.01
3.4250,-6.61
3.4255,15.05
3.4260,5.81
3.4265,4.67
3.4270,9.40
3.4275,14.50
3.4280,12.58
3.4285,-8.01
3.4290,6.55
3.4295,-2.58
3.4300,9.32
3.4305,0.09
3.4310,3.62
3.4315,-0.40
3.4320,-6.93
3.4325,-0.29
3.4330,0.92
3.4335,5.98
3.4340,-6.33
3.4345,5.84
3.4350,4.57
3.4355,15.60
3.4360,-7.08
3.4365,-10.00
3.4370,6.16
3.4375,-8.96
3.4380,1.58
3.4385,3.10
3.4390,-6.03
3.4395,9.49
3.4400,-4.43
3.4405,15.89
3.4410,1.18
3.4415,3.74
3.4420,5.37
3.4425,-15.13
3.4430,-13.68
3.4435,24.34
3.4440,11.64
3.4445,-5.00
3.4450,6.53
3.4455,11.38
3.4460,11.86
3.4465,18.34
3.4470,-3.63
3.4475,8.61
3.4480,3.04
3.4485,8.56
3.4490,15.34
3.4495,-2.01
3.4500,8.08
3.4505,11.22
3.4510,-1.01
3.4515,23.15
3.4520,-6.62
3.4525,-3.61
3.4530,6.60
3.4535,5.29
3.4540,-1.83
3.4545,2.73
3.4550,-8.94
3.4555,1.84
3.4560,4.78
3.4565,7.82
3.4570,0.35
3.4575,7.18
3.4580,-14.46
3.4585,1.02
3.4590,-14.29
3.4595,-1.54
3.4600,9.90
3.4605,-3.85
3.4610,-1.68
3.4615,0.84
3.4620,14.78
3.4625,2.55
3.4630,-0.21
3.4635,11.81
3.4640,-5.15
3.4645,1.16
3.4650,-11.56
3.4655,-8.31
3.4660,16.46
3.4665,14.88
3.4670,12.19
3.4675,-6.06
3.4680,8.23
3.4685,1.18
3.4690,10.49
3.4695,2.09
3.4700,-10.08
3.4705,13.60
3.4710,0.48
3.4715,3.44
3.4720,-10.82
3.4725,2.44
3.4730,10.09
3.4735,-1.81
3.4740,6.22
3.4745,-6.71
3.4750,14.05
3.4755,-5.84
3.4760,23.25
3.4765,0.95
3.4770,4.10
3.4775,7.88
3.4780,-4.80
3.4785,8.66
3.4790,11.23
3.4795,8.69
3.4800,9.31
3.4805,-0.97
3.4810,3.09
3.4815,1.47
3.4820,18.18
3.4825,-0.19
3.4830,9.56
3.4835,0.39
3.4840,-6.41
3.4845,5.00
3.4850,7.93
3.4855,2.57
3.4860,-7.65
3.4865,3.10
3.4870,4.73
3.4875,-12.74
3.4880,20.57
3.4885,-1.51
3.4890,5.75
3.4895,-1.26
3.4900,4.94
3.4905,-9.45
3.4910,-1.01
3.4915,-4.57
3.4920,1.01
3.4925,34.55
3.4930,65.83
3.4935,32.03
3.4940,-2.65
3.4945,-12.93
3.4950,-28.34
3.4955,-36.14
3.4960,-11.30
3.4965,-2.30
3.4970,3.75
3.4975,-8.96
3.4980,-8.87
3.4985,-2.14
3.4990,-7.97
3.4995,5.36
3.5000,-9.00
3.5005,6.78
3.5010,-0.40
3.5015,-5.55
3.5020,-3.45
3.5025,3.85
3.5030,-10.49
3.5035,-3.69
3.5040,-7.68
3.5045,-11.28
3.5050,-6.43
3.5055,-0.09
3.5060,9.27
3.5065,-0.71
3.5070,-8.37
3.5075,-14.62
3.5080,-3.69
3.5085,-1.89
3.5090,1.57
3.5095,-8.69
3.5100,9.69
3.5105,-5.23
3.5110,6.85
3.5115,1.35
3.5120,-2.26
3.5125,-11.96
3.5130,-5.89
3.5135,5.64
3.5140,-0.58
3.5145,0.83
3.5150,-9.67
3.5155,-6.50
3.5160,-1.28
3.5165,0.31
3.5170,1.73
3.5175,9.13
3.5180,2.14
3.5185,-10.63
3.5190,0.78
3.5195,1.41
3.5200,1.80
3.5205,-1.83
3.5210,16.14
3.5215,0.95
3.5220,2.66
3.5225,-9.99
3.5230,1.24
3.5235,1.87
3.5240,2.79
3.5245,-10.73
3.5250,-15.14
3.5255,0.69
3.5260,3.85
3.5265,6.30
3.5270,4.81
3.5275,-5.83
3.5280,10.41
3.5285,-1.38
3.5290,1.84
3.5295,5.24
3.5300,-0.66
3.5305,-26.51
3.5310,-16.24
3.5315,7.68
3.5320,-4.80
3.5325,6.82
3.5330,3.29
3.5335,-2.09
3.5340,-2.53
3.5345,10.32
3.5350,-13.64
3.5355,-3.54
3.5360,-1.11
3.5365,-6.00
3.5370,-9.63
3.5375,-6.53
3.5380,5.87
3.5385,-7.47
3.5390,-3.65
3.5395,-9.66
3.5400,-2.70
3.5405,4.04
3.5410,20.45
3.5415,-20.74
3.5420,-17.40
3.5425,-6.56
3.5430,5.49
3.5435,13.16
3.5440,-13.34
3.5445,16.38
3.5450,2.40
3.5455,2.94
3.5460,-8.72
3.5465,-15.64
3.5470,0.20
3.5475,-3.26
3.5480,-12.91
3.5485,-10.32
3.5490,-7.00
3.5495,-8.80
3.5500,1.12
3.5505,-1.55
3.5510,-9.74
3.5515,-9.73
3.5520,-1.97
3.5525,-6.21
3.5530,-1.23
3.5535,-11.53
3.5540,2.83
3.5545,-2.62
3.5550,-15.05
3.5555,-2.54
3.5560,-20.61
3.5565,-0.32
3.5570,-20.28
3.5575,-12.94
3.5580,-9.85
3.5585,0.93
3.5590,-15.13
3.5595,4.10
3.5600,-0.66
3.5605,3.41
3.5610,-22.73
3.5615,-5.59
3.5620,-11.35
3.5625,-3.71
3.5630,1.43
3.5635,-1.41
3.5640,-5.00
3.5645,-5.48
3.5650,6.16
3.5655,-7.10
3.5660,-13.92
3.5665,-10.62
3.5670,-3.85
3.5675,-23.50
3.5680,14.42
3.5685,-9.40
3.5690,-4.17
3.5695,-14.52
3.5700,0.56
3.5705,-1.02
3.5710,5.54
3.5715,-9.91
3.5720,2.38
3.5725,-0.78
3.5730,-14.54
3.5735,-5.72
3.5740,-7.81
3.5745,-0.40
3.5750,-1.42
3.5755,6.55
3.5760,1.77
3.5765,7.89
3.5770,-11.53
3.5775,68.13
3.5780,59.27
3.5785,11.42
3.5790,-17.16
3.5795,-15.88
3.5800,-58.47
3.5805,-9.92
3.5810,7.66
3.5815,-8.92
3.5820,5.89
3.5825,-2.63
3.5830,-4.79
3.5835,-9.12
3.5840,-8.06
3.5845,5.02
3.5850,-12.60
3.5855,-11.64
3.5860,-4.46
3.5865,5.20
3.5870,6.92
3.5875,-7.19
3.5880,-6.53
3.5885,-17.66
3.5890,-6.91
3.5895,-1.23
3.5900,-10.14
3.5905,-14.98
3.5910,-17.90
3.5915,-8.70
3.5920,-13.17
3.5925,-6.78
3.5930,0.68
3.5935,-3.41
3.5940,-6.87
3.5945,-25.34
3.5950,-4.57
3.5955,-5.91
3.5960,-2.18
3.5965,-6.98
3.5970,-6.27
3.5975,-4.67
3.5980,-5.87
3.5985,-6.80
3.5990,-8.33
3.5995,-3.66
3.6000,1.40
3.6005,-3.34
3.6010,-13.77
3.6015,-16.23
3.6020,-3.08
3.6025,1.43
3.6030,-7.46
3.6035,-17.58
3.6040,2.04
3.6045,-10.62
3.6050,-7.29
3.6055,3.39
3.6060,-11.89
3.6065,-0.31
3.6070,-4.99
3.6075,-24.36
3.6080,-2.20
3.6085,-9.55
3.6090,-8.53
3.6095,-8.94
3.6100,2.08
3.6105,-4.02
3.6110,10.02
3.6115,-13.04
3.6120,-0.72
3.6125,2.30
3.6130,-8.35
3.6135,-14.06
3.6140,-11.77
3.6145,-6.46
3.6150,-14.23
3.6155,-2.97
3.6160,-10.16
3.6165,-1.19
3.6170,10.86
3.6175,7.41
3.6180,-12.65
3.6185,2.38
3.6190,2.62
3.6195,-4.48
3.6200,-4.14
3.6205,9.32
3.6210,-5.83
3.6215,9.57
3.6220,-12.84
3.6225,10.28
3.6230,7.33
3.6235,-3.50
3.6240,-16.63
3.6245,9.79
3.6250,-4.89
3.6255,11.67
3.6260,-7.46
3.6265,8.98
3.6270,0.79
3.6275,6.18
3.6280,5.67
3.6285,5.80
3.6290,-1.55
3.6295,-12.40
3.6300,-3.74
3.6305,-12.12
3.6310,-5.98
3.6315,3.77
3.6320,7.28
3.6325,-6.44
3.6330,-5.92
3.6335,8.14
3.6340,6.50
3.6345,-4.66
3.6350,3.64
3.6355,-20.13
3.6360,-8.94
3.6365,-1.12
3.6370,-8.89
3.6375,-20.21
3.6380,2.44
3.6385,-19.64
3.6390,-8.84
3.6395,5.47
3.6400,3.02
3.6405,-11.43
3.6410,-9.73
3.6415,-19.25
3.6420,0.18
3.6425,5.52
3.6430,-9.06
3.6435,-7.43
3.6440,-14.37
3.6445,-1.08
3.6450,-9.51
3.6455,7.72
3.6460,-6.12
3.6465,3.64
3.6470,1.27
3.6475,-8.50
3.6480,2.73
3.6485,0.59
3.6490,-6.83
3.6495,-6.39
3.6500,-10.99
3.6505,-10.96
3.6510,-3.32
3.6515,-0.16
3.6520,-1.94
3.6525,5.91
3.6530,-7.38
3.6535,-1.89
3.6540,-11.24
3.6545,13.86
3.6550,-10.48
3.6555,5.93
3.6560,7.38
3.6565,5.74
3.6570,3.12
3.6575,8.18
3.6580,0.42
3.6585,1.28
3.6590,3.06
3.6595,-10.51
3.6600,-8.27
3.6605,-8.57
3.6610,-2.16
3.6615,104.69
3.6620,60.62
3.6625,12.92
3.6630,-12.31
3.6635,-29.02
3.6640,-28.34
3.6645,-15.73
3.6650,-3.57
3.6655,3.77
3.6660,20.10
3.6665,3.79
3.6670,3.45
3.6675,-3.77
3.6680,-7.35
3.6685,4.11
3.6690,-9.01
3.6695,2.16
3.6700,-18.98
3.6705,-0.34
3.6710,-12.26
3.6715,11.59
3.6720,-1.18
3.6725,10.68
3.6730,2.26
3.6735,3.54
3.6740,3.85
3.6745,-4.61
3.6750,14.94
3.6755,2.93
3.6760,-1.94
3.6765,-4.21
3.6770,0.22
3.6775,-0.93
3.6780,-6.30
3.6785,3.74
3.6790,-5.33
3.6795,-3.96
3.6800,2.88
3.6805,-2.33
3.6810,10.44
3.6815,9.38
3.6820,-1.27
3.6825,7.26
3.6830,-11.23
3.6835,81.69
3.6840,43.22
3.6845,23.35
3.6850,6.51
3.6855,-12.02
3.6860,-13.42
3.6865,-13.01
3.6870,-6.86
3.6875,15.65
3.6880,10.39
3.6885,-1.43
3.6890,0.69
3.6895,3.96
3.6900,5.78
3.6905,12.21
3.6910,-5.33
3.6915,2.05
3.6920,-10.95
3.6925,5.90
3.6930,15.50
3.6935,-0.38
3.6940,-8.63
3.6945,-5.74
3.6950,-1.27
3.6955,6.44
3.6960,20.37
3.6965,1.01
3.6970,4.61
3.6975,-4.79
3.6980,-5.28
3.6985,3.71
3.6990,1.73
3.6995,2.81
3.7000,12.76
3.7005,6.40
3.7010,2.70
3.7015,-0.54
3.7020,-5.98
3.7025,-3.26
3.7030,3.19
3.7035,2.71
3.7040,0.63
3.7045,-8.42
3.7050,2.89
3.7055,4.96
3.7060,3.32
3.7065,-8.76
3.7070,6.43
3.7075,8.87
3.7080,-1.18
3.7085,13.60
3.7090,6.41
3.7095,-5.54
3.7100,-13.23
3.7105,5.86
3.7110,6.86
3.7115,6.10
3.7120,-17.09
3.7125,2.55
3.7130,3.83
3.7135,9.59
3.7140,0.21
3.7145,7.08
3.7150,22.59
3.7155,9.38
3.7160,5.77
3.7165,4.94
3.7170,8.95
3.7175,9.38
3.7180,0.06
3.7185,7.53
3.7190,7.30
3.7195,5.82
3.7200,4.97
3.7205,-0.66
3.7210,12.01
3.7215,9.37
3.7220,10.24
3.7225,-5.95
3.7230,2.23
3.7235,14.58
3.7240,11.58
3.7245,9.14
3.7250,-4.04
3.7255,4.86
3.7260,12.44
3.7265,14.81
3.7270,16.62
3.7275,11.58
3.7280,11.58
3.7285,-3.68
3.7290,11.74
3.7295,4.36
3.7300,14.76
3.7305,11.92
3.7310,-4.91
3.7315,9.08
3.7320,7.00
3.7325,8.20
3.7330,12.04
3.7335,8.58
3.7340,0.26
3.7345,3.94
3.7350,7.23
3.7355,-16.57
3.7360,11.18
3.7365,14.32
3.7370,15.69
3.7375,1.25
3.7380,5.06
3.7385,7.83
3.7390,8.13
3.7395,3.73
3.7400,-8.57
3.7405,8.86
3.7410,14.36
3.7415,4.48
3.7420,-2.40
3.7425,4.17
3.7430,2.95
3.7435,4.96
3.7440,9.52
3.7445,-3.58
3.7450,1.02
3.7455,7.36
3.7460,2.83
3.7465,7.31
3.7470,4.09
3.7475,-20.69
3.7480,2.66
3.7485,5.75
3.7490,-0.29
3.7495,5.18
3.7500,6.54
3.7505,-3.33
3.7510,23.21
3.7515,-1.88
3.7520,14.56
3.7525,3.46
3.7530,3.94
3.7535,-1.78
3.7540,3.73
3.7545,9.24
3.7550,8.07
3.7555,3.50
3.7560,14.13
3.7565,8.19
3.7570,-3.36
3.7575,5.79
3.7580,7.87
3.7585,4.16
3.7590,8.84
3.7595,4.19
3.7600,8.84
3.7605,1.86
3.7610,-2.91
3.7615,2.86
3.7620,6.13
3.7625,8.87
3.7630,12.69
3.7635,11.35
3.7640,14.31
3.7645,7.73
3.7650,6.45
3.7655,10.14
3.7660,10.35
3.7665,0.74
3.7670,10.52
3.7675,15.75
3.7680,0.07
3.7685,23.59
3.7690,8.57
3.7695,-0.18
3.7700,6.90
3.7705,1.72
3.7710,-0.91
3.7715,25.40
3.7720,7.95
3.7725,-1.32
3.7730,10.42
3.7735,16.86
3.7740,4.79
3.7745,-2.00
3.7750,-5.65
3.7755,11.60
3.7760,-1.95
3.7765,-1.31
3.7770,3.90
3.7775,1.01
3.7780,5.07
3.7785,15.88
3.7790,5.00
3.7795,-5.53
3.7800,3.96
3.7805,8.73
3.7810,6.55
3.7815,2.18
3.7820,14.68
3.7825,-0.46
3.7830,-4.31
3.7835,16.09
3.7840,4.86
3.7845,11.07
3.7850,6.27
3.7855,4.46
3.7860,-1.51
3.7865,6.05
3.7870,-3.32
3.7875,-12.98
3.7880,-15.32
3.7885,9.94
3.7890,11.17
3.7895,7.26
3.7900,-3.82
3.7905,2.11
3.7910,4.11
3.7915,-5.15
3.7920,-10.24
3.7925,-12.04
3.7930,-5.47
3.7935,-0.25
3.7940,8.10
3.7945,2.11
3.7950,-5.24
3.7955,-9.11
3.7960,5.46
3.7965,-7.79
3.7970,-3.49
3.7975,13.69
3.7980,-8.70
3.7985,8.13
3.7990,4.28
3.7995,-1.33
3.8000,6.93
3.8005,2.06
3.8010,-9.39
3.8015,-0.23
3.8020,-4.23
3.8025,-2.98
3.8030,-6.50
3.8035,-0.02
3.8040,-0.33
3.8045,3.08
3.8050,-9.44
3.8055,9.08
3.8060,10.73
3.8065,1.42
3.8070,5.54
3.8075,8.20
3.8080,-2.41
3.8085,3.82
3.8090,2.42
3.8095,2.76
3.8100,12.60
3.8105,21.99
3.8110,6.80
3.8115,0.07
3.8120,11.25
3.8125,-17.99
3.8130,-8.92
3.8135,5.32
3.8140,12.09
3.8145,-14.90
3.8150,8.37
3.8155,-2.09
3.8160,-15.19
3.8165,23.99
3.8170,64.41
3.8175,44.05
3.8180,3.17
3.8185,-0.94
3.8190,-14.05
3.8195,-13.04
3.8200,-16.62
3.8205,-1.31
3.8210,11.37
3.8215,6.94
3.8220,-10.36
3.8225,19.17
3.8230,-5.43
3.8235,17.92
3.8240,3.59
3.8245,18.75
3.8250,-4.15
3.8255,8.93
3.8260,2.15
3.8265,3.01
3.8270,-12.76
3.8275,1.58
3.8280,12.79
3.8285,4.88
3.8290,2.75
3.8295,8.44
3.8300,-17.66
3.8305,1.06
3.8310,-8.76
3.8315,-9.03
3.8320,3.82
3.8325,-6.86
3.8330,1.42
3.8335,-6.49
3.8340,-10.18
3.8345,-3.66
3.8350,1.73
3.8355,3.84
3.8360,8.40
3.8365,-7.74
3.8370,-0.17
3.8375,-1.64
3.8380,-6.05
3.8385,6.74
3.8390,12.96
3.8395,-5.00
3.8400,-12.62
3.8405,-8.98
3.8410,8.94
3.8415,5.71
3.8420,1.79
3.8425,-20.94
3.8430,3.43
3.8435,6.92
3.8440,-4.91
3.8445,-5.55
3.8450,8.79
3.8455,-6.42
3.8460,-2.51
3.8465,1.18
3.8470,-10.02
3.8475,-3.41
3.8480,1.32
3.8485,-16.09
3.8490,-9.54
3.8495,-8.91
3.8500,-8.57
3.8505,-6.77
3.8510,-7.66
3.8515,6.72
3.8520,1.49
3.8525,12.52
3.8530,-4.50
3.8535,-2.79
3.8540,-4.45
3.8545,15.66
3.8550,-4.56
3.8555,0.16
3.8560,6.62
3.8565,-22.14
3.8570,-3.81
3.8575,-2.08
3.8580,1.25
3.8585,8.06
3.8590,-12.39
3.8595,-6.92
3.8600,-6.67
3.8605,-6.79
3.8610,-11.32
3.8615,-11.31
3.8620,-6.90
3.8625,-2.66
3.8630,-9.59
3.8635,-3.39
3.8640,-1.50
3.8645,-5.67
3.8650,11.04
3.8655,3.24
3.8660,-12.25
3.8665,-9.60
3.8670,6.61
3.8675,-7.23
3.8680,-11.48
3.8685,4.49
3.8690,-1.62
3.8695,-12.46
3.8700,12.39
3.8705,-6.21
3.8710,-1.37
3.8715,7.19
3.8720,-7.08
3.8725,-9.21
3.8730,-6.39
3.8735,-1.55
3.8740,-17.92
3.8745,-0.63
3.8750,-13.52
3.8755,11.53
3.8760,2.79
3.8765,-0.44
3.8770,-12.38
3.8775,3.68
3.8780,-5.70
3.8785,2.77
3.8790,0.55
3.8795,6.13
3.8800,13.55
3.8805,-20.45
3.8810,6.36
3.8815,2.17
3.8820,0.51
3.8825,2.11
3.8830,-11.93
3.8835,6.24
3.8840,7.07
3.8845,4.96
3.8850,-7.03
3.8855,2.07
3.8860,1.06
3.8865,2.88
3.8870,-10.38
3.8875,8.78
3.8880,-16.58
3.8885,-7.34
3.8890,-3.11
3.8895,1.70
3.8900,-10.12
3.8905,-3.66
3.8910,-10.38
3.8915,3.33
3.8920,12.02
3.8925,-7.88
3.8930,-10.67
3.8935,3.60
3.8940,-6.65
3.8945,-8.76
3.8950,-6.03
3.8955,-1.69
3.8960,-6.67
3.8965,-2.94
3.8970,-11.39
3.8975,-6.25
3.8980,7.26
3.8985,-0.91
3.8990,-12.86
3.8995,-5.86
3.9000,-8.55
3.9005,0.55
3.9010,-9.58
3.9015,-0.35
3.9020,-1.23
3.9025,-11.61
3.9030,-10.55
3.9035,5.09
3.9040,-8.16
3.9045,-2.43
3.9050,7.89
3.9055,-10.67
3.9060,-16.70
3.9065,0.42
3.9070,4.75
3.9075,9.59
3.9080,-4.85
3.9085,-14.65
3.9090,-1.43
3.9095,0.45
3.9100,-17.00
3.9105,-0.93
3.9110,-16.81
3.9115,-9.37
3.9120,15.93
3.9125,-13.05
3.9130,-16.68
3.9135,-4.31
3.9140,-2.78
3.9145,10.87
3.9150,-13.35
3.9155,-12.42
3.9160,-5.67
3.9165,-21.76
3.9170,-15.43
3.9175,-9.58
3.9180,-5.58
3.9185,-11.95
3.9190,-6.44
3.9195,1.75
3.9200,-3.37
3.9205,-6.01
3.9210,-8.16
3.9215,-5.57
3.9220,-5.89
3.9225,-14.27
3.9230,-1.55
3.9235,6.39
3.9240,-14.03
3.9245,-20.79
3.9250,2.50
3.9255,-3.00
3.9260,-10.80
3.9265,2.30
3.9270,-4.33
3.9275,-2.02
3.9280,-2.65
3.9285,5.72
3.9290,2.98
3.9295,-1.04
3.9300,-5.59
3.9305,-4.22
3.9310,-4.10
3.9315,-3.01
3.9320,-6.60
3.9325,-7.00
3.9330,-4.88
3.9335,2.01
3.9340,-6.39
3.9345,-7.72
3.9350,-8.75
3.9355,-9.24
3.9360,-13.91
3.9365,-23.08
3.9370,-6.03
3.9375,-3.25
3.9380,-4.90
3.9385,-8.41
3.9390,-5.35
3.9395,-5.90
3.9400,-7.33
3.9405,-4.72
3.9410,-12.73
3.9415,-4.11
3.9420,-12.02
3.9425,-9.77
3.9430,-17.65
3.9435,-0.98
3.9440,3.13
3.9445,-1.70
3.9450,11.69
3.9455,-3.80
3.9460,6.85
3.9465,8.71
3.9470,-11.42
3.9475,-4.20
3.9480,8.55
3.9485,9.74
3.9490,10.89
3.9495,5.19
3.9500,-4.04
3.9505,-3.73
3.9510,-4.57
3.9515,2.43
3.9520,-16.53
3.9525,-4.06
3.9530,4.48
3.9535,-1.56
3.9540,-1.37
3.9545,-5.59
3.9550,-9.04
3.9555,-14.48
3.9560,-4.17
3.9565,-5.65
3.9570,-6.83
3.9575,-8.25
3.9580,12.88
3.9585,9.50
3.9590,10.37
3.9595,-1.25
3.9600,-9.28
3.9605,-4.50
3.9610,-14.87
3.9615,-14.56
3.9620,-1.45
3.9625,-22.08
3.9630,-21.52
3.9635,3.05
3.9640,-12.85
3.9645,4.15
3.9650,-7.48
3.9655,-15.57
3.9660,-9.48
3.9665,-2.48
3.9670,-15.04
3.9675,-9.25
3.9680,-11.16
3.9685,-3.75
3.9690,-26.51
3.9695,-10.67
3.9700,-5.42
3.9705,11.54
3.9710,8.97
3.9715,4.70
3.9720,29.96
3.9725,12.21
3.9730,-11.83
3.9735,-17.69
3.9740,2.48
3.9745,-5.15
3.9750,1.50
3.9755,-7.00
3.9760,-18.62
3.9765,3.11
3.9770,-2.80
3.9775,1.23
3.9780,7.94
3.9785,-1.46
3.9790,3.82
3.9795,-0.50
3.9800,-10.55
3.9805,30.65
3.9810,84.26
3.9815,34.66
3.9820,-6.97
3.9825,-28.48
3.9830,-23.31
3.9835,-38.60
3.9840,-15.86
3.9845,-9.67
3.9850,4.60
3.9855,3.46
3.9860,7.26
3.9865,5.14
3.9870,5.96
3.9875,11.98
3.9880,-12.80
3.9885,0.27
3.9890,-13.59
3.9895,-1.31
3.9900,-6.13
3.9905,-3.73
3.9910,-11.50
3.9915,3.44
3.9920,-0.12
3.9925,-14.07
3.9930,-3.97
3.9935,0.03
3.9940,5.93
3.9945,16.98
3.9950,2.60
3.9955,-4.74
3.9960,0.08
3.9965,10.74
3.9970,-3.06
3.9975,-15.70
3.9980,-5.06
3.9985,-16.92
3.9990,-1.92
3.9995,5.44
4.0000,9.67
4.0005,6.22
4.0010,3.19
4.0015,-5.75
4.0020,-8.53
4.0025,0.98
4.0030,1.47
4.0035,20.29
4.0040,6.52
4.0045,-0.76
4.0050,-1.18
4.0055,-3.35
4.0060,-7.41
4.0065,11.05
4.0070,-9.03
4.0075,-6.47
4.0080,-1.91
4.0085,11.01
4.0090,16.37
4.0095,-4.67
4.0100,-0.57
4.0105,4.65
4.0110,-5.60
4.0115,7.80
4.0120,3.47
4.0125,3.71
4.0130,13.92
4.0135,2.63
4.0140,6.12
4.0145,2.71
4.0150,-4.98
4.0155,12.83
4.0160,-1.22
4.0165,-11.58
4.0170,4.69
4.0175,11.56
4.0180,1.85
4.0185,-3.10
4.0190,13.58
4.0195,-8.13
4.0200,-6.65
4.0205,-9.50
4.0210,1.96
4.0215,12.42
4.0220,2.89
4.0225,-13.06
4.0230,-8.00
4.0235,-0.83
4.0240,3.23
4.0245,-2.24
4.0250,16.56
4.0255,-0.79
4.0260,6.18
4.0265,15.55
4.0270,3.95
4.0275,-1.84
4.0280,12.01
4.0285,16.24
4.0290,-1.47
4.0295,13.30
4.0300,1.26
4.0305,11.71
4.0310,17.70
4.0315,2.04
4.0320,9.53
4.0325,-9.26
4.0330,4.12
4.0335,3.99
4.0340,-8.40
4.0345,8.74
4.0350,-2.86
4.0355,14.06
4.0360,5.53
4.0365,13.14
4.0370,12.53
4.0375,-8.17
4.0380,9.06
4.0385,13.01
4.0390,-1.80
4.0395,7.88
4.0400,7.10
4.0405,7.39
4.0410,0.18
4.0415,6.67
4.0420,7.83
4.0425,9.91
4.0430,-2.01
4.0435,7.25
4.0440,8.92
4.0445,11.23
4.0450,8.63
4.0455,2.17
4.0460,-6.89
4.0465,-16.04
4.0470,8.17
4.0475,-2.81
4.0480,-7.15
4.0485,0.33
4.0490,12.70
4.0495,14.16
4.0500,-0.27
4.0505,15.65
4.0510,6.11
4.0515,3.03
4.0520,-2.76
4.0525,5.67
4.0530,6.39
4.0535,-3.63
4.0540,1.01
4.0545,20.63
4.0550,9.41
4.0555,0.88
4.0560,11.57
4.0565,11.59
4.0570,5.10
4.0575,-2.97
4.0580,-1.60
4.0585,15.07
4.0590,4.17
4.0595,-10.92
4.0600,11.66
4.0605,65.58
4.0610,47.56
4.0615,20.60
4.0620,-6.90
4.0625,-9.32
4.0630,-4.81
4.0635,-12.14
4.0640,17.20
4.0645,5.06
4.0650,0.39
4.0655,5.35
4.0660,7.94
4.0665,-3.78
4.0670,-3.52
4.0675,-11.14
4.0680,-15.39
4.0685,-0.33
4.0690,-2.04
4.0695,8.78
4.0700,19.27
4.0705,5.95
4.0710,8.65
4.0715,-3.29
4.0720,2.49
4.0725,6.74
4.0730,15.14
4.0735,2.86
4.0740,7.29
4.0745,2.31
4.0750,0.82
4.0755,10.70
4.0760,11.61
4.0765,5.08
4.0770,3.13
4.0775,4.37
4.0780,16.41
4.0785,6.62
4.0790,3.31
4.0795,2.92
4.0800,6.95
4.0805,-3.54
4.0810,21.87
4.0815,18.35
4.0820,-3.98
4.0825,6.08
4.0830,2.20
4.0835,-1.31
4.0840,7.70
4.0845,-0.52
4.0850,7.66
4.0855,-17.28
4.0860,-9.89
4.0865,5.39
4.0870,6.06
4.0875,5.23
4.0880,7.45
4.0885,15.10
4.0890,8.61
4.0895,-4.02
4.0900,15.93
4.0905,9.94
4.0910,11.29
4.0915,-6.40
4.0920,12.93
4.0925,45.75
4.0930,68.52
4.0935,27.49
4.0940,1.42
4.0945,-13.35
4.0950,-3.31
4.0955,11.52
4.0960,0.88
4.0965,5.62
4.0970,7.53
4.0975,5.62
4.0980,18.45
4.0985,10.80
4.0990,6.30
4.0995,7.35
4.1000,9.44
4.1005,-0.98
4.1010,3.06
4.1015,2.03
4.1020,17.57
4.1025,3.87
4.1030,8.45
4.1035,3.89
4.1040,4.53
4.1045,1.06
4.1050,15.30
4.1055,-4.84
4.1060,5.88
4.1065,9.52
4.1070,8.91
4.1075,4.54
4.1080,16.35
4.1085,3.04
4.1090,0.04
4.1095,-2.24
4.1100,7.50
4.1105,-2.36
4.1110,13.92
4.1115,12.24
4.1120,7.34
4.1125,17.75
4.1130,-2.36
4.1135,16.12
4.1140,3.44
4.1145,14.15
4.1150,8.75
4.1155,5.17
4.1160,0.28
4.1165,1.68
4.1170,-0.09
4.1175,-15.19
4.1180,14.18
4.1185,8.57
4.1190,5.14
4.1195,8.25
4.1200,-1.09
4.1205,0.31
4.1210,0.74
4.1215,25.13
4.1220,6.72
4.1225,6.53
4.1230,-0.86
4.1235,1.29
4.1240,-11.82
4.1245,10.35
4.1250,5.72
4.1255,-0.04
4.1260,-9.13
4.1265,8.53
4.1270,-0.07
4.1275,6.55
4.1280,9.81
4.1285,14.04
4.1290,16.12
4.1295,-0.10
4.1300,-2.73
4.1305,-10.41
4.1310,1.70
4.1315,-8.25
4.1320,-17.11
4.1325,10.26
4.1330,-1.79
4.1335,1.97
4.1340,3.59
4.1345,1.20
4.1350,19.78
4.1355,12.84
4.1360,5.52
4.1365,1.60
4.1370,4.06
4.1375,-4.91
4.1380,-15.67
4.1385,13.95
4.1390,-0.92
4.1395,8.82
4.1400,3.96
4.1405,0.74
4.1410,-6.26
4.1415,5.86
4.1420,0.86
4.1425,22.85
4.1430,15.62
4.1435,-21.03
4.1440,-3.65
4.1445,1.60
4.1450,4.17
4.1455,-1.40
4.1460,3.24
4.1465,21.76
4.1470,23.62
4.1475,-2.25
4.1480,4.92
4.1485,8.84
4.1490,7.64
4.1495,2.93
4.1500,-2.31
4.1505,-3.92
4.1510,-1.04
4.1515,-1.52
4.1520,8.78
4.1525,6.65
4.1530,6.31
4.1535,0.39
4.1540,4.00
4.1545,8.87
4.1550,5.95
4.1555,9.86
4.1560,3.81
4.1565,3.25
4.1570,15.69
4.1575,1.29
4.1580,-1.78
4.1585,-1.84
4.1590,-1.78
4.1595,5.05
4.1600,-7.24
4.1605,8.31
4.1610,-3.11
4.1615,-4.09
4.1620,4.18
4.1625,1.17
4.1630,11.23
4.1635,-4.07
4.1640,12.59
4.1645,12.62
4.1650,4.30
4.1655,8.09
4.1660,-10.74
4.1665,-1.86
4.1670,3.53
4.1675,-2.17
4.1680,-1.77
4.1685,-5.20
4.1690,14.74
4.1695,2.72
4.1700,3.51
4.1705,-8.66
4.1710,0.11
4.1715,-7.52
4.1720,0.13
4.1725,-14.61
4.1730,-17.79
4.1735,-5.22
4.1740,1.59
4.1745,-2.90
4.1750,-2.25
4.1755,8.78
4.1760,7.07
4.1765,7.01
4.1770,-6.48
4.1775,7.08
4.1780,-14.53
4.1785,11.05
4.1790,-0.43
4.1795,7.64
4.1800,-2.50
4.1805,-10.45
4.1810,-1.60
4.1815,-9.83
4.1820,2.52
4.1825,-0.35
4.1830,2.61
4.1835,11.64
4.1840,-5.69
4.1845,3.88
4.1850,-12.05
4.1855,-16.62
4.1860,-13.48
4.1865,-3.02
4.1870,-11.71
4.1875,-4.04
4.1880,11.68
4.1885,-10.36
4.1890,5.77
4.1895,-8.70
4.1900,-9.07
4.1905,-2.14
4.1910,-2.03
4.1915,-2.83
4.1920,-12.27
4.1925,-14.11
4.1930,-0.05
4.1935,-4.69
4.1940,-4.19
4.1945,11.64
4.1950,-3.59
4.1955,-7.60
4.1960,-15.26
4.1965,-3.18
4.1970,-16.02
4.1975,-3.71
4.1980,-0.90
4.1985,-24.83
4.1990,-2.41
4.1995,15.95
4.2000,-14.17
4.2005,-2.56
4.2010,-0.56
4.2015,-1.51
4.2020,-1.91
4.2025,8.18
4.2030,5.61
4.2035,-6.20
4.2040,0.90
4.2045,-11.00
4.2050,10.82
4.2055,3.34
4.2060,-19.97
4.2065,8.74
4.2070,-12.19
4.2075,-8.58
4.2080,-6.34
4.2085,1.19
4.2090,1.69
4.2095,10.19
4.2100,-1.68
4.2105,3.08
4.2110,-6.76
4.2115,5.50
4.2120,-6.42
4.2125,4.61
4.2130,4.32
4.2135,-14.58
4.2140,7.37
4.2145,7.58
4.2150,3.13
4.2155,-16.42
4.2160,-8.89
4.2165,2.41
4.2170,-2.19
4.2175,-0.91
4.2180,7.10
4.2185,-6.84
4.2190,-11.92
4.2195,-5.75
4.2200,4.68
4.2205,0.93
4.2210,-10.96
4.2215,10.04
4.2220,-17.43
4.2225,-6.92
4.2230,-3.33
4.2235,-4.16
4.2240,-2.55
4.2245,-13.80
4.2250,-5.50
4.2255,-8.95
4.2260,5.46
4.2265,7.97
4.2270,30.18
4.2275,-2.22
4.2280,-11.59
4.2285,-23.31
4.2290,2.06
4.2295,-4.48
4.2300,7.00
4.2305,-12.93
4.2310,10.10
4.2315,-9.95
4.2320,-3.59
4.2325,-6.43
4.2330,-7.26
4.2335,-0.52
4.2340,-14.34
4.2345,-0.28
4.2350,-5.45
4.2355,-1.80
4.2360,3.28
4.2365,-10.54
4.2370,-7.64
4.2375,-27.60
4.2380,-2.81
4.2385,3.95
4.2390,-5.07
4.2395,-6.91
4.2400,-11.54
4.2405,-5.87
4.2410,-18.75
4.2415,-6.55
4.2420,0.84
4.2425,-1.33
4.2430,-10.09
4.2435,5.08
4.2440,-15.96
4.2445,-17.19
4.2450,-2.12
4.2455,1.22
4.2460,3.71
4.2465,-2.08
4.2470,4.09
4.2475,-12.14
4.2480,-14.11
4.2485,-6.94
4.2490,-4.38
4.2495,-1.38
4.2500,-10.53
4.2505,-13.74
4.2510,-10.94
4.2515,-0.47
4.2520,-7.37
4.2525,2.93
4.2530,-3.02
4.2535,-22.13
4.2540,2.51
4.2545,-18.90
4.2550,-16.75
4.2555,5.80
4.2560,-10.32
4.2565,-1.42
4.2570,-6.00
4.2575,-1.75
4.2580,-5.81
4.2585,-2.90
4.2590,-8.63
4.2595,-0.92
4.2600,-21.53
4.2605,4.08
4.2610,-15.90
4.2615,-13.07
4.2620,-17.58
4.2625,8.60
4.2630,3.73
4.2635,-20.24
4.2640,-10.26
4.2645,-3.75
4.2650,-10.03
4.2655,-7.82
4.2660,-2.67
4.2665,2.49
4.2670,4.26
4.2675,-11.42
4.2680,-9.17
4.2685,5.48
4.2690,-15.70
4.2695,-5.34
4.2700,13.11
4.2705,-9.80
4.2710,-10.62
4.2715,-5.46
4.2720,-10.62
4.2725,-3.59
4.2730,-10.88
4.2735,-5.43
4.2740,1.51
4.2745,-1.49
4.2750,-11.39
4.2755,-5.96
4.2760,1.75
4.2765,-11.53
4.2770,-14.69
4.2775,-13.52
4.2780,1.11
4.2785,-4.39
4.2790,-18.07
4.2795,-5.14
4.2800,0.42
4.2805,-17.37
4.2810,-17.80
4.2815,-3.17
4.2820,-12.13
4.2825,-1.43
4.2830,9.13
4.2835,-6.29
4.2840,-2.19
4.2845,2.57
4.2850,0.45
4.2855,-15.36
4.2860,0.80
4.2865,-9.88
4.2870,-6.20
4.2875,-5.29
4.2880,-0.68
4.2885,-0.02
4.2890,-10.23
4.2895,9.39
4.2900,-2.81
4.2905,-9.68
4.2910,3.61
4.2915,-21.07
4.2920,1.57
4.2925,12.15
4.2930,-6.41
4.2935,1.03
4.2940,5.41
4.2945,-6.34
4.2950,-17.31
4.2955,5.21
4.2960,-4.62
4.2965,-6.04
4.2970,-3.00
4.2975,1.81
4.2980,-8.74
4.2985,-1.01
4.2990,-2.93
4.2995,-7.75
4.3000,-3.50
4.3005,-6.94
4.3010,-11.83
4.3015,-12.60
4.3020,-3.75
4.3025,11.40
4.3030,-5.17
4.3035,0.59
4.3040,-10.53
4.3045,-10.49
4.3050,-3.74
4.3055,-10.93
4.3060,-0.53
4.3065,6.17
4.3070,-3.34
4.3075,9.19
4.3080,-8.19
4.3085,-16.27
4.3090,-3.33
4.3095,-1.03
4.3100,-14.68
4.3105,3.71
4.3110,-11.55
4.3115,5.77
4.3120,-8.79
4.3125,1.67
4.3130,6.69
4.3135,-14.43
4.3140,-5.11
4.3145,-11.71
4.3150,-2.66
4.3155,-1.79
4.3160,-15.46
4.3165,-9.46
4.3170,9.91
4.3175,5.25
4.3180,-13.06
4.3185,10.06
4.3190,5.92
4.3195,9.48
4.3200,12.81
4.3205,14.70
4.3210,-7.83
4.3215,16.26
4.3220,-0.17
4.3225,2.11
4.3230,2.45
4.3235,-8.24
4.3240,-2.94
4.3245,-4.21
4.3250,-12.00
4.3255,-3.73
4.3260,-10.87
4.3265,16.87
4.3270,-1.81
4.3275,9.75
4.3280,9.07
4.3285,-0.59
4.3290,-3.13
4.3295,-3.03
4.3300,21.56
4.3305,-6.81
4.3310,0.34
4.3315,4.69
4.3320,7.72
4.3325,-0.40
4.3330,-6.89
4.3335,7.09
4.3340,-8.48
4.3345,13.46
4.3350,-11.09
4.3355,-2.90
4.3360,16.77
4.3365,-5.79
4.3370,-2.44
4.3375,8.70
4.3380,-8.43
4.3385,4.02
4.3390,4.16
4.3395,-11.02
4.3400,-0.87
4.3405,-3.34
4.3410,-9.10
4.3415,-0.05
4.3420,2.07
4.3425,9.85
4.3430,5.80
4.3435,-1.08
4.3440,12.18
4.3445,8.09
4.3450,0.16
4.3455,14.66
4.3460,-5.48
4.3465,0.66
4.3470,4.67
4.3475,3.27
4.3480,3.32
4.3485,5.22
4.3490,12.72
4.3495,3.47
4.3500,-2.03
4.3505,-2.13
4.3510,13.75
4.3515,6.59
4.3520,8.37
4.3525,4.26
4.3530,-6.61
4.3535,3.47
4.3540,13.91
4.3545,3.28
4.3550,18.39
4.3555,-11.38
4.3560,20.49
4.3565,10.86
4.3570,1.14
4.3575,11.62
4.3580,15.75
4.3585,-3.92
4.3590,4.09
4.3595,-8.29
4.3600,6.03
4.3605,1.84
4.3610,4.02
4.3615,-2.26
4.3620,-0.08
4.3625,1.39
4.3630,-2.46
4.3635,-12.81
4.3640,7.68
4.3645,-7.84
4.3650,9.79
4.3655,-4.58
4.3660,2.15
4.3665,-6.66
4.3670,-3.02
4.3675,13.62
4.3680,-2.14
4.3685,-6.54
4.3690,9.86
4.3695,8.11
4.3700,-1.43
4.3705,6.37
4.3710,13.83
4.3715,-3.35
4.3720,7.74
4.3725,6.15
4.3730,-2.42
4.3735,-16.53
4.3740,4.21
4.3745,-0.67
4.3750,6.95
4.3755,0.43
4.3760,-4.72
4.3765,4.87
4.3770,-6.87
4.3775,9.99
4.3780,15.09
4.3785,6.87
4.3790,4.49
4.3795,3.70
4.3800,10.36
4.3805,4.04
4.3810,15.96
4.3815,7.65
4.3820,12.70
4.3825,-0.62
4.3830,-2.53
4.3835,-4.34
4.3840,-3.57
4.3845,12.12
4.3850,16.73
4.3855,-0.32
4.3860,12.45
4.3865,6.13
4.3870,10.72
4.3875,-1.33
4.3880,-1.19
4.3885,-4.31
4.3890,1.33
4.3895,-3.13
4.3900,-11.16
4.3905,-4.75
4.3910,-0.28
4.3915,3.45
4.3920,27.19
4.3925,1.73
4.3930,1.42
4.3935,-1.15
4.3940,-1.17
4.3945,4.60
4.3950,13.85
4.3955,-6.08
4.3960,15.17
4.3965,3.70
4.3970,-1.27
4.3975,2.99
4.3980,-0.65
4.3985,15.37
4.3990,13.46
4.3995,2.61
4.4000,-3.00
4.4005,-5.68
4.4010,11.00
4.4015,25.10
4.4020,2.87
4.4025,9.15
4.4030,4.76
4.4035,-4.13
4.4040,10.27
4.4045,-12.91
4.4050,-9.93
4.4055,-3.46
4.4060,11.58
4.4065,17.65
4.4070,-0.04
4.4075,12.84
4.4080,17.40
4.4085,-4.32
4.4090,4.57
4.4095,1.48
4.4100,11.71
4.4105,6.54
4.4110,12.08
4.4115,0.91
4.4120,11.59
4.4125,8.30
4.4130,12.19
4.4135,-6.31
4.4140,8.28
4.4145,13.09
4.4150,-0.05
4.4155,-1.01
4.4160,1.19
4.4165,8.66
4.4170,5.92
4.4175,13.17
4.4180,19.75
4.4185,1.52
4.4190,5.56
4.4195,-7.96
4.4200,8.40
4.4205,12.63
4.4210,-1.22
4.4215,8.78
4.4220,5.50
4.4225,14.45
4.4230,18.88
4.4235,13.71
4.4240,-11.56
4.4245,8.63
4.4250,13.03
4.4255,3.19
4.4260,2.29
4.4265,-0.78
4.4270,-4.62
4.4275,12.09
4.4280,20.82
4.4285,20.39
4.4290,1.22
4.4295,-4.41
4.4300,8.14
4.4305,-0.27
4.4310,14.87
4.4315,4.53
4.4320,7.40
4.4325,12.82
4.4330,15.54
4.4335,6.71
4.4340,0.59
4.4345,-0.17
4.4350,8.29
4.4355,-11.28
4.4360,-13.22
4.4365,8.59
4.4370,12.09
4.4375,-9.00
4.4380,9.61
4.4385,6.63
4.4390,20.82
4.4395,6.34
4.4400,9.55
4.4405,-0.07
4.4410,5.03
4.4415,-6.06
4.4420,17.79
4.4425,10.01
4.4430,12.96
4.4435,-13.03
4.4440,0.82
4.4445,-12.88
4.4450,17.47
4.4455,2.80
4.4460,11.74
4.4465,2.66
4.4470,-14.02
4.4475,-6.51
4.4480,2.18
4.4485,5.75
4.4490,14.29
4.4495,3.66
4.4500,0.60
4.4505,16.22
4.4510,-3.16
4.4515,7.21
4.4520,12.22
4.4525,-2.16
4.4530,-2.43
4.4535,3.95
4.4540,-0.18
4.4545,8.04
4.4550,5.52
4.4555,-6.69
4.4560,-7.68
4.4565,2.38
4.4570,8.14
4.4575,6.43
4.4580,-6.90
4.4585,12.57
4.4590,5.94
4.4595,8.39
4.4600,-7.67
4.4605,-7.29
4.4610,4.76
4.4615,1.14
4.4620,2.44
4.4625,6.31
4.4630,8.86
4.4635,10.91
4.4640,3.41
4.4645,10.50
4.4650,19.39
4.4655,-1.74
4.4660,-0.61
4.4665,2.70
4.4670,1.52
4.4675,15.12
4.4680,8.46
4.4685,6.64
4.4690,7.90
4.4695,-15.75
4.4700,-1.67
4.4705,17.61
4.4710,0.36
4.4715,-6.63
4.4720,-4.03
4.4725,8.90
4.4730,3.49
4.4735,-2.31
4.4740,8.46
4.4745,3.17
4.4750,21.19
4.4755,-0.92
4.4760,-4.92
4.4765,2.45
4.4770,7.71
4.4775,-8.64
4.4780,-15.51
4.4785,7.34
4.4790,1.10
4.4795,8.88
4.4800,-3.70
4.4805,-11.28
4.4810,9.51
4.4815,-3.12
4.4820,-2.16
4.4825,8.16
4.4830,0.69
4.4835,7.26
4.4840,2.11
4.4845,4.84
4.4850,14.03
4.4855,10.02
4.4860,11.51
4.4865,2.13
4.4870,-4.63
4.4875,3.71
4.4880,5.75
4.4885,0.56
4.4890,15.03
4.4895,2.71
4.4900,1.26
4.4905,-5.79
4.4910,-1.08
4.4915,-0.56
4.4920,-10.24
4.4925,5.17
4.4930,-0.72
4.4935,-2.50
4.4940,-3.42
4.4945,-2.33
4.4950,0.63
4.4955,7.28
4.4960,-8.21
4.4965,-2.53
4.4970,-11.56
4.4975,10.22
4.4980,-2.80
4.4985,-3.64
4.4990,2.93
4.4995,-1.82
4.5000,-5.26
4.5005,2.19
4.5010,12.56
4.5015,9.29
4.5020,-1.14
4.5025,1.53
4.5030,-10.14
4.5035,-8.39
4.5040,-12.24
4.5045,-6.11
4.5050,0.04
4.5055,-2.96
4.5060,-8.84
4.5065,0.07
4.5070,0.50
4.5075,-10.49
4.5080,-10.61
4.5085,4.27
4.5090,-2.32
4.5095,8.92
4.5100,8.60
4.5105,9.09
4.5110,0.59
4.5115,1.01
4.5120,-3.80
4.5125,4.45
4.5130,6.39
4.5135,0.44
4.5140,2.47
4.5145,-3.48
4.5150,4.46
4.5155,2.71
4.5160,-7.76
4.5165,-0.12
4.5170,-1.41
4.5175,2.24
4.5180,-6.18
4.5185,7.79
4.5190,-5.41
4.5195,-3.27
4.5200,-6.67
4.5205,-12.36
4.5210,-7.97
4.5215,-8.50
4.5220,-16.41
4.5225,-0.95
4.5230,-1.72
4.5235,2.06
4.5240,5.72
4.5245,-7.23
4.5250,10.91
4.5255,-1.56
4.5260,-0.92
4.5265,0.33
4.5270,-17.88
4.5275,-4.06
4.5280,-12.61
4.5285,1.92
4.5290,-0.85
4.5295,-13.96
4.5300,2.88
4.5305,-6.53
4.5310,-10.77
4.5315,-3.28
4.5320,-3.72
4.5325,-3.78
4.5330,-10.72
4.5335,9.66
4.5340,-20.92
4.5345,-12.41
4.5350,-16.74
4.5355,-5.10
4.5360,-11.17
4.5365,-0.85
4.5370,-10.20
4.5375,9.51
4.5380,15.84
4.5385,-3.98
4.5390,19.28
4.5395,4.02
4.5400,0.70
4.5405,-14.72
4.5410,1.22
4.5415,-1.91
4.5420,-3.24
4.5425,-8.01
4.5430,-12.87
4.5435,2.85
4.5440,5.43
4.5445,-1.20
4.5450,-21.87
4.5455,-12.54
4.5460,-4.00
4.5465,1.85
4.5470,13.97
4.5475,-4.38
4.5480,-18.03
4.5485,-8.37
4.5490,10.91
4.5495,-4.68
4.5500,-11.19
4.5505,-17.54
4.5510,1.83
4.5515,-6.07
4.5520,-5.75
4.5525,-11.47
4.5530,-11.93
4.5535,-12.24
4.5540,-0.53
4.5545,-4.80
4.5550,-6.44
4.5555,-4.83
4.5560,-2.79
4.5565,-21.82
4.5570,1.39
4.5575,-13.12
4.5580,5.31
4.5585,-3.49
4.5590,13.03
4.5595,-1.55
4.5600,-0.69
4.5605,-6.17
4.5610,0.24
4.5615,4.95
4.5620,-6.63
4.5625,10.67
4.5630,-9.51
4.5635,-5.97
4.5640,-13.65
4.5645,-12.59
4.5650,-6.78
4.5655,-14.56
4.5660,-5.96
4.5665,6.15
4.5670,-7.47
4.5675,3.94
4.5680,-11.51
4.5685,-8.92
4.5690,3.20
4.5695,2.96
4.5700,-10.71
4.5705,-12.08
4.5710,-0.58
4.5715,-8.00
4.5720,-6.88
4.5725,-10.13
4.5730,-7.62
4.5735,-15.21
4.5740,8.05
4.5745,-4.23
4.5750,4.91
4.5755,12.47
4.5760,3.43
4.5765,-8.54
4.5770,7.35
4.5775,-4.53
4.5780,-9.87
4.5785,-2.63
4.5790,4.22
4.5795,-8.21
4.5800,-4.56
4.5805,0.57
4.5810,-12.20
4.5815,0.34
4.5820,-2.38
4.5825,-3.70
4.5830,-2.37
4.5835,-5.56
4.5840,3.71
4.5845,9.01
4.5850,-19.53
4.5855,-2.94
4.5860,-8.78
4.5865,-4.92
4.5870,-11.32
4.5875,1.04
4.5880,-9.80
4.5885,0.51
4.5890,-4.99
4.5895,-18.89
4.5900,-12.17
4.5905,-0.36
4.5910,-6.06
4.5915,9.97
4.5920,4.77
4.5925,-0.72
4.5930,-6.09
4.5935,-13.70
4.5940,-21.58
4.5945,-15.39
4.5950,1.85
4.5955,-10.37
4.5960,-19.82
4.5965,-9.40
4.5970,-10.14
4.5975,-3.40
4.5980,-6.12
4.5985,-22.28
4.5990,4.32
4.5995,-0.99
4.6000,7.12
4.6005,-5.95
4.6010,6.02
4.6015,-11.00
4.6020,0.86
4.6025,-7.14
4.6030,-16.62
4.6035,-6.23
4.6040,-1.37
4.6045,-7.13
4.6050,7.37
4.6055,-6.19
4.6060,-1.70
4.6065,-5.71
4.6070,-1.36
4.6075,-6.47
4.6080,-8.43
4.6085,3.47
4.6090,-6.09
4.6095,-2.57
4.6100,-6.15
4.6105,-20.66
4.6110,3.40
4.6115,-9.31
4.6120,-8.03
4.6125,-7.94
4.6130,3.39
4.6135,-10.35
4.6140,-4.83
4.6145,-1.19
4.6150,7.08
4.6155,-0.08
4.6160,-7.50
4.6165,-6.31
4.6170,0.59
4.6175,-3.00
4.6180,0.64
4.6185,-5.53
4.6190,-1.38
4.6195,11.62
4.6200,-5.09
4.6205,-6.56
4.6210,10.55
4.6215,-3.36
4.6220,2.72
4.6225,13.18
4.6230,-1.68
4.6235,-11.67
4.6240,-0.08
4.6245,-3.12
4.6250,-6.71
4.6255,-6.54
4.6260,-0.53
4.6265,-14.77
4.6270,10.32
4.6275,4.86
4.6280,-10.91
4.6285,-0.66
4.6290,5.22
4.6295,4.28
4.6300,-12.22
4.6305,-7.22
4.6310,-4.22
4.6315,4.11
4.6320,-21.65
4.6325,-10.31
4.6330,-14.67
4.6335,-2.85
4.6340,-12.80
4.6345,-5.45
4.6350,-5.66
4.6355,-15.71
4.6360,-3.48
4.6365,-5.69
4.6370,2.17
4.6375,5.28
4.6380,-1.41
4.6385,9.98
4.6390,4.76
4.6395,-8.68
4.6400,-6.48
4.6405,6.09
4.6410,-11.42
4.6415,4.25
4.6420,-7.69
4.6425,-4.34
4.6430,3.39
4.6435,15.05
4.6440,-10.39
4.6445,-3.18
4.6450,-4.15
4.6455,-9.48
4.6460,2.19
4.6465,0.69
4.6470,8.23
4.6475,-0.57
4.6480,-3.57
4.6485,9.92
4.6490,-6.34
4.6495,-11.79
4.6500,-15.17
4.6505,-1.07
4.6510,-3.54
4.6515,2.58
4.6520,-4.53
4.6525,-2.57
4.6530,-4.90
4.6535,2.32
4.6540,-8.75
4.6545,0.81
4.6550,-0.28
4.6555,-10.75
4.6560,0.12
4.6565,6.17
4.6570,1.39
4.6575,3.84
4.6580,1.45
4.6585,2.97
4.6590,-8.03
4.6595,5.96
4.6600,-4.02
4.6605,-1.51
4.6610,0.75
4.6615,9.53
4.6620,4.51
4.6625,-0.11
4.6630,3.40
4.6635,-11.10
4.6640,8.54
4.6645,9.28
4.6650,-1.66
4.6655,8.40
4.6660,4.35
4.6665,1.04
4.6670,-0.97
4.6675,-11.37
4.6680,-7.66
4.6685,11.73
4.6690,16.59
4.6695,9.44
4.6700,4.69
4.6705,-4.02
4.6710,-0.10
4.6715,16.18
4.6720,-1.89
4.6725,11.24
4.6730,1.19
4.6735,7.84
4.6740,5.33
4.6745,-1.05
4.6750,6.87
4.6755,7.47
4.6760,-5.74
4.6765,3.65
4.6770,-9.52
4.6775,-3.37
4.6780,-14.51
4.6785,-4.43
4.6790,14.41
4.6795,1.74
4.6800,7.85
4.6805,-0.21
4.6810,-8.03
4.6815,-2.53
4.6820,18.02
4.6825,-7.67
4.6830,10.55
4.6835,6.44
4.6840,-5.44
4.6845,-0.52
4.6850,-3.59
4.6855,-1.94
4.6860,-7.35
4.6865,-5.83
4.6870,-3.08
4.6875,18.05
4.6880,-0.15
4.6885,-17.85
4.6890,4.98
4.6895,2.99
4.6900,-1.29
4.6905,2.56
4.6910,-1.47
4.6915,10.15
4.6920,9.89
4.6925,-5.99
4.6930,0.29
4.6935,12.41
4.6940,-7.71
4.6945,3.38
4.6950,-0.31
4.6955,2.20
4.6960,5.24
4.6965,16.89
4.6970,4.64
4.6975,8.79
4.6980,-5.77
4.6985,2.18
4.6990,15.08
4.6995,2.11
4.7000,-0.92
4.7005,-9.90
4.7010,5.59
4.7015,2.52
4.7020,14.11
4.7025,-13.87
4.7030,-8.35
4.7035,-8.20
4.7040,0.49
4.7045,11.05
4.7050,5.82
4.7055,-3.71
4.7060,8.00
4.7065,8.32
4.7070,13.88
4.7075,4.35
4.7080,1.54
4.7085,7.83
4.7090,-1.43
4.7095,-7.86
4.7100,4.25
4.7105,-1.28
4.7110,-0.21
4.7115,-1.26
4.7120,6.44
4.7125,4.52
4.7130,-9.02
4.7135,6.88
4.7140,15.44
4.7145,13.45
4.7150,-3.53
4.7155,-7.10
4.7160,9.06
4.7165,-4.69
4.7170,7.23
4.7175,8.47
4.7180,7.59
4.7185,1.45
4.7190,-9.37
4.7195,9.28
4.7200,-5.98
4.7205,15.19
4.7210,18.02
4.7215,2.70
4.7220,-9.30
4.7225,17.88
4.7230,42.02
4.7235,64.03
4.7240,43.40
4.7245,-5.44
4.7250,-5.97
4.7255,-8.16
4.7260,-17.25
4.7265,-13.74
4.7270,2.70
4.7275,7.27
4.7280,-1.65
4.7285,12.71
4.7290,6.85
4.7295,7.79
4.7300,-1.31
4.7305,1.00
4.7310,3.30
4.7315,8.35
4.7320,9.92
4.7325,3.85
4.7330,-2.85
4.7335,-0.65
4.7340,0.94
4.7345,6.87
4.7350,2.84
4.7355,27.30
4.7360,9.68
4.7365,17.14
4.7370,1.95
4.7375,-0.61
4.7380,-1.76
4.7385,-12.56
4.7390,17.54
4.7395,13.57
4.7400,3.65
4.7405,11.02
4.7410,3.12
4.7415,-2.79
4.7420,14.37
4.7425,-0.75
4.7430,5.73
4.7435,13.67
4.7440,8.67
4.7445,5.30
4.7450,4.64
4.7455,-1.95
4.7460,-3.92
4.7465,-7.42
4.7470,8.16
4.7475,0.95
4.7480,4.02
4.7485,5.78
4.7490,5.80
4.7495,11.19
4.7500,1.96
4.7505,-6.96
4.7510,12.75
4.7515,1.23
4.7520,2.57
4.7525,0.46
4.7530,15.05
4.7535,10.84
4.7540,9.56
4.7545,13.95
4.7550,14.22
4.7555,10.15
4.7560,16.01
4.7565,9.56
4.7570,4.29
4.7575,-4.39
4.7580,0.90
4.7585,-1.20
4.7590,6.86
4.7595,12.40
4.7600,-1.73
4.7605,-7.15
4.7610,-4.55
4.7615,8.91
4.7620,15.49
4.7625,-5.93
4.7630,13.24
4.7635,4.79
4.7640,-5.03
4.7645,11.03
4.7650,16.14
4.7655,11.08
4.7660,-1.81
4.7665,3.12
4.7670,9.62
4.7675,27.34
4.7680,7.39
4.7685,-22.01
4.7690,9.66
4.7695,2.23
4.7700,9.33
4.7705,10.51
4.7710,6.00
4.7715,13.42
4.7720,6.25
4.7725,-9.06
4.7730,4.30
4.7735,-4.35
4.7740,16.21
4.7745,-6.45
4.7750,5.50
4.7755,9.23
4.7760,6.70
4.7765,5.96
4.7770,2.34
4.7775,3.28
4.7780,-1.01
4.7785,12.65
4.7790,4.42
4.7795,-0.04
4.7800,5.68
4.7805,11.01
4.7810,3.15
4.7815,-2.28
4.7820,5.81
4.7825,8.17
4.7830,10.37
4.7835,2.91
4.7840,-9.53
4.7845,6.05
4.7850,9.93
4.7855,-11.09
4.7860,-5.57
4.7865,-4.03
4.7870,-7.48
4.7875,8.78
4.7880,3.44
4.7885,2.57
4.7890,0.92
4.7895,2.27
4.7900,11.53
4.7905,-1.58
4.7910,13.03
4.7915,13.45
4.7920,0.60
4.7925,8.95
4.7930,0.72
4.7935,8.49
4.7940,-2.85
4.7945,1.07
4.7950,-5.58
4.7955,12.97
4.7960,12.53
4.7965,7.58
4.7970,-0.80
4.7975,2.36
4.7980,-8.87
4.7985,18.06
4.7990,-2.17
4.7995,-0.48
4.8000,2.78
4.8005,11.21
4.8010,6.70
4.8015,-4.72
4.8020,-6.78
4.8025,11.35
4.8030,1.92
4.8035,-4.92
4.8040,4.26
4.8045,-10.15
4.8050,3.98
4.8055,-4.56
4.8060,-3.49
4.8065,-1.07
4.8070,5.14
4.8075,9.66
4.8080,-14.45
4.8085,7.33
4.8090,-3.25
4.8095,-3.17
4.8100,2.50
4.8105,9.83
4.8110,9.95
4.8115,-0.13
4.8120,15.00
4.8125,-5.69
4.8130,0.16
4.8135,-1.00
4.8140,8.49
4.8145,-2.73
4.8150,1.32
4.8155,10.60
4.8160,14.26
4.8165,3.64
4.8170,15.18
4.8175,-7.29
4.8180,8.52
4.8185,2.35
4.8190,0.50
4.8195,-1.84
4.8200,-8.23
4.8205,3.84
4.8210,0.96
4.8215,-1.55
4.8220,4.22
4.8225,15.20
4.8230,0.38
4.8235,6.79
4.8240,7.53
4.8245,-16.16
4.8250,-5.47
4.8255,7.03
4.8260,4.78
4.8265,14.61
4.8270,2.42
4.8275,-6.26
4.8280,-14.63
4.8285,3.44
4.8290,-1.47
4.8295,4.92
4.8300,-8.73
4.8305,-2.07
4.8310,1.86
4.8315,8.21
4.8320,-13.57
4.8325,17.96
4.8330,-1.56
4.8335,9.54
4.8340,5.58
4.8345,10.43
4.8350,2.28
4.8355,-7.70
4.8360,-11.75
4.8365,15.51
4.8370,6.47
4.8375,2.02
4.8380,9.14
4.8385,-1.12
4.8390,-1.09
4.8395,-14.41
4.8400,4.00
4.8405,8.75
4.8410,-8.20
4.8415,21.63
4.8420,1.21
4.8425,4.04
4.8430,-9.22
4.8435,2.65
4.8440,-4.16
4.8445,0.30
4.8450,-2.46
4.8455,-15.50
4.8460,0.71
4.8465,17.78
4.8470,-25.35
4.8475,1.84
4.8480,0.63
4.8485,0.40
4.8490,8.55
4.8495,7.75
4.8500,11.71
4.8505,2.12
4.8510,-1.69
4.8515,-5.09
4.8520,-3.57
4.8525,4.89
4.8530,-0.43
4.8535,4.64
4.8540,1.66
4.8545,55.07
4.8550,74.65
4.8555,31.91
4.8560,-4.02
4.8565,-18.23
4.8570,-37.63
4.8575,-32.65
4.8580,5.65
4.8585,-2.57
4.8590,4.11
4.8595,-0.63
4.8600,-3.29
4.8605,-3.77
4.8610,-1.16
4.8615,4.02
4.8620,-2.66
4.8625,5.10
4.8630,-0.83
4.8635,-9.70
4.8640,-15.59
4.8645,5.32
4.8650,4.61
4.8655,-5.71
4.8660,1.92
4.8665,-10.20
4.8670,-2.68
4.8675,-1.66
4.8680,2.01
4.8685,-10.88
4.8690,-10.78
4.8695,-11.18
4.8700,-0.67
4.8705,4.41
4.8710,-9.98
4.8715,13.14
4.8720,-11.53
4.8725,-8.52
4.8730,48.14
4.8735,73.44
4.8740,35.11
4.8745,-1.10
4.8750,-22.51
4.8755,-47.48
4.8760,-24.79
4.8765,-19.49
4.8770,6.01
4.8775,-4.30
4.8780,-4.96
4.8785,-6.37
4.8790,2.60
4.8795,-17.19
4.8800,-13.14
4.8805,-3.68
4.8810,-1.16
4.8815,-16.24
4.8820,5.29
4.8825,-5.79
4.8830,-10.20
4.8835,2.70
4.8840,-7.80
4.8845,-3.81
4.8850,-0.80
4.8855,-4.53
4.8860,4.00
4.8865,-7.81
4.8870,-10.54
4.8875,-11.27
4.8880,-6.91
4.8885,12.36
4.8890,-10.34
4.8895,-11.02
4.8900,-7.69
4.8905,-23.36
4.8910,-4.91
4.8915,-2.06
4.8920,-21.30
4.8925,4.31
4.8930,-6.68
4.8935,-14.03
4.8940,-20.78
4.8945,14.34
4.8950,-3.94
4.8955,-4.41
4.8960,-17.97
4.8965,-15.00
4.8970,9.27
4.8975,-0.36
4.8980,-11.75
4.8985,-1.90
4.8990,0.31
4.8995,-4.24
4.9000,-6.22
4.9005,-14.95
4.9010,-1.49
4.9015,-7.87
4.9020,2.81
4.9025,-6.07
4.9030,-5.94
4.9035,-14.69
4.9040,4.97
4.9045,-5.73
4.9050,-0.19
4.9055,-2.63
4.9060,-0.33
4.9065,-14.32
4.9070,-2.23
4.9075,-3.16
4.9080,-1.09
4.9085,-0.82
4.9090,-0.99
4.9095,-8.87
4.9100,-3.89
4.9105,-12.14
4.9110,-6.50
4.9115,-3.86
4.9120,-10.06
4.9125,-1.12
4.9130,3.95
4.9135,1.25
4.9140,-6.17
4.9145,-10.32
4.9150,1.64
4.9155,-9.04
4.9160,-9.32
4.9165,-7.09
4.9170,0.81
4.9175,-7.33
4.9180,-0.68
4.9185,-10.04
4.9190,0.85
4.9195,-6.78
4.9200,-3.27
4.9205,-8.82
4.9210,-10.71
4.9215,-15.05
4.9220,-9.89
4.9225,-0.38
4.9230,-7.22
4.9235,-18.79
4.9240,-2.61
4.9245,-3.35
4.9250,11.34
4.9255,-1.75
4.9260,-12.43
4.9265,-1.50
4.9270,-9.69
4.9275,-5.88
4.9280,0.56
4.9285,-6.49
4.9290,-14.96
4.9295,-10.10
4.9300,-16.51
4.9305,-8.70
4.9310,3.78
4.9315,-15.26
4.9320,-1.22
4.9325,-6.31
4.9330,6.33
4.9335,-1.31
4.9340,-17.27
4.9345,-4.70
4.9350,-19.74
4.9355,-0.20
4.9360,7.81
4.9365,4.64
4.9370,-0.74
4.9375,6.79
4.9380,-0.23
4.9385,-14.10
4.9390,-10.61
4.9395,0.18
4.9400,2.82
4.9405,-7.34
4.9410,4.51
4.9415,-10.78
4.9420,13.74
4.9425,-11.74
4.9430,-14.64
4.9435,-12.20
4.9440,-0.26
4.9445,-12.23
4.9450,-10.09
4.9455,-5.08
4.9460,-5.34
4.9465,-10.29
4.9470,-10.97
4.9475,-14.31
4.9480,3.99
4.9485,-3.97
4.9490,-0.68
4.9495,7.59
4.9500,3.47
4.9505,4.40
4.9510,5.24
4.9515,3.09
4.9520,1.18
4.9525,-5.16
4.9530,4.29
4.9535,-12.15
4.9540,5.60
4.9545,-7.82
4.9550,6.91
4.9555,2.67
4.9560,0.18
4.9565,-11.50
4.9570,-3.18
4.9575,1.87
4.9580,-5.07
4.9585,3.12
4.9590,-17.35
4.9595,-6.81
4.9600,7.79
4.9605,-0.92
4.9610,9.35
4.9615,2.77
4.9620,-3.96
4.9625,0.32
4.9630,-2.96
4.9635,-1.71
4.9640,-8.58
4.9645,4.39
4.9650,6.15
4.9655,-5.42
4.9660,-4.69
4.9665,-15.96
4.9670,-16.27
4.9675,0.90
4.9680,-2.55
4.9685,5.14
4.9690,8.87
4.9695,-3.97
4.9700,-13.51
4.9705,8.55
4.9710,9.12
4.9715,0.12
4.9720,14.48
4.9725,8.75
4.9730,12.70
4.9735,-17.24
4.9740,-0.56
4.9745,-3.01
4.9750,0.51
4.9755,-4.38
4.9760,-3.31
4.9765,4.67
4.9770,-2.94
4.9775,-9.69
4.9780,-4.52
4.9785,4.22
4.9790,7.76
4.9795,10.91
4.9800,-3.29
4.9805,-5.41
4.9810,-7.29
4.9815,1.37
4.9820,-3.12
4.9825,3.41
4.9830,-2.70
4.9835,-9.64
4.9840,-0.75
4.9845,8.78
4.9850,7.83
4.9855,9.93
4.9860,-15.71
4.9865,-1.56
4.9870,0.63
4.9875,-0.59
4.9880,5.48
4.9885,-7.16
4.9890,13.48
4.9895,2.41
4.9900,-9.54
4.9905,-4.51
4.9910,-1.76
4.9915,-0.67
4.9920,10.86
4.9925,9.49
4.9930,15.06
4.9935,-1.77
4.9940,-8.19
4.9945,-9.93
4.9950,6.67
4.9955,-0.76
4.9960,7.32
4.9965,-8.51
4.9970,3.65
4.9975,-5.90
4.9980,10.72
4.9985,-4.56
4.9990,-7.68
4.9995,-13.61
5.0000,-2.11
5.0005,-11.37
5.0010,4.56
5.0015,9.11
5.0020,0.55
5.0025,-5.87
5.0030,0.07
5.0035,7.86
5.0040,-4.61
5.0045,11.49
5.0050,13.60
5.0055,-1.65
5.0060,-11.78
5.0065,-6.11
5.0070,5.03
5.0075,1.69
5.0080,16.59
5.0085,1.68
5.0090,5.00
5.0095,3.12
5.0100,11.69
5.0105,9.76
5.0110,3.66
5.0115,1.90
5.0120,2.45
5.0125,10.65
5.0130,-22.72
5.0135,-7.76
5.0140,-7.24
5.0145,-11.01
5.0150,-10.34
5.0155,3.26
5.0160,7.87
5.0165,-5.54
5.0170,18.55
5.0175,2.76
5.0180,-5.21
5.0185,1.08
5.0190,0.10
5.0195,-7.44
5.0200,-14.57
5.0205,-1.15
5.0210,-0.20
5.0215,-5.11
5.0220,5.03
5.0225,11.68
5.0230,-6.59
5.0235,1.58
5.0240,0.54
5.0245,-5.77
5.0250,2.76
5.0255,9.04
5.0260,12.31
5.0265,9.02
5.0270,6.51
5.0275,-3.35
5.0280,-0.03
5.0285,3.77
5.0290,5.01
5.0295,0.04
5.0300,14.76
5.0305,2.39
5.0310,0.56
5.0315,-20.57
5.0320,0.02
5.0325,11.51
5.0330,2.49
5.0335,4.68
5.0340,-10.14
5.0345,5.47
5.0350,5.42
5.0355,1.06
5.0360,12.98
5.0365,-8.27
5.0370,7.58
5.0375,0.20
5.0380,-3.68
5.0385,18.41
5.0390,-3.75
5.0395,-1.28
5.0400,11.24
5.0405,-0.24
5.0410,7.41
5.0415,13.44
5.0420,6.92
5.0425,-0.64
5.0430,-7.94
5.0435,-3.68
5.0440,-2.13
5.0445,0.22
5.0450,-2.05
5.0455,8.15
5.0460,11.66
5.0465,14.65
5.0470,6.88
5.0475,-10.28
5.0480,3.90
5.0485,-1.44
5.0490,11.05
5.0495,6.95
5.0500,9.65
5.0505,8.62
5.0510,5.40
5.0515,-2.24
5.0520,5.90
5.0525,-0.79
5.0530,-3.80
5.0535,8.96
5.0540,12.83
5.0545,11.28
5.0550,-3.19
5.0555,3.64
5.0560,7.41
5.0565,4.95
5.0570,-1.78
5.0575,-17.78
5.0580,20.67
5.0585,-3.19
5.0590,3.90
5.0595,8.21
5.0600,0.91
5.0605,-0.88
5.0610,9.02
5.0615,9.19
5.0620,15.93
5.0625,6.50
5.0630,-2.35
5.0635,6.64
5.0640,7.99
5.0645,11.69
5.0650,-3.76
5.0655,4.54
5.0660,-0.88
5.0665,0.57
5.0670,11.81
5.0675,-4.20
5.0680,10.44
5.0685,17.74
5.0690,7.56
5.0695,-2.32
5.0700,8.59
5.0705,14.69
5.0710,7.64
5.0715,3.97
5.0720,1.31
5.0725,5.21
5.0730,3.83
5.0735,2.55
5.0740,21.47
5.0745,4.81
5.0750,9.67
5.0755,7.76
5.0760,0.84
5.0765,2.93
5.0770,9.25
5.0775,8.80
5.0780,-1.95
5.0785,-0.44
5.0790,5.05
5.0795,3.38
5.0800,-8.47
5.0805,5.58
5.0810,12.23
5.0815,7.46
5.0820,2.53
5.0825,-0.51
5.0830,18.59
5.0835,19.80
5.0840,16.05
5.0845,10.33
5.0850,16.82
5.0855,20.68
5.0860,2.22
5.0865,-1.54
5.0870,-18.18
5.0875,13.43
5.0880,12.19
5.0885,9.50
5.0890,-1.57
5.0895,13.42
5.0900,-2.73
5.0905,-15.85
5.0910,-7.12
5.0915,-1.21
5.0920,1.27
5.0925,-7.30
5.0930,-1.43
5.0935,13.15
5.0940,2.07
5.0945,-1.86
5.0950,-1.23
5.0955,6.59
5.0960,-4.96
5.0965,10.81
5.0970,11.50
5.0975,-1.86
5.0980,10.28
5.0985,4.64
5.0990,15.89
5.0995,-9.41
5.1000,1.58
5.1005,-1.79
5.1010,5.78
5.1015,12.84
5.1020,1.66
5.1025,-0.00
5.1030,15.26
5.1035,-0.19
5.1040,4.06
5.1045,5.15
5.1050,3.76
5.1055,5.66
5.1060,1.30
5.1065,6.83
5.1070,2.06
5.1075,-6.83
5.1080,7.21
5.1085,-12.69
5.1090,-1.70
5.1095,5.94
5.1100,3.86
5.1105,-5.22
5.1110,0.18
5.1115,13.99
5.1120,4.27
5.1125,2.56
5.1130,3.27
5.1135,-2.05
5.1140,11.05
5.1145,-2.77
5.1150,4.61
5.1155,8.07
5.1160,-0.25
5.1165,10.90
5.1170,-8.45
5.1175,18.26
5.1180,0.57
5.1185,-5.82
5.1190,4.64
5.1195,-0.66
5.1200,-10.03
5.1205,5.84
5.1210,15.30
5.1215,4.65
5.1220,8.03
5.1225,14.69
5.1230,-11.85
5.1235,5.37
5.1240,11.33
5.1245,-7.37
5.1250,12.98
5.1255,-10.12
5.1260,5.43
5.1265,-3.03
5.1270,3.43
5.1275,2.63
5.1280,1.43
5.1285,0.73
5.1290,6.19
5.1295,16.06
5.1300,-2.81
5.1305,4.46
5.1310,2.76
5.1315,10.46
5.1320,6.44
5.1325,11.50
5.1330,-0.33
5.1335,7.49
5.1340,-9.78
5.1345,7.91
5.1350,4.28
5.1355,-2.06
5.1360,0.26
5.1365,0.28
5.1370,6.25
5.1375,17.31
5.1380,-4.26
5.1385,9.65
5.1390,2.39
5.1395,4.95
5.1400,5.53
5.1405,15.89
5.1410,-0.96
5.1415,-8.12
5.1420,-5.26
5.1425,4.35
5.1430,0.50
5.1435,5.57
5.1440,16.98
5.1445,21.56
5.1450,-3.30
5.1455,2.27
5.1460,-18.70
5.1465,7.87
5.1470,12.55
5.1475,3.17
5.1480,-0.66
5.1485,-0.61
5.1490,1.46
5.1495,1.91
5.1500,6.93
5.1505,0.13
5.1510,-15.55
5.1515,-11.36
5.1520,17.28
5.1525,-12.87
5.1530,-6.09
5.1535,11.02
5.1540,-3.83
5.1545,8.78
5.1550,0.43
5.1555,6.41
5.1560,-10.77
5.1565,3.54
5.1570,-9.61
5.1575,-3.15
5.1580,-5.63
5.1585,-1.30
5.1590,-3.60
5.1595,-4.93
5.1600,0.45
5.1605,-11.01
5.1610,-5.61
5.1615,14.53
5.1620,25.30
5.1625,-9.85
5.1630,-3.69
5.1635,14.16
5.1640,-3.60
5.1645,-10.46
5.1650,-8.51
5.1655,-5.86
5.1660,-9.27
5.1665,-6.15
5.1670,1.73
5.1675,5.77
5.1680,4.51
5.1685,-0.42
5.1690,-14.48
5.1695,-16.20
5.1700,-9.49
5.1705,-5.84
5.1710,-6.68
5.1715,-6.29
5.1720,-9.56
5.1725,-3.05
5.1730,0.20
5.1735,-8.58
5.1740,-5.57
5.1745,-9.50
5.1750,-8.48
5.1755,-4.55
5.1760,-0.49
5.1765,1.67
5.1770,-2.80
5.1775,-3.28
5.1780,-1.18
5.1785,11.76
5.1790,-14.17
5.1795,-19.18
5.1800,-13.37
5.1805,-4.70
5.1810,-10.43
5.1815,19.17
5.1820,3.42
5.1825,4.78
5.1830,-1.48
5.1835,-6.44
5.1840,-7.66
5.1845,-5.99
5.1850,-6.25
5.1855,3.81
5.1860,-12.50
5.1865,-4.08
5.1870,-6.88
5.1875,1.19
5.1880,3.08
5.1885,-0.75
5.1890,7.97
5.1895,-0.25
5.1900,-8.90
5.1905,2.35
5.1910,-16.66
5.1915,3.39
5.1920,0.33
5.1925,19.74
5.1930,-2.68
5.1935,-3.70
5.1940,-10.97
5.1945,-6.40
5.1950,-8.51
5.1955,9.04
5.1960,-2.14
5.1965,-6.15
5.1970,-8.77
5.1975,8.18
5.1980,0.52
5.1985,-15.66
5.1990,-7.83
5.1995,5.39
5.2000,-3.71
5.2005,-5.40
5.2010,2.38
5.2015,-17.82
5.2020,-8.06
5.2025,-2.70
5.2030,2.59
5.2035,-5.12
5.2040,-0.34
5.2045,-11.74
5.2050,-9.20
5.2055,-2.54
5.2060,5.44
5.2065,0.84
5.2070,3.61
5.2075,7.87
5.2080,-2.86
5.2085,-0.70
5.2090,7.80
5.2095,-9.62
5.2100,2.94
5.2105,-14.92
5.2110,-13.37
5.2115,-6.71
5.2120,-9.62
5.2125,-14.96
5.2130,-4.26
5.2135,1.12
5.2140,14.01
5.2145,-18.82
5.2150,-0.76
5.2155,-9.73
5.2160,-23.27
5.2165,-10.22
5.2170,-6.13
5.2175,-6.82
5.2180,10.18
5.2185,-12.68
5.2190,-9.42
5.2195,0.67
5.2200,-1.33
5.2205,-0.93
5.2210,-5.36
5.2215,-9.99
5.2220,-10.83
5.2225,2.21
5.2230,-4.15
5.2235,1.31
5.2240,4.28
5.2245,-20.82
5.2250,-9.40
5.2255,-7.85
5.2260,-8.14
5.2265,-1.92
5.2270,-7.75
5.2275,3.25
5.2280,-0.79
5.2285,-12.60
5.2290,-2.05
5.2295,-7.54
5.2300,-5.60
5.2305,-20.92
5.2310,-3.80
5.2315,-13.15
5.2320,5.33
5.2325,2.76
5.2330,-6.48
5.2335,-18.38
5.2340,-10.10
5.2345,-14.09
5.2350,-3.38
5.2355,-11.19
5.2360,-2.41
5.2365,-14.34
5.2370,3.00
5.2375,-19.07
5.2380,-11.52
5.2385,1.26
5.2390,-1.68
5.2395,-1.87
5.2400,-7.12
5.2405,-22.82
5.2410,-6.05
5.2415,-3.73
5.2420,11.28
5.2425,4.29
5.2430,-15.96
5.2435,-3.05
5.2440,-1.86
5.2445,-1.94
5.2450,-20.92
5.2455,4.13
5.2460,-10.33
5.2465,-10.28
5.2470,-8.77
5.2475,-10.44
5.2480,-8.96
5.2485,-12.16
5.2490,-7.69
5.2495,-17.84
5.2500,3.38
5.2505,-10.24
5.2510,-3.22
5.2515,-0.84
5.2520,-0.81
5.2525,-12.20
5.2530,-12.97
5.2535,-0.91
5.2540,-0.70
5.2545,-2.12
5.2550,-9.67
5.2555,-12.47
5.2560,-22.82
5.2565,9.75
5.2570,9.45
5.2575,10.79
5.2580,-7.04
5.2585,2.51
5.2590,-13.44
5.2595,6.43
5.2600,-10.03
5.2605,-1.25
5.2610,1.49
5.2615,-11.73
5.2620,-9.21
5.2625,-2.91
5.2630,-1.08
5.2635,17.46
5.2640,-3.21
5.2645,-5.31
5.2650,3.82
5.2655,-17.21
5.2660,-0.22
5.2665,2.01
5.2670,-6.45
5.2675,4.57
5.2680,4.54
5.2685,7.23
5.2690,-3.82
5.2695,5.40
5.2700,-8.51
5.2705,-3.77
5.2710,-0.48
5.2715,-11.48
5.2720,-9.78
5.2725,1.99
5.2730,5.70
5.2735,2.50
5.2740,-15.71
5.2745,-6.77
5.2750,-1.24
5.2755,-14.34
5.2760,-11.06
5.2765,3.11
5.2770,-10.65
5.2775,-11.73
5.2780,-16.41
5.2785,3.85
5.2790,-1.33
5.2795,2.32
5.2800,-1.55
5.2805,-6.82
5.2810,-9.08
5.2815,-4.78
5.2820,-7.58
5.2825,2.50
5.2830,0.92
5.2835,1.24
5.2840,2.63
5.2845,2.57
5.2850,-3.42
5.2855,-9.67
5.2860,-2.84
5.2865,-6.40
5.2870,-4.87
5.2875,3.11
5.2880,6.17
5.2885,7.35
5.2890,4.07
5.2895,7.90
5.2900,-8.69
5.2905,-9.55
5.2910,7.31
5.2915,0.32
5.2920,2.56
5.2925,3.12
5.2930,-7.51
5.2935,-2.08
5.2940,7.42
5.2945,-0.89
5.2950,-21.13
5.2955,-7.42
5.2960,6.67
5.2965,-2.71
5.2970,-5.18
5.2975,1.00
5.2980,-3.31
5.2985,-7.81
5.2990,0.13
5.2995,-10.04
5.3000,-1.21
5.3005,-11.36
5.3010,1.42
5.3015,2.95
5.3020,1.15
5.3025,-12.05
5.3030,-8.88
5.3035,14.26
5.3040,10.95
5.3045,6.69
5.3050,-4.32
5.3055,-1.44
5.3060,-6.58
5.3065,-3.81
5.3070,12.16
5.3075,2.71
5.3080,-10.23
5.3085,6.76
5.3090,-6.06
5.3095,6.94
5.3100,-6.79
5.3105,4.33
5.3110,5.15
5.3115,-3.75
5.3120,-3.70
5.3125,-3.05
5.3130,0.33
5.3135,2.24
5.3140,-3.44
5.3145,-5.31
5.3150,4.43
5.3155,-2.95
5.3160,3.49
5.3165,-19.09
5.3170,-0.46
5.3175,-13.74
5.3180,12.92
5.3185,0.61
5.3190,-3.53
5.3195,-11.93
5.3200,10.90
5.3205,-9.91
5.3210,14.25
5.3215,1.40
5.3220,-2.67
5.3225,-3.46
5.3230,-0.39
5.3235,7.13
5.3240,-15.87
5.3245,-7.12
5.3250,3.99
5.3255,-5.16
5.3260,3.67
5.3265,-12.70
5.3270,14.25
5.3275,-3.10
5.3280,-9.88
5.3285,-3.06
5.3290,9.68
5.3295,1.90
5.3300,5.81
5.3305,16.77
5.3310,3.80
5.3315,-6.36
5.3320,-4.54
5.3325,-17.24
5.3330,0.41
5.3335,-6.98
5.3340,-12.22
5.3345,-10.74
5.3350,-2.28
5.3355,-8.61
5.3360,7.62
5.3365,-4.82
5.3370,-0.39
5.3375,-3.69
5.3380,1.99
5.3385,1.70
5.3390,3.03
5.3395,-17.57
5.3400,-2.63
5.3405,16.46
5.3410,2.56
5.3415,-3.35
5.3420,3.62
5.3425,6.65
5.3430,6.30
5.3435,0.02
5.3440,-3.26
5.3445,6.68
5.3450,0.12
5.3455,-5.33
5.3460,-5.30
5.3465,-1.37
5.3470,9.13
5.3475,2.91
5.3480,-6.53
5.3485,-2.93
5.3490,7.80
5.3495,-3.52
5.3500,-5.23
5.3505,16.85
5.3510,-1.35
5.3515,-12.64
5.3520,-12.71
5.3525,6.52
5.3530,3.96
5.3535,1.88
5.3540,-3.40
5.3545,-3.21
5.3550,5.24
5.3555,-11.08
5.3560,-1.35
5.3565,7.40
5.3570,1.48
5.3575,10.78
5.3580,6.90
5.3585,4.51
5.3590,8.84
5.3595,1.21
5.3600,0.09
5.3605,4.26
5.3610,5.15
5.3615,-0.82
5.3620,3.90
5.3625,16.29
5.3630,-5.65
5.3635,6.75
5.3640,-5.97
5.3645,2.09
5.3650,14.19
5.3655,-8.47
5.3660,-1.45
5.3665,-6.26
5.3670,2.52
5.3675,6.99
5.3680,-8.78
5.3685,14.32
5.3690,7.34
5.3695,-5.41
5.3700,-0.13
5.3705,13.20
5.3710,-4.92
5.3715,-3.53
5.3720,0.98
5.3725,14.22
5.3730,16.06
5.3735,4.43
5.3740,2.05
5.3745,4.25
5.3750,-10.10
5.3755,6.33
5.3760,10.82
5.3765,10.07
5.3770,-6.27
5.3775,3.36
5.3780,2.36
5.3785,7.63
5.3790,7.59
5.3795,5.57
5.3800,13.10
5.3805,11.05
5.3810,-3.93
5.3815,7.13
5.3820,8.93
5.3825,-6.36
5.3830,-2.39
5.3835,13.42
5.3840,-8.72
5.3845,10.49
5.3850,18.86
5.3855,12.25
5.3860,6.72
5.3865,-3.62
5.3870,-19.77
5.3875,12.37
5.3880,-4.35
5.3885,12.22
5.3890,10.74
5.3895,6.27
5.3900,-1.35
5.3905,4.00
5.3910,7.48
5.3915,-7.90
5.3920,-6.13
5.3925,4.46
5.3930,-2.63
5.3935,1.80
5.3940,-3.97
5.3945,17.83
5.3950,-3.11
5.3955,-24.51
5.3960,-5.11
5.3965,3.66
5.3970,-14.73
5.3975,2.19
5.3980,11.41
5.3985,6.87
5.3990,-3.62
5.3995,1.52
5.4000,-1.81
5.4005,-16.93
5.4010,-0.28
5.4015,-3.89
5.4020,3.01
5.4025,-5.83
5.4030,3.68
5.4035,1.00
5.4040,0.36
5.4045,3.09
5.4050,5.55
5.4055,2.21
5.4060,12.04
5.4065,-6.52
5.4070,-5.91
5.4075,21.18
5.4080,10.96
5.4085,-0.21
5.4090,7.94
5.4095,4.81
5.4100,-6.40
5.4105,6.41
5.4110,9.56
5.4115,5.09
5.4120,8.17
5.4125,9.70
5.4130,-4.08
5.4135,-8.77
5.4140,12.89
5.4145,15.96
5.4150,6.64
5.4155,12.47
5.4160,1.25
5.4165,7.96
5.4170,-8.41
5.4175,10.06
5.4180,9.85
5.4185,1.92
5.4190,8.98
5.4195,-1.12
5.4200,-5.05
5.4205,5.41
5.4210,7.70
5.4215,7.86
5.4220,6.92
5.4225,3.80
5.4230,-0.34
5.4235,-10.17
5.4240,18.92
5.4245,15.66
5.4250,4.11
5.4255,5.63
5.4260,0.25
5.4265,13.24
5.4270,5.88
5.4275,3.67
5.4280,-3.17
5.4285,-10.49
5.4290,4.60
5.4295,12.48
5.4300,-2.93
5.4305,17.84
5.4310,-4.78
5.4315,17.86
5.4320,3.49
5.4325,8.59
5.4330,11.20
5.4335,-1.84
5.4340,-3.87
5.4345,13.52
5.4350,12.96
5.4355,-3.01
5.4360,15.53
5.4365,7.55
5.4370,-3.28
5.4375,21.04
5.4380,15.83
5.4385,3.80
5.4390,4.42
5.4395,2.06
5.4400,3.84
5.4405,2.79
5.4410,5.06
5.4415,7.61
5.4420,8.59
5.4425,1.07
5.4430,-7.75
5.4435,-5.04
5.4440,9.55
5.4445,14.81
5.4450,-8.16
5.4455,5.36
5.4460,18.85
5.4465,0.13
5.4470,12.58
5.4475,4.82
5.4480,0.37
5.4485,-7.59
5.4490,5.14
5.4495,7.25
5.4500,3.59
5.4505,12.50
5.4510,10.38
5.4515,4.53
5.4520,-3.80
5.4525,4.72
5.4530,7.18
5.4535,10.45
5.4540,-4.35
5.4545,-11.68
5.4550,4.14
5.4555,17.50
5.4560,-2.07
5.4565,55.24
5.4570,68.20
5.4575,38.13
5.4580,-5.60
5.4585,-10.78
5.4590,-29.58
5.4595,-12.35
5.4600,21.49
5.4605,17.79
5.4610,12.32
5.4615,7.23
5.4620,3.63
5.4625,8.00
5.4630,-14.28
5.4635,12.84
5.4640,11.59
5.4645,3.65
5.4650,-3.60
5.4655,-2.43
5.4660,-3.27
5.4665,-8.71
5.4670,6.66
5.4675,-2.92
5.4680,-15.31
5.4685,4.09
5.4690,8.70
5.4695,-21.93
5.4700,0.66
5.4705,0.88
5.4710,8.97
5.4715,13.74
5.4720,-7.57
5.4725,-13.19
5.4730,15.75
5.4735,-6.28
5.4740,-1.98
5.4745,0.54
5.4750,4.31
5.4755,0.25
5.4760,-9.26
5.4765,8.56
5.4770,-0.36
5.4775,-2.23
5.4780,-7.01
5.4785,-1.40
5.4790,1.78
5.4795,-3.79
5.4800,6.79
5.4805,-0.37
5.4810,18.56
5.4815,8.09
5.4820,2.91
5.4825,-1.05
5.4830,3.91
5.4835,-2.64
5.4840,-0.84
5.4845,-6.33
5.4850,10.79
5.4855,2.18
5.4860,9.76
5.4865,8.88
5.4870,-1.53
5.4875,-7.39
5.4880,-10.13
5.4885,-5.68
5.4890,-6.18
5.4895,7.30
5.4900,37.71
5.4905,57.60
5.4910,34.04
5.4915,-3.16
5.4920,-30.39
5.4925,-26.27
5.4930,-18.77
5.4935,-13.35
5.4940,-5.71
5.4945,-11.61
5.4950,-6.18
5.4955,1.90
5.4960,5.14
5.4965,16.12
5.4970,2.66
5.4975,-0.44
5.4980,-12.46
5.4985,17.56
5.4990,3.91
5.4995,-2.59
5.5000,21.49
5.5005,0.39
5.5010,-9.36
5.5015,3.67
5.5020,-6.28
5.5025,3.37
5.5030,7.71
5.5035,-7.97
5.5040,0.97
5.5045,16.48
5.5050,-0.61
5.5055,-12.36
5.5060,-3.18
5.5065,-3.20
5.5070,1.94
5.5075,-8.13
5.5080,-8.79
5.5085,9.45
5.5090,3.77
5.5095,-0.02
5.5100,2.88
5.5105,-2.28
5.5110,18.63
5.5115,9.52
5.5120,5.79
5.5125,-14.25
5.5130,-4.19
5.5135,-22.05
5.5140,4.06
5.5145,-13.98
5.5150,21.93
5.5155,-5.55
5.5160,-8.30
5.5165,3.24
5.5170,-2.67
5.5175,4.32
5.5180,-2.88
5.5185,6.21
5.5190,-17.16
5.5195,1.83
5.5200,-10.56
5.5205,-15.59
5.5210,11.36
5.5215,6.50
5.5220,2.81
5.5225,21.87
5.5230,64.87
5.5235,23.51
5.5240,-1.54
5.5245,-11.95
5.5250,-36.10
5.5255,-16.93
5.5260,-4.36
5.5265,1.11
5.5270,-7.79
5.5275,-3.99
5.5280,7.22
5.5285,5.06
5.5290,-11.57
5.5295,-0.46
5.5300,-5.60
5.5305,-13.58
5.5310,-11.04
5.5315,9.94
5.5320,7.39
5.5325,-8.25
5.5330,4.36
5.5335,-7.61
5.5340,-8.29
5.5345,0.20
5.5350,1.29
5.5355,-6.41
5.5360,-12.34
5.5365,-2.64
5.5370,-16.44
5.5375,-10.13
5.5380,-1.39
5.5385,-15.25
5.5390,-4.22
5.5395,-6.09
5.5400,-8.92
5.5405,-16.69
5.5410,-15.94
5.5415,-10.18
5.5420,-8.40
5.5425,-19.38
5.5430,-0.47
5.5435,3.98
5.5440,-11.50
5.5445,-18.06
5.5450,-7.59
5.5455,-10.27
5.5460,7.21
5.5465,-14.74
5.5470,8.46
5.5475,2.50
5.5480,-10.95
5.5485,-2.19
5.5490,-4.56
5.5495,3.38
5.5500,6.25
5.5505,-1.32
5.5510,-3.27
5.5515,35.59
5.5520,70.61
5.5525,33.06
5.5530,-9.41
5.5535,-7.04
5.5540,-29.77
5.5545,-26.76
5.5550,-14.13
5.5555,5.64
5.5560,-15.17
5.5565,-11.00
5.5570,-14.23
5.5575,10.93
5.5580,-3.36
5.5585,-9.01
5.5590,6.90
5.5595,-7.56
5.5600,8.42
5.5605,-10.43
5.5610,-14.33
5.5615,-13.43
5.5620,-9.12
5.5625,5.88
5.5630,-8.21
5.5635,1.21
5.5640,3.00
5.5645,-20.36
5.5650,-15.29
5.5655,-8.72
5.5660,-8.90
5.5665,-8.62
5.5670,-2.53
5.5675,-9.38
5.5680,-11.63
5.5685,-11.72
5.5690,-8.06
5.5695,-14.61
5.5700,1.90
5.5705,-4.87
5.5710,89.09
5.5715,46.97
5.5720,13.32
5.5725,-12.63
5.5730,-34.75
5.5735,-35.19
5.5740,-10.38
5.5745,-7.23
5.5750,-10.25
5.5755,-1.87
5.5760,-20.06
5.5765,-4.48
5.5770,-4.29
5.5775,3.27
5.5780,-0.79
5.5785,10.06
5.5790,-7.00
5.5795,-18.85
5.5800,1.43
5.5805,-13.52
5.5810,-0.57
5.5815,-18.49
5.5820,2.53
5.5825,-7.47
5.5830,-10.32
5.5835,-4.67
5.5840,-19.11
5.5845,6.15
5.5850,-9.88
5.5855,-23.65
5.5860,1.16
5.5865,-7.02
5.5870,-10.66
5.5875,4.43
5.5880,-3.65
5.5885,-26.41
5.5890,-5.59
5.5895,-11.33
5.5900,1.71
5.5905,-5.66
5.5910,-18.27
5.5915,8.14
5.5920,8.86
5.5925,-3.75
5.5930,-0.29
5.5935,3.43
5.5940,0.77
5.5945,-15.20
5.5950,-3.90
5.5955,7.07
5.5960,-9.47
5.5965,-1.50
5.5970,5.68
5.5975,-13.05
5.5980,-5.05
5.5985,-17.01
5.5990,-19.76
5.5995,-5.52
5.6000,2.54
5.6005,8.27
5.6010,-10.00
5.6015,-7.70
5.6020,-1.76
5.6025,-0.09
5.6030,-16.15
5.6035,-7.14
5.6040,-11.75
5.6045,-4.01
5.6050,12.21
5.6055,5.21
5.6060,-8.51
5.6065,9.83
5.6070,-9.17
5.6075,43.61
5.6080,59.68
5.6085,37.47
5.6090,-7.04
5.6095,-11.79
5.6100,-20.03
5.6105,-16.84
5.6110,-18.43
5.6115,-0.87
5.6120,-1.41
5.6125,-6.11
5.6130,-0.82
5.6135,-6.59
5.6140,-6.69
5.6145,-8.42
5.6150,-0.72
5.6155,-0.18
5.6160,-3.99
5.6165,-1.17
5.6170,0.51
5.6175,-1.26
5.6180,-26.73
5.6185,-5.08
5.6190,-11.69
5.6195,-5.44
5.6200,-3.40
5.6205,-0.21
5.6210,4.88
5.6215,2.82
5.6220,-5.05
5.6225,-5.57
5.6230,-9.24
5.6235,8.99
5.6240,-5.83
5.6245,-2.06
5.6250,-11.26
5.6255,-9.93
5.6260,-10.33
5.6265,8.37
5.6270,5.93
5.6275,-1.47
5.6280,-4.05
5.6285,-3.47
5.6290,3.22
5.6295,14.26
5.6300,-8.75
5.6305,8.45
5.6310,12.71
5.6315,-1.20
5.6320,-2.58
5.6325,-8.47
5.6330,-7.73
5.6335,-6.61
5.6340,11.49
5.6345,2.02
5.6350,-6.60
5.6355,4.51
5.6360,-7.33
5.6365,-7.45
5.6370,3.74
5.6375,0.83
5.6380,4.45
5.6385,-21.21
5.6390,-2.80
5.6395,7.32
5.6400,1.26
5.6405,-1.30
5.6410,-13.44
5.6415,2.57
5.6420,-9.58
5.6425,2.16
5.6430,8.92
5.6435,1.41
5.6440,-6.74
5.6445,3.33
5.6450,-1.17
5.6455,7.64
5.6460,15.49
5.6465,3.02
5.6470,5.85
5.6475,-3.49
5.6480,7.54
5.6485,-9.06
5.6490,-0.44
5.6495,8.64
5.6500,6.38
5.6505,-4.43
5.6510,9.68
5.6515,-4.96
5.6520,-4.44
5.6525,5.86
5.6530,0.49
5.6535,4.58
5.6540,-0.06
5.6545,0.40
5.6550,7.19
5.6555,9.18
5.6560,-8.69
5.6565,-0.70
5.6570,-3.29
5.6575,4.13
5.6580,0.28
5.6585,-0.59
5.6590,7.65
5.6595,6.90
5.6600,-2.28
5.6605,8.54
5.6610,-7.12
5.6615,1.32
5.6620,-2.80
5.6625,-2.00
5.6630,11.28
5.6635,-8.54
5.6640,-0.28
5.6645,2.85
5.6650,-12.28
5.6655,-3.68
5.6660,-15.44
5.6665,0.84
5.6670,-9.73
5.6675,-4.48
5.6680,-5.51
5.6685,-2.62
5.6690,7.53
5.6695,-3.22
5.6700,-11.86
5.6705,4.46
5.6710,13.11
5.6715,-1.33
5.6720,8.36
5.6725,-4.63
5.6730,-7.70
5.6735,-0.39
5.6740,-13.52
5.6745,4.73
5.6750,16.37
5.6755,0.20
5.6760,8.15
5.6765,2.72
5.6770,-16.17
5.6775,5.94
5.6780,-7.00
5.6785,7.22
5.6790,8.20
5.6795,-1.04
5.6800,19.35
5.6805,15.22
5.6810,15.71
5.6815,6.63
5.6820,10.16
5.6825,7.15
5.6830,5.06
5.6835,13.03
5.6840,15.22
5.6845,-7.91
5.6850,4.89
5.6855,4.63
5.6860,6.41
5.6865,1.04
5.6870,9.61
5.6875,7.52
5.6880,14.00
5.6885,-5.21
5.6890,-6.53
5.6895,-0.11
5.6900,-1.99
5.6905,14.22
5.6910,17.08
5.6915,5.31
5.6920,7.66
5.6925,1.29
5.6930,-1.85
5.6935,7.18
5.6940,-2.66
5.6945,6.40
5.6950,2.37
5.6955,-0.14
5.6960,3.35
5.6965,5.50
5.6970,-0.16
5.6975,15.00
5.6980,1.34
5.6985,-6.79
5.6990,-5.26
5.6995,3.75
5.7000,-0.95
5.7005,6.14
5.7010,1.19
5.7015,10.43
5.7020,5.96
5.7025,2.83
5.7030,8.16
5.7035,-6.58
5.7040,7.99
5.7045,-0.58
5.7050,7.88
5.7055,-4.55
5.7060,7.90
5.7065,3.24
5.7070,-6.61
5.7075,-4.41
5.7080,2.28
5.7085,-1.60
5.7090,2.96
5.7095,8.36
5.7100,-0.09
5.7105,6.04
5.7110,2.87
5.7115,-14.09
5.7120,-0.41
5.7125,-0.27
5.7130,14.55
5.7135,1.29
5.7140,-1.97
5.7145,-9.36
5.7150,-7.68
5.7155,11.49
5.7160,22.70
5.7165,100.25
5.7170,46.75
5.7175,16.95
5.7180,-0.87
5.7185,-14.48
5.7190,-9.91
5.7195,2.11
5.7200,-4.13
5.7205,5.02
5.7210,-3.15
5.7215,-1.35
5.7220,6.98
5.7225,13.83
5.7230,-7.55
5.7235,-6.31
5.7240,4.92
5.7245,3.52
5.7250,14.41
5.7255,6.91
5.7260,5.86
5.7265,6.47
5.7270,1.01
5.7275,12.50
5.7280,10.78
5.7285,8.49
5.7290,-3.73
5.7295,7.42
5.7300,5.20
5.7305,1.77
5.7310,1.78
5.7315,-6.40
5.7320,3.89
5.7325,-4.64
5.7330,9.65
5.7335,7.03
5.7340,7.77
5.7345,6.46
5.7350,4.55
5.7355,0.42
5.7360,3.98
5.7365,2.84
5.7370,31.33
5.7375,107.05
5.7380,59.35
5.7385,13.69
5.7390,-13.32
5.7395,-21.13
5.7400,-15.67
5.7405,-8.23
5.7410,3.64
5.7415,-0.38
5.7420,1.53
5.7425,-2.06
5.7430,13.98
5.7435,8.59
5.7440,3.56
5.7445,-1.00
5.7450,1.77
5.7455,-1.38
5.7460,9.00
5.7465,-5.49
5.7470,7.96
5.7475,-0.28
5.7480,11.24
5.7485,2.98
5.7490,-1.65
5.7495,11.19
5.7500,11.74
5.7505,17.04
5.7510,3.36
5.7515,11.01
5.7520,6.63
5.7525,-1.00
5.7530,-8.36
5.7535,4.18
5.7540,12.92
5.7545,16.89
5.7550,5.21
5.7555,-3.29
5.7560,5.14
5.7565,8.33
5.7570,15.42
5.7575,4.31
5.7580,2.99
5.7585,10.55
5.7590,-0.74
5.7595,-7.47
5.7600,6.39
5.7605,17.71
5.7610,14.69
5.7615,-9.72
5.7620,10.15
5.7625,1.56
5.7630,3.14
5.7635,1.32
5.7640,8.22
5.7645,17.36
5.7650,-7.01
5.7655,18.91
5.7660,1.37
5.7665,9.25
5.7670,3.75
5.7675,10.53
5.7680,-3.00
5.7685,2.94
5.7690,4.11
5.7695,14.18
5.7700,5.41
5.7705,2.83
5.7710,8.06
5.7715,6.31
5.7720,13.58
5.7725,-9.77
5.7730,-0.94
5.7735,11.78
5.7740,12.09
5.7745,-14.50
5.7750,-3.35
5.7755,8.53
5.7760,8.52
5.7765,-2.84
5.7770,-2.97
5.7775,18.62
5.7780,-9.79
5.7785,9.33
5.7790,18.57
5.7795,-1.06
5.7800,8.47
5.7805,-4.10
5.7810,-3.40
5.7815,2.73
5.7820,-2.84
5.7825,7.75
5.7830,10.80
5.7835,2.08
5.7840,2.61
5.7845,3.58
5.7850,-2.54
5.7855,12.15
5.7860,6.06
5.7865,-3.19
5.7870,12.06
5.7875,-15.97
5.7880,-5.19
5.7885,-3.91
5.7890,-5.19
5.7895,13.02
5.7900,0.14
5.7905,9.87
5.7910,-2.05
5.7915,7.42
5.7920,3.76
5.7925,6.64
5.7930,19.13
5.7935,7.26
5.7940,-19.58
5.7945,8.95
5.7950,10.48
5.7955,-4.91
5.7960,8.34
5.7965,2.35
5.7970,20.76
5.7975,4.53
5.7980,1.08
5.7985,17.45
5.7990,15.20
5.7995,3.45
5.8000,2.01
5.8005,4.54
5.8010,3.59
5.8015,17.10
5.8020,-10.15
5.8025,-4.81
5.8030,-3.18
5.8035,7.56
5.8040,6.86
5.8045,5.52
5.8050,11.56
5.8055,3.95
5.8060,6.56
5.8065,-8.66
5.8070,-18.40
5.8075,13.26
5.8080,-4.29
5.8085,-6.68
5.8090,6.09
5.8095,7.98
5.8100,-4.47
5.8105,15.45
5.8110,-2.45
5.8115,-1.36
5.8120,-1.28
5.8125,1.27
5.8130,-3.10
5.8135,-6.15
5.8140,2.73
5.8145,11.61
5.8150,-0.22
5.8155,3.63
5.8160,17.86
5.8165,-0.77
5.8170,0.33
5.8175,10.63
5.8180,-3.85
5.8185,5.31
5.8190,8.13
5.8195,1.83
5.8200,2.48
5.8205,12.00
5.8210,8.44
5.8215,3.94
5.8220,4.38
5.8225,-11.88
5.8230,-2.68
5.8235,-11.38
5.8240,-9.15
5.8245,0.91
5.8250,3.08
5.8255,-2.27
5.8260,10.39
5.8265,-5.09
5.8270,0.75
5.8275,-17.96
5.8280,6.17
5.8285,8.08
5.8290,3.78
5.8295,-1.36
5.8300,2.31
5.8305,0.41
5.8310,13.60
5.8315,-22.32
5.8320,11.43
5.8325,9.76
5.8330,-3.46
5.8335,3.43
5.8340,-7.64
5.8345,4.93
5.8350,-3.58
5.8355,9.32
5.8360,1.89
5.8365,8.35
5.8370,-9.33
5.8375,2.77
5.8380,-4.85
5.8385,-5.76
5.8390,0.94
5.8395,8.35
5.8400,-26.55
5.8405,2.66
5.8410,12.89
5.8415,-14.08
5.8420,7.76
5.8425,-7.16
5.8430,-5.11
5.8435,5.41
5.8440,-5.47
5.8445,6.79
5.8450,-4.03
5.8455,-21.43
5.8460,0.98
5.8465,-5.64
5.8470,4.98
5.8475,-3.50
5.8480,11.31
5.8485,-2.22
5.8490,-3.41
5.8495,1.43
5.8500,6.02
5.8505,-3.28
5.8510,-12.21
5.8515,12.02
5.8520,14.11
5.8525,-3.19
5.8530,4.39
5.8535,9.11
5.8540,-3.74
5.8545,16.21
5.8550,-9.99
5.8555,-0.20
5.8560,-8.11
5.8565,-8.13
5.8570,-18.23
5.8575,-2.60
5.8580,12.82
5.8585,-1.76
5.8590,-15.26
5.8595,-0.42
5.8600,-7.19
5.8605,-5.00
5.8610,-0.79
5.8615,-0.20
5.8620,-11.62
5.8625,-16.81
5.8630,8.42
5.8635,0.55
5.8640,3.48
5.8645,-11.12
5.8650,8.24
5.8655,-19.34
5.8660,1.43
5.8665,-4.88
5.8670,-3.36
5.8675,-2.29
5.8680,-4.19
5.8685,6.74
5.8690,-0.17
5.8695,-5.32
5.8700,-13.83
5.8705,-2.96
5.8710,-14.61
5.8715,-23.77
5.8720,-2.51
5.8725,5.58
5.8730,-0.67
5.8735,-3.75
5.8740,0.93
5.8745,-0.48
5.8750,2.19
5.8755,-0.22
5.8760,7.24
5.8765,-12.66
5.8770,1.67
5.8775,2.64
5.8780,1.63
5.8785,-8.56
5.8790,-15.17
5.8795,-6.12
5.8800,-11.51
5.8805,-2.43
5.8810,6.00
5.8815,-8.78
5.8820,-7.70
5.8825,-0.88
5.8830,19.44
5.8835,-11.10
5.8840,-9.75
5.8845,-18.47
5.8850,-1.82
5.8855,-6.95
5.8860,-8.70
5.8865,7.87
5.8870,-4.35
5.8875,1.44
5.8880,-18.03
5.8885,8.14
5.8890,2.15
5.8895,1.25
5.8900,1.19
5.8905,3.02
5.8910,7.80
5.8915,-7.30
5.8920,-5.66
5.8925,1.44
5.8930,-8.45
5.8935,-2.70
5.8940,-13.79
5.8945,0.83
5.8950,-11.62
5.8955,2.03
5.8960,4.35
5.8965,-9.15
5.8970,4.77
5.8975,-3.08
5.8980,-4.78
5.8985,4.75
5.8990,-3.00
5.8995,8.34
5.9000,1.71
5.9005,-9.64
5.9010,-0.09
5.9015,9.76
5.9020,-9.11
5.9025,-4.22
5.9030,-5.71
5.9035,-3.12
5.9040,-20.63
5.9045,-21.51
5.9050,6.88
5.9055,-2.09
5.9060,-13.67
5.9065,-14.94
5.9070,-1.47
5.9075,1.43
5.9080,-5.73
5.9085,-0.54
5.9090,-8.17
5.9095,6.88
5.9100,-2.96
5.9105,-10.22
5.9110,0.19
5.9115,-14.28
5.9120,-4.52
5.9125,-2.03
5.9130,-1.23
5.9135,-24.58
5.9140,0.69
5.9145,-6.18
5.9150,4.63
5.9155,-0.69
5.9160,-22.79
5.9165,-10.05
5.9170,5.15
5.9175,-7.39
5.9180,-9.59
5.9185,0.11
5.9190,-7.54
5.9195,-1.93
5.9200,-20.90
5.9205,-7.43
5.9210,3.75
5.9215,-6.02
5.9220,0.94
5.9225,-7.24
5.9230,-22.47
5.9235,-4.32
5.9240,-9.33
5.9245,-9.00
5.9250,-15.47
5.9255,-11.52
5.9260,7.84
5.9265,3.05
5.9270,-0.82
5.9275,-14.96
5.9280,-9.42
5.9285,-11.02
5.9290,2.13
5.9295,-4.49
5.9300,-10.15
5.9305,1.05
5.9310,17.49
5.9315,-6.78
5.9320,-24.88
5.9325,-4.03
5.9330,-0.77
5.9335,-2.86
5.9340,-4.07
5.9345,-0.41
5.9350,-3.77
5.9355,0.52
5.9360,-11.07
5.9365,-12.81
5.9370,-1.01
5.9375,-0.12
5.9380,-5.97
5.9385,-3.25
5.9390,-0.02
5.9395,-6.32
5.9400,-7.34
5.9405,-15.13
5.9410,-0.10
5.9415,-3.89
5.9420,-5.28
5.9425,-2.64
5.9430,-14.11
5.9435,-12.82
5.9440,-3.96
5.9445,1.84
5.9450,-1.29
5.9455,5.48
5.9460,-12.00
5.9465,-11.70
5.9470,15.92
5.9475,-1.16
5.9480,-3.82
5.9485,-10.31
5.9490,-2.33
5.9495,-11.66
5.9500,-0.11
5.9505,-7.12
5.9510,16.08
5.9515,-10.76
5.9520,-9.46
5.9525,12.60
5.9530,-0.40
5.9535,9.12
5.9540,-1.50
5.9545,-3.56
5.9550,9.78
5.9555,-11.77
5.9560,-19.33
5.9565,7.41
5.9570,-14.21
5.9575,5.03
5.9580,-7.09
5.9585,5.67
5.9590,-14.44
5.9595,-1.76
5.9600,-15.72
5.9605,-5.78
5.9610,-5.28
5.9615,-3.11
5.9620,-7.05
5.9625,-12.83
5.9630,2.23
5.9635,9.18
5.9640,6.19
5.9645,15.28
5.9650,-17.13
5.9655,-6.38
5.9660,14.49
5.9665,-5.26
5.9670,-12.51
5.9675,-9.65
5.9680,3.87
5.9685,-4.50
5.9690,6.67
5.9695,-3.67
5.9700,12.83
5.9705,-4.17
5.9710,0.99
5.9715,8.12
5.9720,-1.39
5.9725,-7.59
5.9730,2.10
5.9735,-1.90
5.9740,-8.53
5.9745,-9.10
5.9750,8.23
5.9755,1.45
5.9760,-10.76
5.9765,-5.75
5.9770,7.35
5.9775,6.01
5.9780,5.10
5.9785,-2.65
5.9790,1.38
5.9795,-9.41
5.9800,7.89
5.9805,-14.81
5.9810,2.09
5.9815,5.29
5.9820,-1.57
5.9825,11.86
5.9830,-4.11
5.9835,-5.00
5.9840,3.94
5.9845,-6.49
5.9850,-10.47
5.9855,-16.59
5.9860,-3.72
5.9865,-11.33
5.9870,-8.36
5.9875,-17.39
5.9880,1.67
5.9885,-5.93
5.9890,-8.78
5.9895,14.29
5.9900,-3.43
5.9905,4.68
5.9910,-2.01
5.9915,-23.61
5.9920,10.53
5.9925,8.46
5.9930,16.28
5.9935,9.07
5.9940,-6.63
5.9945,-0.64
5.9950,-0.05
5.9955,-0.07
5.9960,-1.11
5.9965,5.97
5.9970,-4.55
5.9975,4.41
5.9980,14.36
5.9985,9.03
5.9990,-7.54
5.9995,6.76
6.0000,4.06
6.0005,4.95
6.0010,-2.48
6.0015,-8.85
6.0020,7.63
6.0025,-1.04
6.0030,-14.78
6.0035,-3.21
6.0040,-7.17
6.0045,4.57
6.0050,-16.91
6.0055,-6.92
6.0060,5.45
6.0065,3.43
6.0070,-11.12
6.0075,7.06
6.0080,0.72
6.0085,5.58
6.0090,-2.45
6.0095,18.07
6.0100,-11.48
6.0105,-9.73
6.0110,8.23
6.0115,-14.88
6.0120,-5.42
6.0125,-3.31
6.0130,1.93
6.0135,-6.86
6.0140,-19.27
6.0145,-3.97
6.0150,-5.89
6.0155,-4.59
6.0160,14.71
6.0165,-14.28
6.0170,5.78
6.0175,7.81
6.0180,48.64
6.0185,60.20
6.0190,-8.22
6.0195,-12.71
6.0200,-23.33
6.0205,-23.86
6.0210,-12.11
6.0215,1.58
6.0220,-0.04
6.0225,3.36
6.0230,27.34
6.0235,-5.28
6.0240,5.91
6.0245,-9.33
6.0250,12.61
6.0255,9.77
6.0260,18.77
6.0265,3.99
6.0270,7.54
6.0275,7.05
6.0280,-5.00
6.0285,8.56
6.0290,-2.54
6.0295,-12.69
6.0300,20.16
6.0305,9.63
6.0310,5.71
6.0315,20.33
6.0320,-5.01
6.0325,3.75
6.0330,7.97
6.0335,-5.05
6.0340,3.37
6.0345,-4.98
6.0350,10.61
6.0355,10.17
6.0360,-4.80
6.0365,1.17
6.0370,1.06
6.0375,19.03
6.0380,14.01
6.0385,10.47
6.0390,9.11
6.0395,4.30
6.0400,4.75
6.0405,6.26
6.0410,-4.35
6.0415,8.12
6.0420,9.86
6.0425,-2.60
6.0430,-2.07
6.0435,16.09
6.0440,83.09
6.0445,63.47
6.0450,27.33
6.0455,-6.28
6.0460,-16.36
6.0465,-3.54
6.0470,-24.76
6.0475,-11.22
6.0480,-2.83
6.0485,7.05
6.0490,8.08
6.0495,2.42
6.0500,4.80
6.0505,-1.33
6.0510,-4.39
6.0515,-2.23
6.0520,-10.41
6.0525,0.76
6.0530,-17.92
6.0535,10.56
6.0540,0.50
6.0545,14.43
6.0550,3.33
6.0555,-2.66
6.0560,15.60
6.0565,3.90
6.0570,8.64
6.0575,3.36
6.0580,8.96
6.0585,14.20
6.0590,3.14
6.0595,19.93
6.0600,0.12
6.0605,3.14
6.0610,2.35
6.0615,-4.66
6.0620,12.55
6.0625,7.74
6.0630,12.61
6.0635,-2.10
6.0640,16.17
6.0645,15.06
6.0650,-3.81
6.0655,10.69
6.0660,-4.22
6.0665,4.29
6.0670,-2.26
6.0675,-3.28
6.0680,19.03
6.0685,4.41
6.0690,2.45
6.0695,9.77
6.0700,9.30
6.0705,-3.85
6.0710,16.03
6.0715,-0.57
6.0720,0.59
6.0725,5.33
6.0730,10.84
6.0735,12.16
6.0740,5.17
6.0745,6.35
6.0750,4.95
6.0755,-10.36
6.0760,1.24
6.0765,-1.29
6.0770,15.94
6.0775,8.15
6.0780,1.35
6.0785,3.56
6.0790,12.94
6.0795,2.83
6.0800,2.92
6.0805,18.85
6.0810,7.98
6.0815,24.64
6.0820,-11.72
6.0825,5.22
6.0830,-0.38
6.0835,17.70
6.0840,-2.68
6.0845,-3.87
6.0850,15.62
6.0855,19.62
6.0860,-14.08
6.0865,5.43
6.0870,3.81
6.0875,6.01
6.0880,6.96
6.0885,4.50
6.0890,-7.06
6.0895,4.46
6.0900,1.85
6.0905,6.78
6.0910,-0.28
6.0915,-4.96
6.0920,-7.49
6.0925,5.41
6.0930,1.44
6.0935,2.72
6.0940,-2.02
6.0945,25.78
6.0950,-4.86
6.0955,7.30
6.0960,8.24
6.0965,-16.38
6.0970,-5.25
6.0975,11.14
6.0980,14.17
6.0985,-10.12
6.0990,14.19
6.0995,-4.44
6.1000,-6.45
6.1005,6.51
6.1010,-7.85
6.1015,19.63
6.1020,1.26
6.1025,4.65
6.1030,8.27
6.1035,4.17
6.1040,-2.06
6.1045,-2.13
6.1050,-21.33
6.1055,4.97
6.1060,13.73
6.1065,8.98
6.1070,4.58
6.1075,10.80
6.1080,-5.04
6.1085,-8.85
6.1090,7.12
6.1095,6.40
6.1100,1.76
6.1105,8.81
6.1110,9.00
6.1115,0.57
6.1120,12.66
6.1125,-12.13
6.1130,-4.00
6.1135,5.01
6.1140,1.24
6.1145,5.67
6.1150,-1.00
6.1155,-0.51
6.1160,6.97
6.1165,0.46
6.1170,2.14
6.1175,-9.58
6.1180,-2.04
6.1185,6.72
6.1190,14.99
6.1195,16.02
6.1200,21.46
6.1205,2.78
6.1210,7.84
6.1215,-3.64
6.1220,20.71
6.1225,8.69
6.1230,4.51
6.1235,-1.38
6.1240,-4.97
6.1245,10.11
6.1250,6.87
6.1255,-18.05
6.1260,11.11
6.1265,3.17
6.1270,17.92
6.1275,6.04
6.1280,6.55
6.1285,5.35
6.1290,2.99
6.1295,4.75
6.1300,1.36
6.1305,6.18
6.1310,4.41
6.1315,18.24
6.1320,-1.96
6.1325,1.61
6.1330,10.11
6.1335,1.40
6.1340,3.35
6.1345,1.44
6.1350,-10.75
6.1355,8.55
6.1360,12.62
6.1365,8.36
6.1370,2.61
6.1375,6.09
6.1380,-3.48
6.1385,-8.43
6.1390,2.01
6.1395,15.33
6.1400,-8.35
6.1405,16.17
6.1410,5.94
6.1415,-14.02
6.1420,3.70
6.1425,0.05
6.1430,-1.57
6.1435,1.09
6.1440,2.72
6.1445,4.96
6.1450,3.32
6.1455,-8.69
6.1460,1.68
6.1465,-10.59
6.1470,0.32
6.1475,-10.78
6.1480,2.21
6.1485,6.95
6.1490,-18.56
6.1495,2.57
6.1500,-8.81
6.1505,-1.36
6.1510,-0.28
6.1515,6.50
6.1520,4.13
6.1525,-2.03
6.1530,-9.58
6.1535,-1.12
6.1540,21.64
6.1545,-7.36
6.1550,8.65
6.1555,14.16
6.1560,-2.84
6.1565,-7.78
6.1570,-0.29
6.1575,1.21
6.1580,-15.10
6.1585,0.14
6.1590,1.26
6.1595,5.38
6.1600,4.37
6.1605,5.02
6.1610,2.15
6.1615,1.89
6.1620,9.41
6.1625,-4.49
6.1630,8.88
6.1635,-6.50
6.1640,0.74
6.1645,-13.70
6.1650,-10.83
6.1655,-9.10
6.1660,7.58
6.1665,-0.48
6.1670,-13.10
6.1675,-3.34
6.1680,-10.69
6.1685,8.24
6.1690,20.00
6.1695,-4.78
6.1700,2.80
6.1705,-9.40
6.1710,3.31
6.1715,-4.58
6.1720,10.21
6.1725,2.60
6.1730,1.32
6.1735,10.89
6.1740,-1.47
6.1745,15.53
6.1750,0.95
6.1755,-9.14
6.1760,-4.64
6.1765,-7.14
6.1770,-3.53
6.1775,20.25
6.1780,5.87
6.1785,-1.75
6.1790,-10.32
6.1795,2.87
6.1800,-1.17
6.1805,-5.01
6.1810,-0.26
6.1815,0.67
6.1820,-7.86
6.1825,-0.04
6.1830,-0.33
6.1835,7.70
6.1840,92.84
6.1845,64.47
6.1850,30.43
6.1855,-8.94
6.1860,-28.45
6.1865,-29.27
6.1870,-27.69
6.1875,-9.76
6.1880,0.53
6.1885,9.22
6.1890,-11.87
6.1895,-3.88
6.1900,5.24
6.1905,0.70
6.1910,-3.18
6.1915,7.98
6.1920,-5.32
6.1925,-16.37
6.1930,-3.75
6.1935,-21.88
6.1940,1.51
6.1945,-5.50
6.1950,5.94
6.1955,-6.72
6.1960,8.40
6.1965,-10.40
6.1970,-11.76
6.1975,-9.42
6.1980,-9.06
6.1985,-3.13
6.1990,2.71
6.1995,-0.88
6.2000,-6.95
6.2005,-15.47
6.2010,-11.09
6.2015,-3.59
6.2020,-7.22
6.2025,12.45
6.2030,17.52
6.2035,60.63
6.2040,24.27
6.2045,12.14
6.2050,-12.71
6.2055,-26.60
6.2060,-23.23
6.2065,-13.49
6.2070,-5.92
6.2075,-3.92
6.2080,-14.52
6.2085,-5.66
6.2090,8.16
6.2095,-2.87
6.2100,-12.46
6.2105,-3.28
6.2110,6.08
6.2115,-7.83
6.2120,-6.57
6.2125,3.87
6.2130,-5.67
6.2135,-2.52
6.2140,-11.48
6.2145,0.33
6.2150,1.79
6.2155,-0.84
6.2160,13.24
6.2165,-7.14
6.2170,-7.60
6.2175,-1.96
6.2180,-7.02
6.2185,-16.42
6.2190,7.62
6.2195,-4.06
6.2200,-24.13
6.2205,-6.55
6.2210,-7.91
6.2215,-22.20
6.2220,2.22
6.2225,7.21
6.2230,2.06
6.2235,-11.13
6.2240,-9.00
6.2245,-10.87
6.2250,1.83
6.2255,5.24
6.2260,6.37
6.2265,12.35
6.2270,-0.80
6.2275,-18.99
6.2280,-6.04
6.2285,-8.34
6.2290,-10.24
6.2295,-5.52
6.2300,10.07
6.2305,-6.86
6.2310,-3.14
6.2315,-5.77
6.2320,-1.62
6.2325,0.31
6.2330,-14.50
6.2335,-0.16
6.2340,-1.97
6.2345,4.37
6.2350,-9.26
6.2355,2.55
6.2360,2.88
6.2365,0.64
6.2370,-8.32
6.2375,-2.09
6.2380,-2.04
6.2385,-5.53
6.2390,-11.59
6.2395,-1.23
6.2400,5.59
6.2405,4.76
6.2410,3.57
6.2415,13.77
6.2420,-12.82
6.2425,-14.65
6.2430,10.15
6.2435,-0.41
6.2440,-8.49
6.2445,-1.67
6.2450,-10.63
6.2455,-2.59
6.2460,-10.02
6.2465,-5.55
6.2470,-13.29
6.2475,0.15
6.2480,4.10
6.2485,-11.78
6.2490,-7.14
6.2495,-1.05
6.2500,-7.32
6.2505,-4.39
6.2510,-19.98
6.2515,-6.69
6.2520,-21.16
6.2525,-17.55
6.2530,3.53
6.2535,-1.35
6.2540,-3.26
6.2545,-1.89
6.2550,-15.21
6.2555,-6.59
6.2560,-6.42
6.2565,-6.66
6.2570,-5.38
6.2575,-18.36
6.2580,-4.73
6.2585,-2.95
6.2590,5.45
6.2595,-7.34
6.2600,3.67
6.2605,-12.72
6.2610,12.47
6.2615,-0.66
6.2620,-13.63
6.2625,-11.87
6.2630,0.08
6.2635,-6.75
6.2640,12.42
6.2645,61.07
6.2650,14.24
6.2655,5.51
6.2660,-20.60
6.2665,-40.57
6.2670,-33.13
6.2675,-4.86
6.2680,-12.53
6.2685,-6.53
6.2690,-1.55
6.2695,-8.24
6.2700,-13.09
6.2705,-0.58
6.2710,-7.25
6.2715,3.50
6.2720,-4.07
6.2725,-3.87
6.2730,8.61
6.2735,3.97
6.2740,-10.40
6.2745,-21.80
6.2750,-18.21
6.2755,-11.91
6.2760,-0.06
6.2765,-4.36
6.2770,-12.17
6.2775,-16.92
6.2780,-12.40
6.2785,-2.55
6.2790,1.74
6.2795,-8.21
6.2800,3.76
6.2805,4.04
6.2810,-7.18
6.2815,5.60
6.2820,3.90
6.2825,-8.53
6.2830,8.63
6.2835,-7.42
6.2840,-17.05
6.2845,14.20
6.2850,-9.31
6.2855,-7.52
6.2860,-10.41
6.2865,-2.73
6.2870,1.88
6.2875,-11.01
6.2880,0.10
6.2885,6.30
6.2890,-7.89
6.2895,-3.14
6.2900,-2.48
6.2905,-14.93
6.2910,12.87
6.2915,-5.78
6.2920,-12.51
6.2925,0.82
6.2930,4.10
6.2935,10.26
6.2940,15.18
6.2945,13.82
6.2950,-7.92
6.2955,0.57
6.2960,-10.63
6.2965,-10.59
6.2970,-9.09
6.2975,7.20
6.2980,0.24
6.2985,19.22
6.2990,-12.45
6.2995,9.95
6.3000,-18.27
6.3005,2.28
6.3010,-4.80
6.3015,14.00
6.3020,-4.74
6.3025,-3.21
6.3030,-2.18
6.3035,5.40
6.3040,-3.49
6.3045,-7.95
6.3050,3.90
6.3055,-3.81
6.3060,-2.97
6.3065,68.14
6.3070,42.86
6.3075,-3.14
6.3080,-11.89
6.3085,-22.71
6.3090,-25.24
6.3095,-15.43
6.3100,-4.30
6.3105,3.09
6.3110,-15.72
6.3115,-0.71
6.3120,2.46
6.3125,-10.02
6.3130,2.89
6.3135,-3.15
6.3140,-16.48
6.3145,-1.86
6.3150,-10.19
6.3155,8.80
6.3160,-7.11
6.3165,8.87
6.3170,4.03
6.3175,-12.89
6.3180,-9.56
6.3185,-0.26
6.3190,5.57
6.3195,1.05
6.3200,5.00
6.3205,3.93
6.3210,0.68
6.3215,-11.35
6.3220,5.37
6.3225,-23.04
6.3230,-1.17
6.3235,-2.67
6.3240,-14.06
6.3245,2.00
6.3250,-9.44
6.3255,1.66
6.3260,1.20
6.3265,1.14
6.3270,10.28
6.3275,-1.26
6.3280,8.13
6.3285,8.02
6.3290,-8.10
6.3295,23.62
6.3300,-1.53
6.3305,-3.84
6.3310,-20.26
6.3315,4.38
6.3320,-1.35
6.3325,13.73
6.3330,3.76
6.3335,1.43
6.3340,4.16
6.3345,-9.74
6.3350,-4.15
6.3355,-1.91
6.3360,13.74
6.3365,9.59
6.3370,0.38
6.3375,-0.79
6.3380,-5.08
6.3385,-2.09
6.3390,-21.80
6.3395,0.25
6.3400,2.59
6.3405,11.66
6.3410,-4.20
6.3415,3.12
6.3420,13.81
6.3425,-6.35
6.3430,-4.29
6.3435,5.23
6.3440,-7.53
6.3445,17.79
6.3450,13.24
6.3455,-8.05
6.3460,3.06
6.3465,-9.61
6.3470,3.91
6.3475,15.05
6.3480,7.75
6.3485,-0.99
6.3490,-3.66
6.3495,10.23
6.3500,-3.69
6.3505,-1.90
6.3510,-2.35
6.3515,9.89
6.3520,12.62
6.3525,-12.85
6.3530,5.07
6.3535,8.81
6.3540,9.49
6.3545,1.52
6.3550,7.50
6.3555,8.70
6.3560,-7.91
6.3565,-14.35
6.3570,2.58
6.3575,19.28
6.3580,0.35
6.3585,10.08
6.3590,13.45
6.3595,-1.43
6.3600,2.00
6.3605,2.06
6.3610,4.21
6.3615,4.28
6.3620,-5.36
6.3625,9.78
6.3630,3.69
6.3635,-4.55
6.3640,24.07
6.3645,-10.26
6.3650,4.72
6.3655,4.68
6.3660,-5.02
6.3665,-3.41
6.3670,-3.45
6.3675,1.01
6.3680,0.24
6.3685,-8.75
6.3690,13.37
6.3695,6.03
6.3700,0.38
6.3705,4.04
6.3710,-8.73
6.3715,-3.90
6.3720,-1.65
6.3725,-1.52
6.3730,3.48
6.3735,11.93
6.3740,6.90
6.3745,24.57
6.3750,2.33
6.3755,-3.33
6.3760,14.38
6.3765,16.03
6.3770,27.63
6.3775,-15.65
6.3780,19.62
6.3785,14.29
6.3790,0.76
6.3795,4.89
6.3800,3.41
6.3805,19.72
6.3810,1.72
6.3815,17.71
6.3820,0.83
6.3825,-4.98
6.3830,0.26
6.3835,14.24
6.3840,-1.84
6.3845,9.84
6.3850,10.81
6.3855,2.14
6.3860,1.92
6.3865,3.89
6.3870,8.31
6.3875,11.98
6.3880,21.44
6.3885,3.63
6.3890,18.98
6.3895,9.52
6.3900,2.36
6.3905,-6.69
6.3910,10.76
6.3915,-5.66
6.3920,3.77
6.3925,9.62
6.3930,2.52
6.3935,12.36
6.3940,10.70
6.3945,7.33
6.3950,4.45
6.3955,3.85
6.3960,0.30
6.3965,5.84
6.3970,14.14
6.3975,8.71
6.3980,9.34
6.3985,1.55
6.3990,-14.74
6.3995,4.18
6.4000,10.05
6.4005,5.97
6.4010,-13.33
6.4015,-0.47
6.4020,3.51
6.4025,-11.58
6.4030,-0.08
6.4035,11.27
6.4040,6.15
6.4045,8.34
6.4050,2.25
6.4055,4.37
6.4060,12.46
6.4065,0.11
6.4070,1.72
6.4075,-18.64
6.4080,0.06
6.4085,11.96
6.4090,18.05
6.4095,1.86
6.4100,5.25
6.4105,14.77
6.4110,7.42
6.4115,8.68
6.4120,15.66
6.4125,1.69
6.4130,-0.97
6.4135,10.82
6.4140,2.26
6.4145,21.37
6.4150,-1.08
6.4155,5.99
6.4160,-10.16
6.4165,3.93
6.4170,4.13
6.4175,-6.43
6.4180,12.76
6.4185,-1.18
6.4190,4.82
6.4195,10.37
6.4200,-5.93
6.4205,12.00
6.4210,-4.79
6.4215,5.54
6.4220,16.55
6.4225,-6.44
6.4230,10.32
6.4235,16.63
6.4240,17.20
6.4245,-2.26
6.4250,3.08
6.4255,6.68
6.4260,5.86
6.4265,15.06
6.4270,-3.62
6.4275,8.61
6.4280,6.16
6.4285,-3.13
6.4290,-0.78
6.4295,3.55
6.4300,6.15
6.4305,0.45
6.4310,13.82
6.4315,14.37
6.4320,6.64
6.4325,-7.65
6.4330,9.52
6.4335,2.22
6.4340,7.95
6.4345,-4.59
6.4350,-10.85
6.4355,-4.18
6.4360,1.74
6.4365,4.48
6.4370,-8.19
6.4375,2.86
6.4380,3.82
6.4385,2.62
6.4390,-15.60
6.4395,15.33
6.4400,9.44
6.4405,1.90
6.4410,-0.42
6.4415,6.42
6.4420,7.02
6.4425,-0.32
6.4430,-4.91
6.4435,-4.35
6.4440,-8.90
6.4445,6.75
6.4450,-0.85
6.4455,14.65
6.4460,17.69
6.4465,6.77
6.4470,-1.41
6.4475,0.92
6.4480,13.75
6.4485,9.89
6.4490,-6.23
6.4495,9.51
6.4500,5.11
6.4505,10.10
6.4510,1.66
6.4515,19.31
6.4520,-14.88
6.4525,9.19
6.4530,5.51
6.4535,13.48
6.4540,16.68
6.4545,8.40
6.4550,1.54
6.4555,3.28
6.4560,-5.16
6.4565,6.83
6.4570,-5.16
6.4575,0.07
6.4580,3.27
6.4585,-10.16
6.4590,7.08
6.4595,-0.94
6.4600,-0.39
6.4605,6.09
6.4610,10.68
6.4615,9.98
6.4620,13.43
6.4625,3.81
6.4630,-0.69
6.4635,12.84
6.4640,12.87
6.4645,10.40
6.4650,-12.29
6.4655,-2.85
6.4660,0.84
6.4665,-2.52
6.4670,15.23
6.4675,5.52
6.4680,-4.89
6.4685,-0.44
6.4690,0.74
6.4695,-1.37
6.4700,7.86
6.4705,3.42
6.4710,13.66
6.4715,8.83
6.4720,-13.01
6.4725,-14.52
6.4730,4.72
6.4735,-2.45
6.4740,7.42
6.4745,1.97
6.4750,0.63
6.4755,19.42
6.4760,3.87
6.4765,3.24
6.4770,6.45
6.4775,-5.20
6.4780,7.84
6.4785,10.71
6.4790,-8.64
6.4795,7.76
6.4800,-3.95
6.4805,3.76
6.4810,-0.41
6.4815,-6.28
6.4820,1.20
6.4825,-5.92
6.4830,7.59
6.4835,-4.48
6.4840,1.42
6.4845,-6.26
6.4850,-3.96
6.4855,7.24
6.4860,2.28
6.4865,-5.01
6.4870,-10.08
6.4875,-4.28
6.4880,7.66
6.4885,-5.01
6.4890,17.43
6.4895,8.34
6.4900,-5.75
6.4905,-5.23
6.4910,1.47
6.4915,11.74
6.4920,5.50
6.4925,6.33
6.4930,-1.89
6.4935,-1.11
6.4940,-0.70
6.4945,-3.99
6.4950,-8.63
6.4955,1.32
6.4960,9.00
6.4965,0.48
6.4970,2.93
6.4975,-6.13
6.4980,-3.68
6.4985,-9.07
6.4990,16.61
6.4995,-0.60
6.5000,-0.81
6.5005,-4.65
6.5010,-14.41
6.5015,-12.77
6.5020,7.51
6.5025,-13.43
6.5030,-1.86
6.5035,7.77
6.5040,7.74
6.5045,-1.04
6.5050,8.19
6.5055,15.29
6.5060,6.80
6.5065,-1.88
6.5070,3.00
6.5075,8.85
6.5080,-13.75
6.5085,9.96
6.5090,-6.20
6.5095,-0.46
6.5100,-9.34
6.5105,12.30
6.5110,-2.13
6.5115,-17.75
6.5120,1.88
6.5125,-9.42
6.5130,-6.47
6.5135,-1.18
6.5140,3.06
6.5145,-3.05
6.5150,4.05
6.5155,-8.02
6.5160,0.22
6.5165,-1.24
6.5170,5.12
6.5175,6.53
6.5180,-19.59
6.5185,5.11
6.5190,11.25
6.5195,1.45
6.5200,-1.86
6.5205,-2.66
6.5210,-3.61
6.5215,-12.08
6.5220,-4.99
6.5225,5.81
6.5230,2.57
6.5235,-3.66
6.5240,8.93
6.5245,-12.49
6.5250,-7.09
6.5255,4.78
6.5260,-1.57
6.5265,4.77
6.5270,-15.43
6.5275,-8.21
6.5280,9.64
6.5285,-12.24
6.5290,-6.98
6.5295,1.03
6.5300,-4.35
6.5305,5.83
6.5310,-4.04
6.5315,13.55
6.5320,-0.96
6.5325,1.54
6.5330,1.30
6.5335,2.48
6.5340,-3.32
6.5345,4.70
6.5350,-0.07
6.5355,43.56
6.5360,87.95
6.5365,49.62
6.5370,-9.25
6.5375,-13.23
6.5380,-38.35
6.5385,-24.81
6.5390,-28.48
6.5395,-24.22
6.5400,-9.53
6.5405,16.03
6.5410,-17.17
6.5415,14.26
6.5420,8.25
6.5425,-14.55
6.5430,-12.58
6.5435,6.95
6.5440,-10.39
6.5445,-3.34
6.5450,-1.41
6.5455,-10.22
6.5460,-7.29
6.5465,-10.26
6.5470,9.34
6.5475,-26.77
6.5480,3.99
6.5485,2.51
6.5490,-2.80
6.5495,3.19
6.5500,-7.64
6.5505,-0.82
6.5510,4.78
6.5515,6.91
6.5520,3.23
6.5525,-5.13
6.5530,-7.86
6.5535,-4.31
6.5540,-3.99
6.5545,-20.22
6.5550,-3.61
6.5555,4.91
6.5560,-4.59
6.5565,-2.35
6.5570,-8.35
6.5575,3.24
6.5580,-14.51
6.5585,-11.39
6.5590,9.75
6.5595,-20.28
6.5600,8.75
6.5605,-7.66
6.5610,-12.34
6.5615,-14.15
6.5620,1.72
6.5625,1.17
6.5630,-8.05
6.5635,-3.20
6.5640,-10.20
6.5645,-12.94
6.5650,-11.87
6.5655,3.66
6.5660,3.52
6.5665,12.08
6.5670,-2.48
6.5675,-13.89
6.5680,6.58
6.5685,-17.95
6.5690,6.47
6.5695,-4.64
6.5700,-7.50
6.5705,-0.95
6.5710,6.78
6.5715,-0.06
6.5720,8.28
6.5725,-4.68
6.5730,-5.82
6.5735,-25.36
6.5740,-12.93
6.5745,0.65
6.5750,2.96
6.5755,-9.13
6.5760,-10.41
6.5765,0.40
6.5770,-10.56
6.5775,3.70
6.5780,-7.98
6.5785,-6.69
6.5790,0.50
6.5795,-3.92
6.5800,-8.81
6.5805,-8.51
6.5810,-8.05
6.5815,-12.01
6.5820,-6.02
6.5825,-3.94
6.5830,-1.86
6.5835,-3.26
6.5840,-7.25
6.5845,-2.17
6.5850,-11.44
6.5855,-19.26
6.5860,-21.73
6.5865,-6.16
6.5870,-0.27
6.5875,-15.39
6.5880,-1.08
6.5885,-16.38
6.5890,6.53
6.5895,-21.75
6.5900,-23.31
6.5905,-9.88
6.5910,-12.43
6.5915,-1.29
6.5920,-11.20
6.5925,2.60
6.5930,-11.37
6.5935,-8.83
6.5940,-2.43
6.5945,-15.79
6.5950,-16.95
6.5955,1.87
6.5960,-10.00
6.5965,-14.88
6.5970,-2.64
6.5975,-14.28
6.5980,-0.04
6.5985,-1.06
6.5990,-16.43
6.5995,-5.99
6.6000,-4.08
6.6005,-9.35
6.6010,-6.81
6.6015,-3.74
6.6020,-2.52
6.6025,-3.09
6.6030,-8.10
6.6035,-5.93
6.6040,12.16
6.6045,1.35
6.6050,3.72
6.6055,4.09
6.6060,-0.47
6.6065,10.73
6.6070,-1.58
6.6075,-1.70
6.6080,-14.69
6.6085,16.92
6.6090,0.28
6.6095,-18.38
6.6100,-6.63
6.6105,2.88
6.6110,17.46
6.6115,-0.78
6.6120,-2.98
6.6125,-8.39
6.6130,-9.30
6.6135,-11.82
6.6140,-1.01
6.6145,9.21
6.6150,-9.45
6.6155,-0.13
6.6160,1.36
6.6165,3.93
6.6170,-7.81
6.6175,-18.64
6.6180,-13.67
6.6185,-23.04
6.6190,9.11
6.6195,-7.64
6.6200,5.54
6.6205,-12.75
6.6210,-4.59
6.6215,0.73
6.6220,-0.49
6.6225,2.02
6.6230,-6.49
6.6235,-15.62
6.6240,0.00
6.6245,5.42
6.6250,-0.42
6.6255,-4.12
6.6260,-4.65
6.6265,0.15
6.6270,6.82
6.6275,3.07
6.6280,-7.01
6.6285,4.30
6.6290,-13.43
6.6295,-5.29
6.6300,-5.74
6.6305,-15.84
6.6310,-19.63
6.6315,-6.13
6.6320,-17.25
6.6325,4.20
6.6330,4.99
6.6335,-4.79
6.6340,5.41
6.6345,-13.14
6.6350,-2.62
6.6355,-14.82
6.6360,0.00
6.6365,-0.14
6.6370,-10.09
6.6375,6.77
6.6380,-16.33
6.6385,-10.91
6.6390,-1.91
6.6395,6.90
6.6400,-1.55
6.6405,-1.31
6.6410,-5.48
6.6415,8.60
6.6420,-8.29
6.6425,-1.66
6.6430,-2.20
6.6435,-7.15
6.6440,-4.77
6.6445,-7.28
6.6450,9.85
6.6455,-9.61
6.6460,-4.40
6.6465,-21.96
6.6470,0.20
6.6475,1.52
6.6480,10.35
6.6485,2.83
6.6490,-10.23
6.6495,-4.26
6.6500,13.78
6.6505,-3.09
6.6510,3.39
6.6515,-4.10
6.6520,-6.25
6.6525,5.40
6.6530,-3.35
6.6535,-15.63
6.6540,9.20
6.6545,-3.41
6.6550,-5.55
6.6555,0.24
6.6560,67.07
6.6565,45.43
6.6570,36.10
6.6575,-17.95
6.6580,-25.31
6.6585,-20.25
6.6590,-0.02
6.6595,4.69
6.6600,-6.24
6.6605,8.37
6.6610,-6.37
6.6615,-5.91
6.6620,0.78
6.6625,9.83
6.6630,-14.48
6.6635,11.97
6.6640,-10.27
6.6645,6.52
6.6650,8.84
6.6655,-8.20
6.6660,6.34
6.6665,-10.27
6.6670,4.20
6.6675,-3.82
6.6680,8.51
6.6685,1.33
6.6690,-6.34
6.6695,-4.33
6.6700,-7.93
6.6705,-7.93
6.6710,-4.27
6.6715,19.21
6.6720,-1.09
6.6725,10.20
6.6730,7.52
6.6735,-6.10
6.6740,6.52
6.6745,4.49
6.6750,4.50
6.6755,4.09
6.6760,-2.59
6.6765,3.25
6.6770,6.33
6.6775,6.43
6.6780,-14.04
6.6785,1.06
6.6790,-2.32
6.6795,-11.37
6.6800,6.40
6.6805,-0.51
6.6810,-0.50
6.6815,-4.56
6.6820,-2.50
6.6825,15.50
6.6830,-4.12
6.6835,4.41
6.6840,10.62
6.6845,4.98
6.6850,3.43
6.6855,13.67
6.6860,4.77
6.6865,-1.12
6.6870,6.45
6.6875,-4.88
6.6880,5.59
6.6885,3.71
6.6890,-6.96
6.6895,-8.12
6.6900,6.42
6.6905,-18.36
6.6910,9.02
6.6915,-5.47
6.6920,4.02
6.6925,11.88
6.6930,3.63
6.6935,6.81
6.6940,9.37
6.6945,1.66
6.6950,0.14
6.6955,0.54
6.6960,-6.45
6.6965,-6.70
6.6970,-1.04
6.6975,-5.95
6.6980,-5.69
6.6985,13.46
6.6990,-7.71
6.6995,-1.01
6.7000,13.59
6.7005,0.51
6.7010,-10.27
6.7015,23.74
6.7020,16.18
6.7025,0.17
6.7030,10.17
6.7035,1.29
6.7040,1.95
6.7045,5.60
6.7050,0.67
6.7055,-4.87
6.7060,-3.15
6.7065,-10.08
6.7070,4.42
6.7075,0.81
6.7080,-2.87
6.7085,3.49
6.7090,12.44
6.7095,-0.88
6.7100,-0.69
6.7105,4.06
6.7110,4.22
6.7115,0.15
6.7120,-8.17
6.7125,-3.91
6.7130,-4.98
6.7135,2.38
6.7140,2.30
6.7145,-11.12
6.7150,10.61
6.7155,4.37
6.7160,10.69
6.7165,2.08
6.7170,8.16
6.7175,5.32
6.7180,-6.11
6.7185,6.06
6.7190,9.65
6.7195,3.30
6.7200,15.72
6.7205,2.11
6.7210,-13.92
6.7215,1.98
6.7220,-0.58
6.7225,6.28
6.7230,-9.70
6.7235,11.58
6.7240,8.67
6.7245,-4.80
6.7250,7.50
6.7255,27.35
6.7260,26.95
6.7265,8.30
6.7270,2.16
6.7275,-1.02
6.7280,-5.59
6.7285,14.59
6.7290,4.38
6.7295,10.14
6.7300,-1.58
6.7305,-10.73
6.7310,1.26
6.7315,25.33
6.7320,7.98
6.7325,8.30
6.7330,1.37
6.7335,21.07
6.7340,-9.81
6.7345,-3.67
6.7350,-3.32
6.7355,15.98
6.7360,10.37
6.7365,9.78
6.7370,12.16
6.7375,10.45
6.7380,-2.68
6.7385,13.71
6.7390,19.03
6.7395,-1.61
6.7400,-3.44
6.7405,-2.90
6.7410,5.27
6.7415,7.78
6.7420,-4.33
6.7425,0.53
6.7430,1.13
6.7435,0.23
6.7440,-1.35
6.7445,-0.01
6.7450,9.77
6.7455,-7.22
6.7460,-6.48
6.7465,-1.28
6.7470,11.00
6.7475,-0.12
6.7480,-1.03
6.7485,7.77
6.7490,-2.38
6.7495,8.97
6.7500,7.63
6.7505,16.65
6.7510,2.29
6.7515,6.88
6.7520,3.22
6.7525,19.02
6.7530,-1.03
6.7535,3.96
6.7540,-2.10
6.7545,1.03
6.7550,18.15
6.7555,-0.96
6.7560,0.34
6.7565,-3.82
6.7570,-7.35
6.7575,-2.41
6.7580,14.83
6.7585,10.91
6.7590,18.12
6.7595,15.66
6.7600,15.39
6.7605,6.19
6.7610,-7.42
6.7615,2.10
6.7620,-10.77
6.7625,-1.35
6.7630,10.28
6.7635,-5.45
6.7640,7.39
6.7645,5.76
6.7650,2.54
6.7655,19.09
6.7660,0.68
6.7665,7.84
6.7670,-3.04
6.7675,15.78
6.7680,7.47
6.7685,6.62
6.7690,12.47
6.7695,4.39
6.7700,-3.60
6.7705,-2.04
6.7710,17.93
6.7715,-1.00
6.7720,7.83
6.7725,17.66
6.7730,4.30
6.7735,18.98
6.7740,7.05
6.7745,-19.56
6.7750,7.79
6.7755,-2.73
6.7760,2.06
6.7765,7.43
6.7770,7.98
6.7775,0.87
6.7780,4.63
6.7785,14.13
6.7790,2.86
6.7795,1.94
6.7800,6.06
6.7805,0.72
6.7810,-1.81
6.7815,-11.13
6.7820,19.04
6.7825,-4.17
6.7830,20.03
6.7835,3.23
6.7840,-5.50
6.7845,6.54
6.7850,-6.21
6.7855,17.13
6.7860,-2.75
6.7865,1.84
6.7870,6.02
6.7875,6.37
6.7880,4.32
6.7885,-10.12
6.7890,-7.68
6.7895,-1.40
6.7900,9.41
6.7905,1.71
6.7910,16.59
6.7915,13.01
6.7920,13.75
6.7925,11.44
6.7930,-2.36
6.7935,9.97
6.7940,2.37
6.7945,8.98
6.7950,0.41
6.7955,-1.11
6.7960,4.16
6.7965,6.53
6.7970,-10.00
6.7975,5.85
6.7980,8.18
6.7985,-4.51
6.7990,15.37
6.7995,6.99
6.8000,-1.18
6.8005,5.64
6.8010,26.53
6.8015,2.48
6.8020,17.19
6.8025,7.39
6.8030,10.61
6.8035,1.09
6.8040,-9.32
6.8045,3.80
6.8050,-3.09
6.8055,-2.78
6.8060,3.83
6.8065,-9.18
6.8070,15.82
6.8075,10.87
6.8080,7.02
6.8085,17.44
6.8090,-2.65
6.8095,3.74
6.8100,16.74
6.8105,-0.55
6.8110,1.08
6.8115,1.67
6.8120,1.03
6.8125,8.70
6.8130,-5.10
6.8135,6.40
6.8140,5.54
6.8145,6.81
6.8150,-9.04
6.8155,8.89
6.8160,1.42
6.8165,-15.32
6.8170,-10.05
6.8175,-8.36
6.8180,3.71
6.8185,1.71
6.8190,2.79
6.8195,-6.30
6.8200,-13.17
6.8205,17.88
6.8210,9.11
6.8215,-17.13
6.8220,-2.58
6.8225,-7.13
6.8230,14.55
6.8235,4.05
6.8240,10.94
6.8245,-18.14
6.8250,12.09
6.8255,-0.00
6.8260,1.03
6.8265,3.44
6.8270,8.72
6.8275,4.54
6.8280,-0.58
6.8285,7.42
6.8290,6.18
6.8295,4.37
6.8300,-2.16
6.8305,-8.07
6.8310,-7.11
6.8315,0.34
6.8320,2.54
6.8325,9.87
6.8330,3.71
6.8335,-0.62
6.8340,6.69
6.8345,-9.84
6.8350,4.97
6.8355,1.37
6.8360,-0.39
6.8365,-4.88
6.8370,6.45
6.8375,1.09
6.8380,-13.78
6.8385,9.08
6.8390,5.99
6.8395,-1.96
6.8400,-3.33
6.8405,-11.70
6.8410,1.46
6.8415,-6.69
6.8420,-2.01
6.8425,-9.15
6.8430,9.53
6.8435,-6.46
6.8440,-12.23
6.8445,-3.20
6.8450,-4.14
6.8455,-7.72
6.8460,7.86
6.8465,-16.28
6.8470,3.19
6.8475,-16.27
6.8480,-6.67
6.8485,8.29
6.8490,-4.22
6.8495,-10.11
6.8500,-3.99
6.8505,-9.75
6.8510,7.00
6.8515,-0.41
6.8520,7.23
6.8525,6.03
6.8530,-10.47
6.8535,-2.49
6.8540,-2.93
6.8545,-5.07
6.8550,-5.97
6.8555,-4.67
6.8560,-1.20
6.8565,-2.20
6.8570,-0.06
6.8575,-0.64
6.8580,8.40
6.8585,-0.17
6.8590,2.20
6.8595,0.04
6.8600,-0.95
6.8605,7.05
6.8610,-12.49
6.8615,-10.68
6.8620,1.60
6.8625,-8.49
6.8630,8.93
6.8635,-1.56
6.8640,-6.52
6.8645,6.76
6.8650,1.11
6.8655,1.63
6.8660,0.56
6.8665,-6.83
6.8670,8.21
6.8675,-9.03
6.8680,-14.77
6.8685,2.96
6.8690,0.31
6.8695,0.31
6.8700,-4.32
6.8705,-5.90
6.8710,-12.81
6.8715,-6.57
6.8720,3.27
6.8725,-4.94
6.8730,-13.39
6.8735,-14.17
6.8740,-10.33
6.8745,9.02
6.8750,-4.35
6.8755,7.16
6.8760,0.69
6.8765,-2.92
6.8770,-1.38
6.8775,-8.39
6.8780,-20.33
6.8785,8.03
6.8790,-16.45
6.8795,-8.49
6.8800,-6.34
6.8805,1.07
6.8810,-20.86
6.8815,4.73
6.8820,0.39
6.8825,-2.11
6.8830,-8.70
6.8835,4.70
6.8840,3.31
6.8845,-18.92
6.8850,-9.93
6.8855,-0.98
6.8860,-28.52
6.8865,0.28
6.8870,-7.99
6.8875,-10.31
6.8880,1.74
6.8885,-1.66
6.8890,-8.71
6.8895,11.14
6.8900,11.24
6.8905,5.35
6.8910,-2.78
6.8915,2.67
6.8920,-1.56
6.8925,7.29
6.8930,-20.24
6.8935,-2.40
6.8940,2.14
6.8945,2.36
6.8950,-12.98
6.8955,-26.43
6.8960,1.31
6.8965,2.98
6.8970,-4.34
6.8975,-8.05
6.8980,-3.13
6.8985,-2.70
6.8990,11.40
6.8995,3.35
6.9000,-13.39
6.9005,-8.23
6.9010,-16.22
6.9015,-5.72
6.9020,6.40
6.9025,-14.07
6.9030,-20.57
6.9035,17.62
6.9040,-4.06
6.9045,-8.65
6.9050,-15.59
6.9055,3.58
6.9060,1.51
6.9065,5.66
6.9070,-18.38
6.9075,6.36
6.9080,-3.05
6.9085,-4.71
6.9090,6.61
6.9095,-4.32
6.9100,2.14
6.9105,0.26
6.9110,-5.89
6.9115,-20.44
6.9120,-6.51
6.9125,-6.95
6.9130,0.41
6.9135,-14.40
6.9140,-12.07
6.9145,-4.39
6.9150,-5.62
6.9155,-24.27
6.9160,-14.14
6.9165,-3.24
6.9170,-8.39
6.9175,12.40
6.9180,-2.29
6.9185,-19.04
6.9190,-20.55
6.9195,4.33
6.9200,-19.08
6.9205,-13.48
6.9210,-0.64
6.9215,-0.32
6.9220,4.93
6.9225,-9.74
6.9230,-17.85
6.9235,-12.32
6.9240,-7.19
6.9245,3.59
6.9250,-7.98
6.9255,-12.02
6.9260,-7.86
6.9265,-2.26
6.9270,3.35
6.9275,-11.99
6.9280,2.41
6.9285,-9.87
6.9290,5.00
6.9295,8.18
6.9300,-5.35
6.9305,0.16
6.9310,-3.45
6.9315,-6.10
6.9320,-10.27
6.9325,5.36
6.9330,0.69
6.9335,-19.75
6.9340,-9.39
6.9345,-5.18
6.9350,-1.13
6.9355,-13.47
6.9360,-15.00
6.9365,-1.89
6.9370,-24.83
6.9375,-0.62
6.9380,0.75
6.9385,-20.07
6.9390,-2.92
6.9395,-6.09
6.9400,-6.48
6.9405,-1.56
6.9410,-3.26
6.9415,3.29
6.9420,-0.89
6.9425,-10.81
6.9430,-7.98
6.9435,-10.17
6.9440,6.12
6.9445,3.38
6.9450,15.94
6.9455,-15.84
6.9460,6.87
6.9465,-11.10
6.9470,-4.65
6.9475,-10.05
6.9480,-1.27
6.9485,-3.88
6.9490,-19.95
6.9495,20.54
6.9500,-1.75
6.9505,-15.23
6.9510,-17.53
6.9515,3.61
6.9520,-6.81
6.9525,-3.03
6.9530,-4.74
6.9535,-6.24
6.9540,0.16
6.9545,-0.75
6.9550,-7.93
6.9555,13.38
6.9560,1.12
6.9565,3.70
6.9570,-12.44
6.9575,-8.24
6.9580,-7.51
6.9585,-7.41
6.9590,-5.45
6.9595,-1.66
6.9600,-6.49
6.9605,-14.62
6.9610,-2.02
6.9615,-3.07
6.9620,7.33
6.9625,-11.71
6.9630,9.84
6.9635,4.20
6.9640,1.56
6.9645,5.30
6.9650,7.12
6.9655,-0.10
6.9660,5.20
6.9665,1.22
6.9670,3.81
6.9675,-22.49
6.9680,0.54
6.9685,-1.85
6.9690,9.58
6.9695,-1.44
6.9700,-0.84
6.9705,-18.06
6.9710,-15.03
6.9715,-10.28
6.9720,1.02
6.9725,-7.22
6.9730,-0.09
6.9735,-1.27
6.9740,18.41
6.9745,-18.29
6.9750,9.01
6.9755,4.65
6.9760,4.44
6.9765,-1.95
6.9770,6.55
6.9775,17.62
6.9780,73.09
6.9785,49.06
6.9790,-1.92
6.9795,-6.55
6.9800,-33.70
6.9805,-30.22
6.9810,-7.58
6.9815,8.32
6.9820,-9.67
6.9825,11.49
6.9830,3.69
6.9835,-12.10
6.9840,-12.28
6.9845,-10.33
6.9850,3.13
6.9855,10.66
6.9860,-5.03
6.9865,18.87
6.9870,-4.67
6.9875,-4.52
6.9880,0.98
6.9885,2.38
6.9890,-8.42
6.9895,-6.91
6.9900,-15.34
6.9905,-16.66
6.9910,-1.53
6.9915,-6.29
6.9920,-22.08
6.9925,2.31
6.9930,-2.90
6.9935,-1.75
6.9940,-9.62
6.9945,-8.68
6.9950,4.26
6.9955,55.79
6.9960,68.93
6.9965,41.02
6.9970,-0.08
6.9975,-22.67
6.9980,-32.56
6.9985,-29.61
6.9990,-16.84
6.9995,7.22
7.0000,9.02
7.0005,5.74
7.0010,13.23
7.0015,-0.18
7.0020,-3.94
7.0025,-14.82
7.0030,9.62
7.0035,-1.66
7.0040,11.24
7.0045,-12.00
7.0050,3.33
7.0055,-1.86
7.0060,-2.24
7.0065,-11.57
7.0070,-1.33
7.0075,-7.35
7.0080,9.80
7.0085,-4.29
7.0090,1.25
7.0095,6.44
7.0100,5.46
7.0105,5.00
7.0110,-8.36
7.0115,3.23
7.0120,1.96
7.0125,7.87
7.0130,11.79
7.0135,7.80
7.0140,-8.39
7.0145,6.35
7.0150,2.87
7.0155,-3.69
7.0160,29.02
7.0165,7.89
7.0170,2.23
7.0175,0.71
7.0180,14.13
7.0185,-2.65
7.0190,-2.72
7.0195,-4.54
7.0200,-5.20
7.0205,2.47
7.0210,-2.64
7.0215,-1.82
7.0220,-1.32
7.0225,5.70
7.0230,-0.91
7.0235,-3.93
7.0240,-0.91
7.0245,4.03
7.0250,13.93
7.0255,15.36
7.0260,18.87
7.0265,-3.95
7.0270,5.09
7.0275,15.66
7.0280,10.68
7.0285,2.70
7.0290,-6.43
7.0295,-3.49
7.0300,5.41
7.0305,18.29
7.0310,-0.59
7.0315,-3.86
7.0320,0.18
7.0325,3.61
7.0330,4.63
7.0335,0.22
7.0340,-3.74
7.0345,7.66
7.0350,-1.34
7.0355,9.38
7.0360,20.50
7.0365,-1.36
7.0370,5.59
7.0375,-1.94
7.0380,-4.77
7.0385,11.14
7.0390,8.66
7.0395,1.59
7.0400,2.29
7.0405,3.74
7.0410,-4.03
7.0415,21.11
7.0420,-11.82
7.0425,-0.37
7.0430,19.77
7.0435,12.95
7.0440,5.28
7.0445,11.83
7.0450,-1.73
7.0455,-3.37
7.0460,-15.14
7.0465,2.33
7.0470,7.23
7.0475,13.93
7.0480,5.94
7.0485,4.38
7.0490,16.70
7.0495,7.86
7.0500,11.87
7.0505,-0.85
7.0510,5.75
7.0515,18.32
7.0520,5.44
7.0525,-3.98
7.0530,13.40
7.0535,7.94
7.0540,11.42
7.0545,0.48
7.0550,8.81
7.0555,8.56
7.0560,2.37
7.0565,0.91
7.0570,10.65
7.0575,14.03
7.0580,3.98
7.0585,3.24
7.0590,-4.57
7.0595,9.23
7.0600,10.73
7.0605,-7.58
7.0610,10.96
7.0615,-5.53
7.0620,15.21
7.0625,8.96
7.0630,2.72
7.0635,5.01
7.0640,2.87
7.0645,3.40
7.0650,10.71
7.0655,-2.91
7.0660,12.19
7.0665,23.24
7.0670,-11.94
7.0675,5.86
7.0680,7.06
7.0685,19.41
7.0690,-10.58
7.0695,1.31
7.0700,8.26
7.0705,2.90
7.0710,-2.04
7.0715,6.25
7.0720,7.41
7.0725,-0.38
7.0730,-10.07
7.0735,8.76
7.0740,-0.43
7.0745,10.24
7.0750,-1.78
7.0755,-0.20
7.0760,9.40
7.0765,-0.27
7.0770,4.97
7.0775,1.41
7.0780,6.20
7.0785,8.63
7.0790,11.07
7.0795,6.49
7.0800,-4.65
7.0805,7.87
7.0810,6.07
7.0815,13.85
7.0820,13.28
7.0825,10.94
7.0830,-8.39
7.0835,12.66
7.0840,9.06
7.0845,11.67
7.0850,12.16
7.0855,0.08
7.0860,8.10
7.0865,-1.07
7.0870,6.21
7.0875,14.74
7.0880,4.80
7.0885,-2.54
7.0890,4.49
7.0895,7.45
7.0900,1.68
7.0905,13.08
7.0910,15.08
7.0915,5.21
7.0920,8.73
7.0925,18.57
7.0930,-3.12
7.0935,10.56
7.0940,-0.39
7.0945,13.18
7.0950,-6.65
7.0955,0.09
7.0960,-8.16
7.0965,19.42
7.0970,3.64
7.0975,15.85
7.0980,16.01
7.0985,2.74
7.0990,-1.03
7.0995,-3.17
7.1000,-0.93
7.1005,11.29
7.1010,-5.92
7.1015,32.70
7.1020,4.83
7.1025,6.50
7.1030,12.43
7.1035,0.70
7.1040,23.41
7.1045,19.70
7.1050,3.11
7.1055,0.79
7.1060,0.89
7.1065,11.78
7.1070,5.16
7.1075,-2.05
7.1080,0.41
7.1085,-3.88
7.1090,14.60
7.1095,-4.28
7.1100,-4.77
7.1105,13.02
7.1110,-13.64
7.1115,17.17
7.1120,7.63
7.1125,4.26
7.1130,-2.57
7.1135,-3.44
7.1140,15.43
7.1145,6.30
7.1150,4.59
7.1155,-16.15
7.1160,9.09
7.1165,5.82
7.1170,6.62
7.1175,7.93
7.1180,1.31
7.1185,-6.98
7.1190,-3.54
7.1195,5.67
7.1200,17.74
7.1205,-4.61
7.1210,12.27
7.1215,11.49
7.1220,-13.18
7.1225,9.49
7.1230,-3.53
7.1235,0.68
7.1240,8.48
7.1245,2.31
7.1250,-0.91
7.1255,-0.85
7.1260,7.60
7.1265,10.38
7.1270,9.57
7.1275,4.64
7.1280,-2.01
7.1285,11.07
7.1290,-2.83
7.1295,7.79
7.1300,-3.19
7.1305,9.24
7.1310,0.08
7.1315,6.85
7.1320,9.18
7.1325,-1.88
7.1330,11.02
7.1335,11.79
7.1340,2.90
7.1345,21.14
7.1350,2.59
7.1355,-0.64
7.1360,0.13
7.1365,-3.31
7.1370,-11.21
7.1375,6.65
7.1380,-8.01
7.1385,4.19
7.1390,-23.00
7.1395,8.75
7.1400,10.28
7.1405,9.64
7.1410,23.17
7.1415,9.46
7.1420,5.90
7.1425,8.35
7.1430,-5.11
7.1435,-3.10
7.1440,-12.42
7.1445,-7.85
7.1450,0.17
7.1455,17.44
7.1460,1.83
7.1465,-2.41
7.1470,3.91
7.1475,-0.87
7.1480,-0.69
7.1485,-8.33
7.1490,3.27
7.1495,12.38
7.1500,3.41
7.1505,-3.37
7.1510,-6.95
7.1515,3.67
7.1520,-0.84
7.1525,0.43
7.1530,-11.67
7.1535,-9.34
7.1540,-2.01
7.1545,10.14
7.1550,3.59
7.1555,0.13
7.1560,3.73
7.1565,-7.41
7.1570,11.27
7.1575,6.30
7.1580,3.26
7.1585,-3.19
7.1590,15.78
7.1595,-9.27
7.1600,-1.12
7.1605,-4.80
7.1610,-7.56
7.1615,-14.30
7.1620,1.21
7.1625,0.99
7.1630,15.41
7.1635,-2.37
7.1640,11.65
7.1645,7.90
7.1650,6.88
7.1655,-3.34
7.1660,5.23
7.1665,-13.48
7.1670,-6.17
7.1675,-4.52
7.1680,-3.35
7.1685,10.32
7.1690,0.22
7.1695,7.04
7.1700,-5.35
7.1705,-1.05
7.1710,0.06
7.1715,2.93
7.1720,-14.53
7.1725,-5.26
7.1730,-0.92
7.1735,2.08
7.1740,-19.06
7.1745,-3.97
7.1750,3.51
7.1755,-1.46
7.1760,-6.56
7.1765,14.13
7.1770,7.84
7.1775,-4.57
7.1780,-3.80
7.1785,-0.15
7.1790,2.97
7.1795,0.61
7.1800,16.06
7.1805,7.64
7.1810,4.83
7.1815,-5.15
7.1820,0.97
7.1825,-6.44
7.1830,0.68
7.1835,16.91
7.1840,-19.57
7.1845,-0.83
7.1850,-12.76
7.1855,3.10
7.1860,-1.49
7.1865,-5.10
7.1870,1.69
7.1875,-12.98
7.1880,-4.27
7.1885,-5.42
7.1890,-4.50
7.1895,10.73
7.1900,-8.41
7.1905,2.29
7.1910,-4.47
7.1915,-10.80
7.1920,-0.21
7.1925,31.97
7.1930,44.46
7.1935,15.98
7.1940,8.93
7.1945,-13.83
7.1950,-32.77
7.1955,-14.14
7.1960,-16.43
7.1965,1.41
7.1970,-11.22
7.1975,0.57
7.1980,1.20
7.1985,-1.97
7.1990,0.81
7.1995,2.91
7.2000,-7.15
7.2005,-3.35
7.2010,-14.75
7.2015,4.48
7.2020,-0.23
7.2025,8.77
7.2030,5.55
7.2035,-3.35
7.2040,-5.51
7.2045,5.01
7.2050,-6.89
7.2055,9.09
7.2060,6.29
7.2065,-12.51
7.2070,-19.42
7.2075,-11.36
7.2080,-1.07
7.2085,-16.47
7.2090,-5.28
7.2095,6.21
7.2100,-4.02
7.2105,-11.14
7.2110,-3.72
7.2115,-3.99
7.2120,-2.88
7.2125,-7.98
7.2130,4.56
7.2135,-5.99
7.2140,-1.32
7.2145,-11.08
7.2150,-1.50
7.2155,-9.54
7.2160,-2.31
7.2165,-5.30
7.2170,8.94
7.2175,2.38
7.2180,-2.92
7.2185,4.55
7.2190,-13.35
7.2195,-4.35
7.2200,0.11
7.2205,-23.86
7.2210,-6.32
7.2215,-16.86
7.2220,-13.39
7.2225,-3.75
7.2230,-7.15
7.2235,1.45
7.2240,-13.87
7.2245,-10.36
7.2250,-0.90
7.2255,10.94
7.2260,-2.78
7.2265,-8.00
7.2270,9.30
7.2275,-10.38
7.2280,-14.28
7.2285,-11.48
7.2290,-25.78
7.2295,0.79
7.2300,-18.84
7.2305,2.36
7.2310,-3.41
7.2315,-5.83
7.2320,-5.92
7.2325,5.94
7.2330,1.52
7.2335,-1.37
7.2340,-5.44
7.2345,-10.11
7.2350,-14.95
7.2355,-10.26
7.2360,-6.35
7.2365,-9.84
7.2370,-11.26
7.2375,-0.36
7.2380,1.75
7.2385,-11.47
7.2390,-2.75
7.2395,-4.27
7.2400,-0.92
7.2405,-15.97
7.2410,-5.69
7.2415,-5.25
7.2420,-5.93
7.2425,-21.18
7.2430,-11.68
7.2435,-1.94
7.2440,-12.76
7.2445,-2.25
7.2450,-9.29
7.2455,3.76
7.2460,-0.68
7.2465,-5.98
7.2470,-3.70
7.2475,1.23
7.2480,-13.01
7.2485,-7.48
7.2490,1.08
7.2495,-2.72
7.2500,-11.37
7.2505,-2.23
7.2510,-4.63
7.2515,-6.38
7.2520,-2.39
7.2525,4.78
7.2530,-12.82
7.2535,-11.37
7.2540,7.79
7.2545,-4.07
7.2550,-8.26
7.2555,2.42
7.2560,-3.37
7.2565,8.27
7.2570,-1.19
7.2575,-5.47
7.2580,-8.44
7.2585,-1.60
7.2590,-4.90
7.2595,-7.34
7.2600,-24.02
7.2605,-11.28
7.2610,2.22
7.2615,-2.72
7.2620,2.39
7.2625,-14.33
7.2630,-13.37
7.2635,-7.45
7.2640,-12.45
7.2645,-5.94
7.2650,-17.62
7.2655,-23.95
7.2660,-2.43
7.2665,0.55
7.2670,-12.47
7.2675,-0.04
7.2680,0.83
7.2685,6.20
7.2690,-0.13
7.2695,1.61
7.2700,-4.15
7.2705,-12.55
7.2710,-2.31
7.2715,-6.10
7.2720,-14.22
7.2725,-4.27
7.2730,1.01
7.2735,-4.94
7.2740,-14.14
7.2745,2.26
7.2750,-6.01
7.2755,2.21
7.2760,4.51
7.2765,-5.72
7.2770,-4.77
7.2775,9.88
7.2780,-3.47
7.2785,-11.71
7.2790,-13.94
7.2795,-0.11
7.2800,-14.20
7.2805,1.68
7.2810,-4.10
7.2815,-13.48
7.2820,9.31
7.2825,-13.08
7.2830,-6.62
7.2835,-12.37
7.2840,-5.09
7.2845,-0.87
7.2850,-4.35
7.2855,-1.20
7.2860,17.09
7.2865,-1.32
7.2870,-10.74
7.2875,-2.56
7.2880,-7.49
7.2885,-29.01
7.2890,-13.78
7.2895,5.31
7.2900,7.11
7.2905,-10.21
7.2910,2.27
7.2915,-9.86
7.2920,4.23
7.2925,-1.76
7.2930,1.92
7.2935,10.76
7.2940,-11.87
7.2945,-0.58
7.2950,0.76
7.2955,-9.22
7.2960,0.45
7.2965,-8.88
7.2970,12.69
7.2975,-2.29
7.2980,-6.92
7.2985,-9.12
7.2990,-3.54
7.2995,3.55
7.3000,-4.34
7.3005,-21.41
7.3010,-7.31
7.3015,-2.97
7.3020,-12.54
7.3025,-4.59
7.3030,-23.00
7.3035,-6.50
7.3040,-6.43
7.3045,-10.30
7.3050,-3.90
7.3055,0.24
7.3060,4.24
7.3065,-1.39
7.3070,-7.96
7.3075,-11.43
7.3080,-4.50
7.3085,-6.46
7.3090,-3.37
7.3095,1.05
7.3100,-4.31
7.3105,-0.76
7.3110,-2.96
7.3115,-10.72
7.3120,1.08
7.3125,1.60
7.3130,-11.74
7.3135,4.92
7.3140,7.74
7.3145,-3.21
7.3150,-0.32
7.3155,6.01
7.3160,-11.75
7.3165,-15.00
7.3170,4.80
7.3175,-17.79
7.3180,-21.77
7.3185,-13.26
7.3190,-4.03
7.3195,-0.39
7.3200,-6.15
7.3205,-9.72
7.3210,-6.92
7.3215,8.06
7.3220,-12.56
7.3225,-6.77
7.3230,13.51
7.3235,-0.94
7.3240,-20.34
7.3245,-9.00
7.3250,1.77
7.3255,10.13
7.3260,1.91
7.3265,11.57
7.3270,-4.96
7.3275,-5.34
7.3280,-5.68
7.3285,-11.85
7.3290,-14.80
7.3295,-0.15
7.3300,2.98
7.3305,-0.54
7.3310,-4.61
7.3315,-4.13
7.3320,6.82
7.3325,-4.73
7.3330,7.68
7.3335,-0.62
7.3340,-7.71
7.3345,-0.46
7.3350,-4.02
7.3355,-3.68
7.3360,5.52
7.3365,-6.64
7.3370,-2.57
7.3375,-11.88
7.3380,11.37
7.3385,10.64
7.3390,-2.32
7.3395,5.99
7.3400,-8.71
7.3405,18.40
7.3410,10.52
7.3415,-5.04
7.3420,2.77
7.3425,1.01
7.3430,-8.95
7.3435,12.43
7.3440,13.40
7.3445,3.96
7.3450,5.77
7.3455,-4.03
7.3460,7.65
7.3465,6.71
7.3470,10.52
7.3475,-4.92
7.3480,-3.83
7.3485,5.77
7.3490,7.71
7.3495,12.08
7.3500,-9.22
7.3505,-6.52
7.3510,-0.11
7.3515,3.78
7.3520,-0.02
7.3525,10.29
7.3530,-8.38
7.3535,11.36
7.3540,4.82
7.3545,8.35
7.3550,7.81
7.3555,16.37
7.3560,7.13
7.3565,3.74
7.3570,-0.67
7.3575,2.97
7.3580,6.06
7.3585,6.69
7.3590,1.87
7.3595,-2.51
7.3600,0.59
7.3605,-0.29
7.3610,11.73
7.3615,-15.33
7.3620,-8.85
7.3625,-3.77
7.3630,19.01
7.3635,3.50
7.3640,-1.19
7.3645,-9.92
7.3650,7.91
7.3655,9.71
7.3660,6.69
7.3665,-14.91
7.3670,10.11
7.3675,-2.99
7.3680,9.66
7.3685,-3.26
7.3690,7.91
7.3695,-1.86
7.3700,-0.47
7.3705,0.13
7.3710,1.35
7.3715,10.54
7.3720,4.34
7.3725,-11.17
7.3730,1.83
7.3735,2.06
7.3740,10.45
7.3745,1.82
7.3750,4.25
7.3755,-1.65
7.3760,-5.72
7.3765,18.05
7.3770,17.27
7.3775,-4.91
7.3780,10.64
7.3785,6.78
7.3790,7.97
7.3795,-4.52
7.3800,-3.37
7.3805,12.07
7.3810,2.62
7.3815,6.09
7.3820,2.74
7.3825,-11.68
7.3830,6.32
7.3835,-4.64
7.3840,0.99
7.3845,3.25
7.3850,14.10
7.3855,18.55
7.3860,13.94
7.3865,12.91
7.3870,-3.28
7.3875,8.07
7.3880,-4.99
7.3885,10.49
7.3890,-1.63
7.3895,10.24
7.3900,7.46
7.3905,-3.90
7.3910,6.08
7.3915,-3.88
7.3920,10.14
7.3925,8.68
7.3930,10.28
7.3935,-10.76
7.3940,-6.64
7.3945,6.64
7.3950,7.08
7.3955,-8.88
7.3960,3.41
7.3965,0.73
7.3970,-12.48
7.3975,-0.75
7.3980,8.41
7.3985,10.25
7.3990,13.28
7.3995,8.84
7.4000,11.36
7.4005,-0.45
7.4010,4.55
7.4015,27.09
7.4020,10.13
7.4025,3.43
7.4030,9.31
7.4035,24.88
7.4040,-2.66
7.4045,9.70
7.4050,10.73
7.4055,2.75
7.4060,-9.74
7.4065,4.96
7.4070,4.08
7.4075,15.14
7.4080,9.01
7.4085,-2.80
7.4090,7.01
7.4095,-7.19
7.4100,3.18
7.4105,-5.77
7.4110,8.40
7.4115,-12.77
7.4120,-4.77
7.4125,5.01
7.4130,4.41
7.4135,19.78
7.4140,3.44
7.4145,5.77
7.4150,14.13
7.4155,19.39
7.4160,11.22
7.4165,18.45
7.4170,6.38
7.4175,4.01
7.4180,5.72
7.4185,-1.31
7.4190,8.87
7.4195,7.60
7.4200,4.84
7.4205,24.05
7.4210,-12.67
7.4215,23.30
7.4220,-5.14
7.4225,-11.37
7.4230,-4.22
7.4235,0.11
7.4240,12.67
7.4245,4.81
7.4250,-3.44
7.4255,6.89
7.4260,-0.95
7.4265,2.76
7.4270,6.56
7.4275,4.37
7.4280,15.45
7.4285,0.29
7.4290,7.98
7.4295,11.40
7.4300,1.60
7.4305,2.86
7.4310,-5.11
7.4315,14.36
7.4320,10.25
7.4325,-4.55
7.4330,8.00
7.4335,10.07
7.4340,7.92
7.4345,-6.24
7.4350,-4.44
7.4355,-11.79
7.4360,11.41
7.4365,0.04
7.4370,0.29
7.4375,8.58
7.4380,-4.53
7.4385,3.54
7.4390,12.60
7.4395,-5.55
7.4400,6.46
7.4405,1.10
7.4410,-5.69
7.4415,-1.07
7.4420,-2.11
7.4425,0.80
7.4430,9.13
7.4435,2.93
7.4440,22.91
7.4445,5.91
7.4450,-5.94
7.4455,-1.97
7.4460,1.55
7.4465,0.89
7.4470,7.18
7.4475,-0.24
7.4480,3.05
7.4485,11.70
7.4490,16.97
7.4495,6.42
7.4500,-1.01
7.4505,8.72
7.4510,0.30
7.4515,2.08
7.4520,6.11
7.4525,7.67
7.4530,-6.70
7.4535,2.32
7.4540,1.75
7.4545,-0.38
7.4550,-11.57
7.4555,-0.10
7.4560,4.76
7.4565,-0.89
7.4570,5.58
7.4575,0.73
7.4580,2.93
7.4585,-2.92
7.4590,-13.01
7.4595,2.82
7.4600,2.38
7.4605,3.62
7.4610,9.34
7.4615,1.51
7.4620,-14.15
7.4625,-4.40
7.4630,-3.26
7.4635,16.55
7.4640,2.63
7.4645,5.87
7.4650,17.39
7.4655,-8.72
7.4660,-6.92
7.4665,6.08
7.4670,5.68
7.4675,0.69
7.4680,15.63
7.4685,9.28
7.4690,-3.46
7.4695,-8.44
7.4700,-4.60
7.4705,-6.63
7.4710,-4.09
7.4715,2.97
7.4720,-3.49
7.4725,-0.98
7.4730,2.82
7.4735,0.25
7.4740,-4.45
7.4745,7.70
7.4750,7.80
7.4755,-19.43
7.4760,-5.59
7.4765,-6.60
7.4770,13.04
7.4775,-4.80
7.4780,-4.63
7.4785,6.93
7.4790,-4.33
7.4795,-3.30
7.4800,8.94
7.4805,-1.00
7.4810,2.90
7.4815,12.24
7.4820,2.63
7.4825,0.98
7.4830,-9.87
7.4835,-4.12
7.4840,13.31
7.4845,18.13
7.4850,4.41
7.4855,0.80
7.4860,-20.68
7.4865,9.91
7.4870,-3.59
7.4875,-12.50
7.4880,-8.10
7.4885,7.75
7.4890,3.19
7.4895,2.41
7.4900,0.24
7.4905,6.46
7.4910,4.74
7.4915,9.68
7.4920,-2.72
7.4925,6.86
7.4930,-14.91
7.4935,-0.72
7.4940,-2.95
7.4945,-4.18
7.4950,-3.02
7.4955,2.32
7.4960,0.25
7.4965,2.22
7.4970,8.76
7.4975,-13.40
7.4980,8.99
7.4985,4.64
7.4990,-10.39
7.4995,4.40
7.5000,-9.06
7.5005,-7.81
7.5010,4.84
7.5015,4.72
7.5020,-19.02
7.5025,-10.66
7.5030,-5.06
7.5035,3.58
7.5040,-3.45
7.5045,4.60
7.5050,19.62
7.5055,10.42
7.5060,-5.98
7.5065,-13.85
7.5070,3.22
7.5075,-9.86
7.5080,-5.06
7.5085,-8.35
7.5090,-9.86
7.5095,0.12
7.5100,-6.24
7.5105,-3.57
7.5110,-10.30
7.5115,-5.79
7.5120,-18.54
7.5125,2.81
7.5130,4.27
7.5135,-0.80
7.5140,-6.75
7.5145,7.80
7.5150,-7.20
7.5155,1.72
7.5160,2.91
7.5165,2.31
7.5170,4.24
7.5175,-0.77
7.5180,2.58
7.5185,-17.20
7.5190,16.71
7.5195,-4.04
7.5200,-9.77
7.5205,-14.11
7.5210,0.70
7.5215,2.57
7.5220,-4.10
7.5225,-14.32
7.5230,-18.28
7.5235,-7.56
7.5240,-9.10
7.5245,11.56
7.5250,2.46
7.5255,9.12
7.5260,0.85
7.5265,-11.27
7.5270,-3.04
7.5275,4.99
7.5280,0.91
7.5285,-9.55
7.5290,9.13
7.5295,-0.97
7.5300,-12.02
7.5305,-2.20
7.5310,9.94
7.5315,4.33
7.5320,-2.53
7.5325,-5.65
7.5330,-6.13
7.5335,1.41
7.5340,-8.63
7.5345,-12.30
7.5350,-8.75
7.5355,-11.70
7.5360,0.32
7.5365,14.92
7.5370,3.08
7.5375,-7.88
7.5380,-10.38
7.5385,-11.83
7.5390,-5.61
7.5395,-15.47
7.5400,5.86
7.5405,-3.29
7.5410,-6.85
7.5415,-7.20
7.5420,-7.13
7.5425,2.79
7.5430,14.20
7.5435,9.93
7.5440,-3.75
7.5445,-9.34
7.5450,4.90
7.5455,-5.54
7.5460,4.54
7.5465,-2.79
7.5470,-5.28
7.5475,-4.24
7.5480,-5.35
7.5485,-0.60
7.5490,-0.36
7.5495,-10.93
7.5500,-9.63
7.5505,11.57
7.5510,7.06
7.5515,0.57
7.5520,-12.14
7.5525,3.33
7.5530,1.94
7.5535,-2.43
7.5540,-5.03
7.5545,-16.35
7.5550,7.18
7.5555,-1.35
7.5560,-9.09
7.5565,-7.93
7.5570,-15.35
7.5575,7.57
7.5580,7.33
7.5585,1.66
7.5590,1.15
7.5595,-8.25
7.5600,-5.02
7.5605,5.53
7.5610,-8.76
7.5615,5.08
7.5620,-9.53
7.5625,1.12
7.5630,-10.09
7.5635,-3.22
7.5640,-4.64
7.5645,-14.45
7.5650,-9.13
7.5655,12.09
7.5660,-5.79
7.5665,-2.51
7.5670,-9.18
7.5675,-5.76
7.5680,-8.16
7.5685,-16.39
7.5690,-0.58
7.5695,-0.03
7.5700,-9.00
7.5705,-11.82
7.5710,-8.63
7.5715,-6.39
7.5720,-2.41
7.5725,2.63
7.5730,2.92
7.5735,-18.90
7.5740,4.81
7.5745,-1.75
7.5750,2.66
7.5755,-2.45
7.5760,-12.09
7.5765,-2.36
7.5770,-6.86
7.5775,-7.32
7.5780,-4.67
7.5785,-0.22
7.5790,-7.31
7.5795,-1.67
7.5800,-3.38
7.5805,-8.44
7.5810,-14.87
7.5815,3.65
7.5820,-1.87
7.5825,5.52
7.5830,3.39
7.5835,4.96
7.5840,7.66
7.5845,-13.62
7.5850,-0.64
7.5855,3.15
7.5860,-2.91
7.5865,-3.11
7.5870,-12.84
7.5875,-17.74
7.5880,1.55
7.5885,-8.42
7.5890,1.41
7.5895,8.46
7.5900,0.37
7.5905,-4.96
7.5910,-15.34
7.5915,-12.95
7.5920,-12.89
7.5925,-12.96
7.5930,7.84
7.5935,-13.07
7.5940,-18.95
7.5945,2.10
7.5950,-8.54
7.5955,-23.53
7.5960,-2.81
7.5965,-15.30
7.5970,-14.61
7.5975,2.01
7.5980,0.36
7.5985,-0.55
7.5990,-10.96
7.5995,-10.94
7.6000,14.44
7.6005,5.88
7.6010,-11.41
7.6015,-11.72
7.6020,-5.64
7.6025,1.14
7.6030,-4.22
7.6035,-2.05
7.6040,-5.72
7.6045,4.91
7.6050,-7.46
7.6055,3.41
7.6060,-0.53
7.6065,5.39
7.6070,-7.58
7.6075,4.97
7.6080,-3.40
7.6085,-6.83
7.6090,11.52
7.6095,1.54
7.6100,-15.00
7.6105,-1.94
7.6110,-1.82
7.6115,-21.62
7.6120,-3.26
7.6125,-3.03
7.6130,-6.97
7.6135,-5.96
7.6140,-14.16
7.6145,-10.68
7.6150,-2.34
7.6155,4.48
7.6160,-1.96
7.6165,-5.39
7.6170,-7.98
7.6175,-0.51
7.6180,-8.07
7.6185,-14.03
7.6190,12.59
7.6195,-9.30
7.6200,-13.03
7.6205,-4.49
7.6210,-12.86
7.6215,9.92
7.6220,-0.52
7.6225,-4.23
7.6230,-9.55
7.6235,-0.44
7.6240,-8.13
7.6245,0.08
7.6250,9.48
7.6255,-1.21
7.6260,-4.08
7.6265,-8.56
7.6270,1.24
7.6275,-9.52
7.6280,-1.41
7.6285,5.34
7.6290,-3.38
7.6295,-11.29
7.6300,1.09
7.6305,0.92
7.6310,2.94
7.6315,-0.67
7.6320,-1.51
7.6325,-11.71
7.6330,-2.46
7.6335,-3.47
7.6340,14.41
7.6345,-16.45
7.6350,-0.38
7.6355,8.99
7.6360,-4.32
7.6365,1.13
7.6370,-9.13
7.6375,-10.20
7.6380,-13.28
7.6385,-5.86
7.6390,-17.83
7.6395,-0.52
7.6400,83.45
7.6405,50.46
7.6410,19.26
7.6415,-15.98
7.6420,-11.28
7.6425,-35.71
7.6430,-6.83
7.6435,-10.50
7.6440,3.16
7.6445,6.61
7.6450,-12.86
7.6455,-2.55
7.6460,4.93
7.6465,-2.18
7.6470,-8.60
7.6475,-4.38
7.6480,14.78
7.6485,-2.40
7.6490,-29.52
7.6495,5.72
7.6500,-1.83
7.6505,9.19
7.6510,-11.38
7.6515,-3.67
7.6520,-4.39
7.6525,-6.78
7.6530,-4.78
7.6535,-4.63
7.6540,3.04
7.6545,4.99
7.6550,-18.27
7.6555,-5.55
7.6560,-16.60
7.6565,-2.79
7.6570,-4.19
7.6575,12.94
7.6580,7.25
7.6585,-5.94
7.6590,10.69
7.6595,-15.76
7.6600,3.54
7.6605,-2.52
7.6610,-0.92
7.6615,6.42
7.6620,-4.68
7.6625,2.82
7.6630,-10.33
7.6635,-8.18
7.6640,-9.00
7.6645,-8.64
7.6650,7.39
7.6655,-3.50
7.6660,-3.63
7.6665,3.29
7.6670,5.44
7.6675,0.03
7.6680,-7.59
7.6685,-5.39
7.6690,0.26
7.6695,-11.25
7.6700,9.58
7.6705,20.15
7.6710,-5.89
7.6715,-0.32
7.6720,3.42
7.6725,6.11
7.6730,-3.42
7.6735,-11.25
7.6740,3.47
7.6745,-10.55
7.6750,-4.74
7.6755,8.01
7.6760,-13.39
7.6765,3.32
7.6770,-20.22
7.6775,4.01
7.6780,8.76
7.6785,-0.31
7.6790,-11.18
7.6795,-3.78
7.6800,11.74
7.6805,9.86
7.6810,-5.36
7.6815,-5.99
7.6820,-6.12
7.6825,6.66
7.6830,5.19
7.6835,2.79
7.6840,4.04
7.6845,0.60
7.6850,11.90
7.6855,1.11
7.6860,18.93
7.6865,-3.79
7.6870,5.50
7.6875,4.01
7.6880,-10.60
7.6885,-0.35
7.6890,8.29
7.6895,11.01
7.6900,3.69
7.6905,6.08
7.6910,-1.54
7.6915,-2.74
7.6920,3.13
7.6925,-11.14
7.6930,-1.68
7.6935,-7.02
7.6940,6.45
7.6945,7.70
7.6950,5.69
7.6955,0.75
7.6960,13.67
7.6965,4.79
7.6970,27.73
7.6975,17.48
7.6980,3.66
7.6985,18.11
7.6990,3.60
7.6995,-3.59
7.7000,2.68
7.7005,5.14
7.7010,9.17
7.7015,3.53
7.7020,1.89
7.7025,3.61
7.7030,0.78
7.7035,24.77
7.7040,12.02
7.7045,0.81
7.7050,4.08
7.7055,12.79
7.7060,11.73
7.7065,2.81
7.7070,-8.07
7.7075,-3.93
7.7080,7.27
7.7085,11.31
7.7090,-7.83
7.7095,20.78
7.7100,17.94
7.7105,9.36
7.7110,3.89
7.7115,7.56
7.7120,4.14
7.7125,-5.33
7.7130,-6.47
7.7135,0.08
7.7140,19.96
7.7145,5.58
7.7150,-3.01
7.7155,2.22
7.7160,-6.62
7.7165,2.88
7.7170,21.29
7.7175,20.14
7.7180,15.75
7.7185,10.53
7.7190,-3.76
7.7195,10.81
7.7200,5.45
7.7205,21.39
7.7210,6.45
7.7215,3.14
7.7220,8.66
7.7225,6.01
7.7230,8.50
7.7235,14.76
7.7240,6.92
7.7245,-12.38
7.7250,0.37
7.7255,0.42
7.7260,17.34
7.7265,11.72
7.7270,16.22
7.7275,-2.78
7.7280,3.17
7.7285,-1.40
7.7290,1.12
7.7295,-4.11
7.7300,3.37
7.7305,-2.72
7.7310,-4.28
7.7315,-0.64
7.7320,10.30
7.7325,0.33
7.7330,3.29
7.7335,0.75
7.7340,-1.02
7.7345,-1.19
7.7350,12.62
7.7355,-5.30
7.7360,12.10
7.7365,42.25
7.7370,80.89
7.7375,52.26
7.7380,-2.55
7.7385,-17.16
7.7390,-27.62
7.7395,6.02
7.7400,-12.01
7.7405,-3.27
7.7410,1.00
7.7415,4.54
7.7420,8.58
7.7425,5.83
7.7430,17.91
7.7435,-1.34
7.7440,13.81
7.7445,7.14
7.7450,9.93
7.7455,12.10
7.7460,9.05
7.7465,2.83
7.7470,-0.69
7.7475,-0.03
7.7480,10.88
7.7485,4.17
7.7490,4.40
7.7495,4.15
7.7500,-0.93
7.7505,5.53
7.7510,7.05
7.7515,1.94
7.7520,9.96
7.7525,7.68
7.7530,1.67
7.7535,19.44
7.7540,6.32
7.7545,3.41
7.7550,13.66
7.7555,9.65
7.7560,3.51
7.7565,14.57
7.7570,0.27
7.7575,3.40
7.7580,17.19
7.7585,17.41
7.7590,2.30
7.7595,-8.37
7.7600,3.14
7.7605,10.14
7.7610,21.76
7.7615,5.48
7.7620,24.76
7.7625,-5.11
7.7630,13.44
7.7635,13.79
7.7640,9.97
7.7645,9.16
7.7650,-7.59
7.7655,2.22
7.7660,15.01
7.7665,-5.96
7.7670,7.87
7.7675,0.12
7.7680,1.20
7.7685,10.02
7.7690,5.44
7.7695,-1.44
7.7700,1.41
7.7705,4.37
7.7710,2.02
7.7715,9.49
7.7720,3.69
7.7725,-0.79
7.7730,13.06
7.7735,-9.88
7.7740,12.98
7.7745,-17.43
7.7750,14.69
7.7755,-7.85
7.7760,4.80
7.7765,5.91
7.7770,2.34
7.7775,-4.41
7.7780,-4.30
7.7785,14.03
7.7790,0.55
7.7795,4.89
7.7800,-2.17
7.7805,11.22
7.7810,-9.06
7.7815,2.43
7.7820,18.31
7.7825,-8.75
7.7830,5.27
7.7835,-2.12
7.7840,-2.44
7.7845,9.63
7.7850,3.01
7.7855,0.20
7.7860,5.66
7.7865,0.28
7.7870,-7.19
7.7875,8.71
7.7880,10.52
7.7885,13.44
7.7890,13.08
7.7895,-3.31
7.7900,12.85
7.7905,7.43
7.7910,1.50
7.7915,-1.03
7.7920,8.07
7.7925,9.87
7.7930,-5.34
7.7935,13.76
7.7940,-11.27
7.7945,15.77
7.7950,0.94
7.7955,-3.12
7.7960,14.01
7.7965,7.20
7.7970,10.45
7.7975,10.63
7.7980,0.58
7.7985,6.75
7.7990,14.81
7.7995,8.39
7.8000,34.57
7.8005,5.94
7.8010,10.22
7.8015,7.41
7.8020,1.27
7.8025,15.50
7.8030,-1.69
7.8035,-9.19
7.8040,6.66
7.8045,3.16
7.8050,-4.18
7.8055,-16.87
7.8060,2.39
7.8065,-2.62
7.8070,-1.19
7.8075,-1.18
7.8080,6.35
7.8085,4.67
7.8090,14.26
7.8095,1.34
7.8100,17.35
7.8105,4.68
7.8110,-9.92
7.8115,4.83
7.8120,8.86
7.8125,-8.29
7.8130,2.37
7.8135,-7.50
7.8140,-3.10
7.8145,-0.97
7.8150,-0.60
7.8155,3.25
7.8160,0.74
7.8165,-0.72
7.8170,2.74
7.8175,0.62
7.8180,4.97
7.8185,-1.44
7.8190,4.47
7.8195,4.99
7.8200,-8.05
7.8205,7.63
7.8210,2.00
7.8215,5.83
7.8220,-10.96
7.8225,3.88
7.8230,7.75
7.8235,20.65
7.8240,2.91
7.8245,-4.28
7.8250,8.40
7.8255,-4.58
7.8260,-8.05
7.8265,4.34
7.8270,-14.70
7.8275,2.47
7.8280,-0.08
7.8285,-2.48
7.8290,8.05
7.8295,-16.30
7.8300,22.75
7.8305,2.76
7.8310,1.50
7.8315,9.40
7.8320,5.94
7.8325,-8.22
7.8330,-3.17
7.8335,75.97
7.8340,54.98
7.8345,18.44
7.8350,-1.28
7.8355,-19.45
7.8360,-19.61
7.8365,-5.78
7.8370,-4.21
7.8375,-11.66
7.8380,-2.71
7.8385,-5.50
7.8390,7.12
7.8395,-3.82
7.8400,-8.60
7.8405,-4.71
7.8410,-0.95
7.8415,-3.28
7.8420,-2.22
7.8425,15.10
7.8430,-8.38
7.8435,8.36
7.8440,1.19
7.8445,-2.58
7.8450,-1.99
7.8455,-3.57
7.8460,-6.63
7.8465,11.64
7.8470,-0.87
7.8475,0.68
7.8480,-1.33
7.8485,-3.54
7.8490,-7.67
7.8495,8.01
7.8500,-6.19
7.8505,-2.67
7.8510,0.16
7.8515,4.06
7.8520,-4.11
7.8525,-2.54
7.8530,2.56
7.8535,-7.61
7.8540,-10.96
7.8545,2.07
7.8550,-10.24
7.8555,5.26
7.8560,6.16
7.8565,9.72
7.8570,-4.39
7.8575,1.51
7.8580,-1.54
7.8585,-4.29
7.8590,-15.78
7.8595,10.60
7.8600,5.34
7.8605,-0.95
7.8610,-2.17
7.8615,-11.78
7.8620,-5.62
7.8625,-2.22
7.8630,-1.01
7.8635,0.10
7.8640,-1.16
7.8645,-1.39
7.8650,2.65
7.8655,-1.75
7.8660,-12.53
7.8665,-12.76
7.8670,-1.90
7.8675,8.50
7.8680,-4.66
7.8685,-17.36
7.8690,5.16
7.8695,1.65
7.8700,4.63
7.8705,-17.01
7.8710,-6.57
7.8715,2.37
7.8720,0.06
7.8725,8.42
7.8730,-9.97
7.8735,-3.41
7.8740,-0.73
7.8745,-12.66
7.8750,9.35
7.8755,-9.73
7.8760,3.35
7.8765,-1.66
7.8770,10.07
7.8775,-8.27
7.8780,-1.48
7.8785,-7.79
7.8790,-6.29
7.8795,8.73
7.8800,-12.29
7.8805,-10.66
7.8810,5.20
7.8815,-4.79
7.8820,-2.59
7.8825,2.83
7.8830,-1.88
7.8835,-18.36
7.8840,-10.96
7.8845,-3.93
7.8850,6.01
7.8855,-3.24
7.8860,-3.94
7.8865,14.01
7.8870,-2.82
7.8875,-12.79
7.8880,54.52
7.8885,72.42
7.8890,25.67
7.8895,-4.33
7.8900,-24.59
7.8905,-26.52
7.8910,-26.62
7.8915,-19.27
7.8920,1.21
7.8925,-7.24
7.8930,4.93
7.8935,-13.83
7.8940,-15.39
7.8945,-16.20
7.8950,5.15
7.8955,-0.03
7.8960,-14.07
7.8965,-3.61
7.8970,-4.11
7.8975,-13.51
7.8980,-3.05
7.8985,-5.74
7.8990,-15.05
7.8995,-8.08
7.9000,-4.31
7.9005,-5.36
7.9010,-9.16
7.9015,-14.37
7.9020,-2.73
7.9025,-2.88
7.9030,-1.04
7.9035,-5.57
7.9040,-11.70
7.9045,-1.79
7.9050,8.15
7.9055,-2.99
7.9060,-6.58
7.9065,-12.39
7.9070,-12.37
7.9075,-6.47
7.9080,-0.91
7.9085,-8.13
7.9090,6.26
7.9095,-6.90
7.9100,6.80
7.9105,-9.04
7.9110,-5.86
7.9115,-14.37
7.9120,-11.18
7.9125,-11.46
7.9130,1.35
7.9135,-6.35
7.9140,-12.86
7.9145,-0.04
7.9150,-4.53
7.9155,-17.96
7.9160,1.11
7.9165,-3.31
7.9170,3.29
7.9175,-9.97
7.9180,-6.82
7.9185,-8.23
7.9190,-2.26
7.9195,-4.18
7.9200,-11.31
7.9205,-5.29
7.9210,-3.69
7.9215,-0.74
7.9220,-3.55
7.9225,-18.19
7.9230,2.33
7.9235,-6.41
7.9240,6.41
7.9245,-9.26
7.9250,-4.88
7.9255,-15.65
7.9260,-6.02
7.9265,-7.38
7.9270,-10.70
7.9275,-4.82
7.9280,-0.11
7.9285,-10.51
7.9290,-7.54
7.9295,15.94
7.9300,9.98
7.9305,-2.12
7.9310,-8.95
7.9315,-17.96
7.9320,-6.78
7.9325,-9.30
7.9330,-4.38
7.9335,4.70
7.9340,4.81
7.9345,1.02
7.9350,-7.83
7.9355,3.23
7.9360,19.36
7.9365,-5.98
7.9370,-2.85
7.9375,-13.27
7.9380,-4.17
7.9385,-12.04
7.9390,10.74
7.9395,-16.80
7.9400,-6.48
7.9405,-13.75
7.9410,1.69
7.9415,7.06
7.9420,12.65
7.9425,-11.81
7.9430,-4.22
7.9435,-7.10
7.9440,-18.83
7.9445,-12.21
7.9450,-11.95
7.9455,-0.44
7.9460,-3.37
7.9465,9.92
7.9470,-18.62
7.9475,0.32
7.9480,5.73
7.9485,-3.95
7.9490,-5.41
7.9495,-6.16
7.9500,-11.57
7.9505,-17.24
7.9510,13.37
7.9515,-5.58
7.9520,-4.45
7.9525,0.46
7.9530,-1.51
7.9535,1.23
7.9540,9.79
7.9545,0.95
7.9550,-7.57
7.9555,-5.83
7.9560,-9.34
7.9565,-4.86
7.9570,-3.55
7.9575,-17.12
7.9580,-14.40
7.9585,9.41
7.9590,-18.72
7.9595,2.37
7.9600,-13.50
7.9605,-3.49
7.9610,-2.19
7.9615,-10.04
7.9620,-2.11
7.9625,-9.68
7.9630,-3.73
7.9635,6.04
7.9640,-0.67
7.9645,-12.20
7.9650,0.58
7.9655,0.09
7.9660,-4.63
7.9665,-8.02
7.9670,-2.32
7.9675,1.39
7.9680,-12.93
7.9685,-0.54
7.9690,6.16
7.9695,19.81
7.9700,-3.18
7.9705,4.07
7.9710,-14.29
7.9715,-18.30
7.9720,-0.51
7.9725,-10.53
7.9730,-23.46
7.9735,5.57
7.9740,-3.07
7.9745,9.47
7.9750,1.17
7.9755,1.60
7.9760,14.98
7.9765,-2.47
7.9770,-14.23
7.9775,-3.56
7.9780,7.06
7.9785,-13.43
7.9790,-8.96
7.9795,-3.23
7.9800,-0.39
7.9805,-8.08
7.9810,-5.04
7.9815,-9.03
7.9820,-7.64
7.9825,-2.66
7.9830,6.11
7.9835,-2.42
7.9840,-1.59
7.9845,7.97
7.9850,-9.44
7.9855,0.79
7.9860,-9.52
7.9865,-5.74
7.9870,-5.90
7.9875,-10.19
7.9880,5.60
7.9885,8.15
7.9890,12.64
7.9895,3.90
7.9900,4.58
7.9905,1.96
7.9910,-7.49
7.9915,-13.18
7.9920,-8.17
7.9925,-4.06
7.9930,12.25
7.9935,10.54
7.9940,4.35
7.9945,-5.39
7.9950,6.65
7.9955,-0.60
7.9960,-2.96
7.9965,9.84
7.9970,-3.88
7.9975,-0.15
7.9980,1.66
7.9985,4.21
7.9990,-0.83
7.9995,-3.25
8.0000,9.30
8.0005,6.83
8.0010,5.43
8.0015,-2.03
8.0020,-6.15
8.0025,-5.01
8.0030,-8.26
8.0035,-9.03
8.0040,14.76
8.0045,1.48
8.0050,9.56
8.0055,19.51
8.0060,-4.05
8.0065,-0.15
8.0070,-3.76
8.0075,3.26
8.0080,2.79
8.0085,14.98
8.0090,-1.81
8.0095,13.43
8.0100,2.02
8.0105,-5.37
8.0110,-3.91
8.0115,-4.20
8.0120,3.07
8.0125,13.85
8.0130,-0.44
8.0135,10.55
8.0140,-1.92
8.0145,0.65
8.0150,6.91
8.0155,9.57
8.0160,6.19
8.0165,5.52
8.0170,6.60
8.0175,-12.66
8.0180,-2.21
8.0185,1.91
8.0190,4.26
8.0195,-2.16
8.0200,5.33
8.0205,-3.21
8.0210,2.02
8.0215,-8.33
8.0220,2.67
8.0225,-4.26
8.0230,-16.02
8.0235,-0.70
8.0240,-0.94
8.0245,-2.44
8.0250,1.26
8.0255,7.01
8.0260,19.50
8.0265,6.09
8.0270,5.26
8.0275,1.79
8.0280,11.71
8.0285,3.51
8.0290,20.22
8.0295,2.71
8.0300,10.69
8.0305,2.17
8.0310,7.27
8.0315,-1.04
8.0320,7.94
8.0325,-3.79
8.0330,-1.54
8.0335,2.28
8.0340,-10.95
8.0345,1.29
8.0350,5.92
8.0355,9.80
8.0360,-1.60
8.0365,12.34
8.0370,5.55
8.0375,-4.51
8.0380,-5.23
8.0385,2.94
8.0390,7.00
8.0395,27.65
8.0400,-1.69
8.0405,6.95
8.0410,-4.18
8.0415,5.46
8.0420,5.89
8.0425,2.80
8.0430,1.49
8.0435,5.86
8.0440,-3.54
8.0445,11.56
8.0450,4.89
8.0455,10.45
8.0460,7.47
8.0465,3.49
8.0470,13.50
8.0475,9.55
8.0480,-10.31
8.0485,-0.94
8.0490,7.61
8.0495,16.70
8.0500,-8.83
8.0505,-4.50
8.0510,-2.42
8.0515,3.94
8.0520,8.20
8.0525,-3.00
8.0530,13.79
8.0535,5.70
8.0540,-9.18
8.0545,14.97
8.0550,6.32
8.0555,44.05
8.0560,71.88
8.0565,35.79
8.0570,2.72
8.0575,-20.43
8.0580,-21.00
8.0585,-23.72
8.0590,-0.41
8.0595,6.92
8.0600,10.53
8.0605,2.53
8.0610,10.86
8.0615,12.15
8.0620,0.23
8.0625,-4.51
8.0630,0.46
8.0635,0.03
8.0640,3.79
8.0645,8.77
8.0650,13.12
8.0655,-4.04
8.0660,7.93
8.0665,0.44
8.0670,9.03
8.0675,-1.62
8.0680,8.46
8.0685,-3.85
8.0690,3.46
8.0695,8.24
8.0700,11.34
8.0705,1.93
8.0710,1.66
8.0715,4.30
8.0720,3.97
8.0725,9.25
8.0730,2.30
8.0735,5.61
8.0740,10.14
8.0745,-2.20
8.0750,8.24
8.0755,-4.08
8.0760,-8.07
8.0765,1.76
8.0770,-5.42
8.0775,6.46
8.0780,15.39
8.0785,14.71
8.0790,-11.70
8.0795,3.56
8.0800,-0.99
8.0805,4.53
8.0810,1.57
8.0815,4.95
8.0820,-2.42
8.0825,12.44
8.0830,14.17
8.0835,-8.54
8.0840,11.84
8.0845,3.65
8.0850,-0.23
8.0855,-4.34
8.0860,-3.28
8.0865,4.67
8.0870,20.53
8.0875,3.68
8.0880,-2.83
8.0885,-2.61
8.0890,13.53
8.0895,-1.22
8.0900,-4.20
8.0905,0.33
8.0910,9.22
8.0915,6.07
8.0920,11.07
8.0925,16.83
8.0930,4.62
8.0935,6.57
8.0940,16.94
8.0945,5.88
8.0950,-1.54
8.0955,1.52
8.0960,-0.06
8.0965,-1.50
8.0970,22.76
8.0975,7.88
8.0980,-1.01
8.0985,-1.74
8.0990,2.28
8.0995,12.94
8.1000,-4.86
8.1005,20.07
8.1010,7.11
8.1015,-13.40
8.1020,8.68
8.1025,15.60
8.1030,5.96
8.1035,14.03
8.1040,12.03
8.1045,9.05
8.1050,-9.93
8.1055,5.61
8.1060,14.47
8.1065,9.12
8.1070,2.46
8.1075,-5.17
8.1080,10.03
8.1085,5.85
8.1090,8.42
8.1095,5.96
8.1100,5.37
8.1105,12.18
8.1110,8.69
8.1115,13.94
8.1120,24.33
8.1125,1.87
8.1130,-9.77
8.1135,12.38
8.1140,18.01
8.1145,-7.73
8.1150,7.40
8.1155,-2.47
8.1160,0.42
8.1165,-6.52
8.1170,-0.40
8.1175,-19.30
8.1180,7.35
8.1185,7.10
8.1190,4.40
8.1195,5.02
8.1200,1.81
8.1205,9.33
8.1210,6.16
8.1215,-8.04
8.1220,5.53
8.1225,13.66
8.1230,8.14
8.1235,-6.32
8.1240,0.75
8.1245,2.91
8.1250,0.51
8.1255,3.29
8.1260,1.31
8.1265,-1.19
8.1270,2.43
8.1275,7.81
8.1280,13.25
8.1285,-7.19
8.1290,7.25
8.1295,-6.33
8.1300,1.74
8.1305,10.29
8.1310,-5.51
8.1315,-3.42
8.1320,-3.72
8.1325,0.89
8.1330,8.83
8.1335,0.71
8.1340,-7.77
8.1345,5.06
8.1350,8.70
8.1355,18.17
8.1360,21.65
8.1365,-18.87
8.1370,-0.97
8.1375,15.02
8.1380,-2.25
8.1385,-9.65
8.1390,-3.52
8.1395,3.78
8.1400,-9.15
8.1405,10.44
8.1410,-3.37
8.1415,10.15
8.1420,-0.97
8.1425,8.19
8.1430,-6.67
8.1435,1.79
8.1440,-5.85
8.1445,-3.94
8.1450,2.69
8.1455,11.58
8.1460,3.16
8.1465,7.76
8.1470,1.54
8.1475,-1.60
8.1480,-1.48
8.1485,-7.52
8.1490,-1.41
8.1495,-0.29
8.1500,4.19
8.1505,0.55
8.1510,-10.56
8.1515,8.63
8.1520,-5.80
8.1525,1.30
8.1530,11.38
8.1535,1.86
8.1540,3.11
8.1545,1.11
8.1550,-9.04
8.1555,3.03
8.1560,-2.53
8.1565,-0.47
8.1570,12.05
8.1575,-5.29
8.1580,-9.74
8.1585,15.27
8.1590,-12.06
8.1595,-2.37
8.1600,5.82
8.1605,0.93
8.1610,-2.73
8.1615,-2.77
8.1620,8.77
8.1625,-0.10
8.1630,-8.58
8.1635,13.95
8.1640,-11.32
8.1645,1.48
8.1650,-5.62
8.1655,12.23
8.1660,-1.19
8.1665,3.71
8.1670,-0.85
8.1675,-16.82
8.1680,2.54
8.1685,-4.99
8.1690,3.25
8.1695,-9.86
8.1700,-4.98
8.1705,3.74
8.1710,-2.25
8.1715,1.27
8.1720,-24.48
8.1725,8.89
8.1730,-1.30
8.1735,5.86
8.1740,-16.82
8.1745,-2.14
8.1750,-5.05
8.1755,3.96
8.1760,-6.91
8.1765,-11.42
8.1770,-11.25
8.1775,5.32
8.1780,-5.39
8.1785,10.87
8.1790,5.98
8.1795,-12.77
8.1800,13.16
8.1805,-2.01
8.1810,-6.89
8.1815,-0.52
8.1820,3.08
8.1825,-6.36
8.1830,-2.35
8.1835,-1.66
8.1840,1.86
8.1845,-5.31
8.1850,-6.95
8.1855,1.37
8.1860,-12.84
8.1865,9.35
8.1870,-0.56
8.1875,4.39
8.1880,-15.23
8.1885,0.33
8.1890,-1.61
8.1895,-13.01
8.1900,-3.85
8.1905,-3.22
8.1910,0.08
8.1915,-5.44
8.1920,4.73
8.1925,1.61
8.1930,-6.64
8.1935,-7.05
8.1940,-15.40
8.1945,9.85
8.1950,-14.16
8.1955,-13.23
8.1960,1.89
8.1965,-4.27
8.1970,2.00
8.1975,-5.27
8.1980,9.62
8.1985,-8.58
8.1990,3.09
8.1995,0.77
8.2000,13.87
8.2005,8.38
8.2010,-4.65
8.2015,-0.62
8.2020,8.31
8.2025,0.48
8.2030,-12.19
8.2035,-9.85
8.2040,1.48
8.2045,-9.47
8.2050,-2.75
8.2055,6.08
8.2060,-0.18
8.2065,9.44
8.2070,-1.38
8.2075,3.97
8.2080,7.29
8.2085,-1.84
8.2090,-5.26
8.2095,-3.47
8.2100,-5.05
8.2105,21.06
8.2110,1.42
8.2115,0.71
8.2120,-15.86
8.2125,0.69
8.2130,5.02
8.2135,-7.70
8.2140,3.87
8.2145,-5.97
8.2150,-0.40
8.2155,-12.96
8.2160,-5.71
8.2165,-19.76
8.2170,8.04
8.2175,-3.79
8.2180,1.81
8.2185,-6.38
8.2190,10.70
8.2195,-12.06
8.2200,-3.64
8.2205,8.17
8.2210,-9.16
8.2215,-1.47
8.2220,-12.73
8.2225,-4.30
8.2230,-0.66
8.2235,1.27
8.2240,-1.03
8.2245,-6.48
8.2250,-1.34
8.2255,-15.17
8.2260,-5.15
8.2265,-3.61
8.2270,2.22
8.2275,72.26
8.2280,53.10
8.2285,23.72
8.2290,-5.78
8.2295,-13.68
8.2300,-32.01
8.2305,-25.83
8.2310,13.36
8.2315,-9.10
8.2320,-8.96
8.2325,-6.43
8.2330,-11.56
8.2335,11.07
8.2340,-6.77
8.2345,-6.48
8.2350,7.04
8.2355,-4.86
8.2360,3.47
8.2365,1.01
8.2370,-2.98
8.2375,-18.32
8.2380,-8.14
8.2385,-1.29
8.2390,0.18
8.2395,-2.52
8.2400,-9.26
8.2405,22.08
8.2410,-14.26
8.2415,-2.54
8.2420,-7.53
8.2425,-3.29
8.2430,-1.61
8.2435,-17.27
8.2440,-1.13
8.2445,-5.18
8.2450,-25.29
8.2455,-1.87
8.2460,-5.66
8.2465,-13.04
8.2470,3.95
8.2475,10.04
8.2480,9.75
8.2485,-5.27
8.2490,-11.60
8.2495,-9.05
8.2500,-12.51
8.2505,-13.99
8.2510,-5.11
8.2515,5.93
8.2520,-15.71
8.2525,-16.66
8.2530,-9.37
8.2535,-11.53
8.2540,-8.95
8.2545,-7.28
8.2550,4.24
8.2555,-12.86
8.2560,-15.14
8.2565,-4.09
8.2570,1.71
8.2575,-5.18
8.2580,2.32
8.2585,-17.29
8.2590,-9.31
8.2595,-8.83
8.2600,-4.72
8.2605,-2.21
8.2610,12.81
8.2615,-2.37
8.2620,6.03
8.2625,-16.06
8.2630,1.27
8.2635,1.48
8.2640,-12.37
8.2645,-5.39
8.2650,-12.47
8.2655,-11.41
8.2660,2.44
8.2665,4.94
8.2670,3.72
8.2675,-14.29
8.2680,-5.70
8.2685,-11.71
8.2690,-6.35
8.2695,2.31
8.2700,-14.52
8.2705,-15.09
8.2710,1.78
8.2715,3.27
8.2720,-5.35
8.2725,12.35
8.2730,2.31
8.2735,-13.96
8.2740,3.43
8.2745,4.55
8.2750,-1.14
8.2755,-8.80
8.2760,4.80
8.2765,-17.26
8.2770,-10.10
8.2775,-15.24
8.2780,1.33
8.2785,8.56
8.2790,3.03
8.2795,-20.58
8.2800,-10.61
8.2805,-7.44
8.2810,9.34
8.2815,3.36
8.2820,-4.59
8.2825,-9.86
8.2830,-0.87
8.2835,8.64
8.2840,4.87
8.2845,7.98
8.2850,-7.32
8.2855,2.34
8.2860,-8.28
8.2865,13.37
8.2870,-9.59
8.2875,-9.55
8.2880,3.53
8.2885,-8.55
8.2890,-5.90
8.2895,19.06
8.2900,-15.51
8.2905,-7.59
8.2910,-9.98
8.2915,1.73
8.2920,-6.70
8.2925,-13.27
8.2930,-14.08
8.2935,-7.59
8.2940,-5.67
8.2945,-12.13
8.2950,0.80
8.2955,-9.41
8.2960,6.61
8.2965,86.90
8.2970,39.85
8.2975,2.11
8.2980,-10.04
8.2985,-30.48
8.2990,-23.34
8.2995,-15.47
8.3000,-14.04
8.3005,0.83
8.3010,11.62
8.3015,-3.65
8.3020,-0.22
8.3025,-4.13
8.3030,-5.49
8.3035,1.66
8.3040,1.21
8.3045,-2.05
8.3050,-3.79
8.3055,-3.93
8.3060,-1.00
8.3065,-2.82
8.3070,-10.03
8.3075,-2.61
8.3080,-2.60
8.3085,2.48
8.3090,20.42
8.3095,-3.93
8.3100,3.63
8.3105,-3.87
8.3110,1.79
8.3115,-4.34
8.3120,1.89
8.3125,14.77
8.3130,-12.54
8.3135,18.89
8.3140,-24.72
8.3145,2.15
8.3150,-11.62
8.3155,1.18
8.3160,-1.42
8.3165,8.64
8.3170,6.68
8.3175,-15.12
8.3180,6.49
8.3185,4.58
8.3190,-3.42
8.3195,-0.63
8.3200,0.80
8.3205,-5.14
8.3210,-7.22
8.3215,3.17
8.3220,-2.49
8.3225,-0.26
8.3230,7.53
8.3235,9.44
8.3240,-6.55
8.3245,10.63
8.3250,1.06
8.3255,2.39
8.3260,7.69
8.3265,-2.15
8.3270,-3.27
8.3275,8.85
8.3280,6.24
8.3285,-5.52
8.3290,-0.34
8.3295,3.01
8.3300,-0.83
8.3305,3.86
8.3310,3.48
8.3315,8.64
8.3320,0.76
8.3325,11.06
8.3330,-3.13
8.3335,0.44
8.3340,0.34
8.3345,6.66
8.3350,6.68
8.3355,7.61
8.3360,-5.33
8.3365,-3.67
8.3370,12.80
8.3375,-4.60
8.3380,4.91
8.3385,-10.91
8.3390,1.58
8.3395,-9.32
8.3400,-3.20
8.3405,4.50
8.3410,0.64
8.3415,-2.18
8.3420,8.58
8.3425,-6.64
8.3430,11.95
8.3435,3.78
8.3440,-1.46
8.3445,-9.54
8.3450,16.60
8.3455,-4.77
8.3460,-9.58
8.3465,6.05
8.3470,1.30
8.3475,5.32
8.3480,-13.12
8.3485,2.02
8.3490,7.43
8.3495,5.38
8.3500,-4.80
8.3505,12.84
8.3510,1.52
8.3515,15.06
8.3520,2.99
8.3525,-6.57
8.3530,-1.39
8.3535,0.00
8.3540,-8.46
8.3545,-1.41
8.3550,6.27
8.3555,-8.94
8.3560,5.87
8.3565,6.03
8.3570,0.95
8.3575,-4.10
8.3580,-1.99
8.3585,6.05
8.3590,-11.63
8.3595,-9.54
8.3600,5.76
8.3605,13.33
8.3610,0.82
8.3615,-11.96
8.3620,1.00
8.3625,-0.26
8.3630,1.86
8.3635,-8.86
8.3640,7.90
8.3645,-3.46
8.3650,14.09
8.3655,6.37
8.3660,8.91
8.3665,6.16
8.3670,0.20
8.3675,-1.73
8.3680,7.36
8.3685,1.35
8.3690,4.39
8.3695,6.82
8.3700,11.30
8.3705,-10.47
8.3710,1.66
8.3715,8.74
8.3720,11.87
8.3725,3.06
8.3730,8.04
8.3735,0.85
8.3740,2.27
8.3745,15.97
8.3750,-0.28
8.3755,-5.46
8.3760,13.44
8.3765,3.53
8.3770,-4.04
8.3775,9.63
8.3780,-0.41
8.3785,1.93
8.3790,5.43
8.3795,-4.57
8.3800,3.98
8.3805,1.37
8.3810,-6.64
8.3815,5.77
8.3820,3.86
8.3825,10.97
8.3830,9.99
8.3835,0.97
8.3840,-0.39
8.3845,19.65
8.3850,5.84
8.3855,6.18
8.3860,-1.01
8.3865,9.62
8.3870,3.47
8.3875,3.17
8.3880,1.19
8.3885,0.07
8.3890,-12.49
8.3895,15.06
8.3900,-0.71
8.3905,0.44
8.3910,10.19
8.3915,-5.87
8.3920,0.51
8.3925,11.83
8.3930,-2.49
8.3935,6.41
8.3940,-0.65
8.3945,-0.47
8.3950,2.50
8.3955,8.84
8.3960,-4.77
8.3965,-10.09
8.3970,-7.42
8.3975,2.48
8.3980,8.29
8.3985,3.31
8.3990,0.73
8.3995,23.11
8.4000,10.60
8.4005,-0.43
8.4010,6.84
8.4015,14.58
8.4020,-0.09
8.4025,-4.13
8.4030,14.43
8.4035,3.50
8.4040,12.62
8.4045,6.97
8.4050,13.06
8.4055,5.95
8.4060,11.98
8.4065,11.63
8.4070,3.08
8.4075,-9.31
8.4080,4.10
8.4085,1.97
8.4090,17.17
8.4095,5.03
8.4100,-4.30
8.4105,12.71
8.4110,20.40
8.4115,0.16
8.4120,9.30
8.4125,1.85
8.4130,-4.22
8.4135,-4.00
8.4140,7.38
8.4145,3.92
8.4150,-3.26
8.4155,4.63
8.4160,-2.24
8.4165,0.96
8.4170,-0.62
8.4175,7.96
8.4180,-12.02
8.4185,0.79
8.4190,2.14
8.4195,-4.50
8.4200,-1.55
8.4205,-0.50
8.4210,-0.50
8.4215,6.89
8.4220,17.39
8.4225,7.63
8.4230,8.22
8.4235,10.15
8.4240,-4.15
8.4245,3.78
8.4250,17.27
8.4255,-5.75
8.4260,17.39
8.4265,5.76
8.4270,-9.07
8.4275,18.30
8.4280,11.90
8.4285,11.25
8.4290,-8.08
8.4295,2.33
8.4300,0.66
8.4305,12.35
8.4310,-4.40
8.4315,-2.77
8.4320,24.02
8.4325,-0.45
8.4330,10.41
8.4335,-0.26
8.4340,1.50
8.4345,5.73
8.4350,-1.93
8.4355,7.23
8.4360,5.27
8.4365,14.39
8.4370,-1.05
8.4375,-3.54
8.4380,9.01
8.4385,7.70
8.4390,9.99
8.4395,0.36
8.4400,-4.89
8.4405,0.28
8.4410,-6.16
8.4415,5.11
8.4420,8.14
8.4425,23.63
8.4430,-2.81
8.4435,-0.61
8.4440,14.23
8.4445,1.83
8.4450,0.62
8.4455,4.34
8.4460,-0.41
8.4465,13.76
8.4470,9.06
8.4475,6.10
8.4480,-0.71
8.4485,4.63
8.4490,5.85
8.4495,11.29
8.4500,-2.37
8.4505,0.54
8.4510,9.20
8.4515,-1.06
8.4520,11.39
8.4525,-3.67
8.4530,9.97
8.4535,5.06
8.4540,-2.88
8.4545,14.93
8.4550,8.48
8.4555,12.38
8.4560,11.35
8.4565,7.47
8.4570,14.59
8.4575,12.28
8.4580,14.96
8.4585,8.72
8.4590,-0.34
8.4595,3.01
8.4600,3.75
8.4605,-4.60
8.4610,1.96
8.4615,3.83
8.4620,-2.08
8.4625,4.90
8.4630,-4.80
8.4635,1.54
8.4640,-7.81
8.4645,-18.94
8.4650,0.24
8.4655,-0.94
8.4660,0.50
8.4665,-2.78
8.4670,17.03
8.4675,13.75
8.4680,-3.07
8.4685,6.04
8.4690,-5.85
8.4695,3.75
8.4700,0.65
8.4705,20.12
8.4710,-0.77
8.4715,4.27
8.4720,-2.25
8.4725,4.08
8.4730,5.11
8.4735,-5.13
8.4740,5.48
8.4745,0.07
8.4750,3.92
8.4755,4.09
8.4760,-2.32
8.4765,-7.14
8.4770,8.87
8.4775,1.41
8.4780,-2.38
8.4785,4.50
8.4790,-0.51
8.4795,-9.43
8.4800,8.29
8.4805,8.05
8.4810,6.05
8.4815,-0.17
8.4820,16.48
8.4825,-1.75
8.4830,18.78
8.4835,7.19
8.4840,3.42
8.4845,-4.40
8.4850,3.12
8.4855,-10.42
8.4860,-7.34
8.4865,1.97
8.4870,6.11
8.4875,-0.64
8.4880,4.84
8.4885,0.73
8.4890,10.19
8.4895,4.10
8.4900,-0.92
8.4905,-7.25
8.4910,4.76
8.4915,-11.49
8.4920,4.88
8.4925,-0.95
8.4930,5.52
8.4935,-7.22
8.4940,-0.12
8.4945,19.47
8.4950,0.33
8.4955,-1.03
8.4960,-2.17
8.4965,8.44
8.4970,6.78
8.4975,10.04
8.4980,-4.03
8.4985,6.23
8.4990,5.69
8.4995,-6.18
8.5000,8.20
8.5005,5.88
8.5010,-1.43
8.5015,-14.80
8.5020,3.30
8.5025,-7.64
8.5030,7.67
8.5035,0.06
8.5040,-14.80
8.5045,-8.05
8.5050,5.09
8.5055,-1.77
8.5060,14.01
8.5065,-6.38
8.5070,17.01
8.5075,-6.80
8.5080,0.69
8.5085,-4.21
8.5090,-6.31
8.5095,-10.61
8.5100,-2.40
8.5105,8.08
8.5110,-1.99
8.5115,-15.75
8.5120,-0.20
8.5125,11.10
8.5130,-12.69
8.5135,-1.15
8.5140,10.40
8.5145,-5.54
8.5150,-2.94
8.5155,0.93
8.5160,-0.36
8.5165,3.22
8.5170,-23.78
8.5175,-0.78
8.5180,-13.74
8.5185,-6.73
8.5190,-17.03
8.5195,9.16
8.5200,-6.80
8.5205,8.28
8.5210,0.95
8.5215,-1.46
8.5220,-0.91
8.5225,-4.86
8.5230,0.77
8.5235,12.54
8.5240,-0.63
8.5245,12.46
8.5250,5.72
8.5255,-16.23
8.5260,-3.07
8.5265,-7.92
8.5270,-7.07
8.5275,-7.38
8.5280,-12.33
8.5285,-5.02
8.5290,-19.13
8.5295,2.97
8.5300,-1.09
8.5305,-11.36
8.5310,-4.72
8.5315,-8.80
8.5320,2.28
8.5325,-4.18
8.5330,-1.26
8.5335,-15.36
8.5340,1.07
8.5345,-2.66
8.5350,-7.17
8.5355,-15.18
8.5360,-7.93
8.5365,0.19
8.5370,3.38
8.5375,5.43
8.5380,15.66
8.5385,6.12
8.5390,-13.40
8.5395,8.64
8.5400,-0.04
8.5405,5.76
8.5410,-3.65
8.5415,-8.32
8.5420,-11.93
8.5425,-7.88
8.5430,5.48
8.5435,7.56
8.5440,0.47
8.5445,-15.54
8.5450,-1.54
8.5455,8.47
8.5460,3.74
8.5465,3.73
8.5470,-3.18
8.5475,-3.48
8.5480,0.58
8.5485,-0.52
8.5490,0.60
8.5495,-3.10
8.5500,-1.22
8.5505,-0.30
8.5510,-8.78
8.5515,-12.08
8.5520,-7.16
8.5525,-4.87
8.5530,12.83
8.5535,-0.51
8.5540,-9.36
8.5545,-2.90
8.5550,-4.84
8.5555,8.89
8.5560,2.17
8.5565,-3.48
8.5570,4.31
8.5575,9.01
8.5580,-0.98
8.5585,-12.46
8.5590,-16.06
8.5595,-14.63
8.5600,-1.61
8.5605,-18.42
8.5610,-13.02
8.5615,-5.28
8.5620,-11.22
8.5625,2.40
8.5630,12.62
8.5635,-13.24
8.5640,-6.77
8.5645,-8.49
8.5650,-4.02
8.5655,2.61
8.5660,-1.32
8.5665,-1.07
8.5670,-1.64
8.5675,-3.59
8.5680,-8.41
8.5685,-1.33
8.5690,-1.45
8.5695,-0.94
8.5700,-5.43
8.5705,-2.39
8.5710,-0.82
8.5715,1.83
8.5720,-14.29
8.5725,-4.34
8.5730,-5.06
8.5735,-0.81
8.5740,-0.54
8.5745,-15.29
8.5750,2.47
8.5755,-10.76
8.5760,-5.69
8.5765,-8.74
8.5770,-10.81
8.5775,-14.79
8.5780,-24.14
8.5785,-7.88
8.5790,-22.13
8.5795,-6.55
8.5800,-6.20
8.5805,-7.60
8.5810,-3.14
8.5815,2.01
8.5820,9.84
8.5825,-19.86
8.5830,-7.35
8.5835,-5.47
8.5840,-3.47
8.5845,-14.39
8.5850,-12.82
8.5855,5.17
8.5860,0.79
8.5865,7.55
8.5870,-7.47
8.5875,7.41
8.5880,-1.24
8.5885,-21.41
8.5890,-9.58
8.5895,-1.82
8.5900,-14.67
8.5905,0.48
8.5910,2.86
8.5915,-4.51
8.5920,-7.85
8.5925,-2.89
8.5930,-9.45
8.5935,-9.25
8.5940,-1.84
8.5945,-5.93
8.5950,-0.52
8.5955,4.78
8.5960,-7.30
8.5965,-9.16
8.5970,-6.51
8.5975,73.87
8.5980,48.86
8.5985,24.32
8.5990,-6.08
8.5995,-16.43
8.6000,-30.89
8.6005,-25.05
8.6010,-11.01
8.6015,-12.38
8.6020,-10.68
8.6025,-3.49
8.6030,0.47
8.6035,1.98
8.6040,0.06
8.6045,-15.97
8.6050,0.55
8.6055,-2.51
8.6060,1.15
8.6065,1.88
8.6070,-8.34
8.6075,-20.83
8.6080,-6.19
8.6085,-5.08
8.6090,-10.26
8.6095,14.21
8.6100,-18.90
8.6105,-16.22
8.6110,-5.87
8.6115,-7.59
8.6120,-8.61
8.6125,-13.42
8.6130,-0.27
8.6135,-1.54
8.6140,4.06
8.6145,16.68
8.6150,-1.17
8.6155,-14.95
8.6160,-14.45
8.6165,-11.02
8.6170,4.35
8.6175,14.80
8.6180,-1.55
8.6185,-11.17
8.6190,-6.57
8.6195,-3.03
8.6200,14.52
8.6205,-6.46
8.6210,-8.99
8.6215,-5.83
8.6220,-5.04
8.6225,16.66
8.6230,2.17
8.6235,-17.91
8.6240,-9.42
8.6245,-18.27
8.6250,-4.78
8.6255,-1.56
8.6260,9.17
8.6265,4.58
8.6270,-10.40
8.6275,-7.31
8.6280,8.53
8.6285,1.07
8.6290,8.52
8.6295,-6.86
8.6300,5.18
8.6305,0.19
8.6310,-1.68
8.6315,-12.68
8.6320,-4.47
8.6325,-9.70
8.6330,4.45
8.6335,-4.35
8.6340,-8.43
8.6345,-10.40
8.6350,1.04
8.6355,-4.09
8.6360,16.07
8.6365,3.18
8.6370,1.37
8.6375,0.08
8.6380,-1.23
8.6385,5.12
8.6390,0.78
8.6395,-14.52
8.6400,-2.74
8.6405,-4.61
8.6410,2.44
8.6415,-1.86
8.6420,-3.43
8.6425,-4.13
8.6430,-4.78
8.6435,-16.62
8.6440,-2.01
8.6445,1.35
8.6450,-12.80
8.6455,-13.27
8.6460,0.63
8.6465,9.84
8.6470,5.20
8.6475,-5.01
8.6480,9.49
8.6485,-14.39
8.6490,4.96
8.6495,2.23
8.6500,5.67
8.6505,-3.95
8.6510,-9.70
8.6515,-7.18
8.6520,-5.94
8.6525,8.89
8.6530,-15.30
8.6535,3.31
8.6540,6.53
8.6545,2.89
8.6550,1.77
8.6555,-20.02
8.6560,-0.91
8.6565,-2.92
8.6570,-13.17
8.6575,6.53
8.6580,-5.90
8.6585,2.34
8.6590,6.67
8.6595,5.32
8.6600,5.05
8.6605,-9.89
8.6610,10.99
8.6615,24.22
8.6620,9.76
8.6625,-2.05
8.6630,-7.91
8.6635,-5.29
8.6640,-10.06
8.6645,1.33
8.6650,-0.89
8.6655,7.58
8.6660,-3.13
8.6665,-2.38
8.6670,-2.81
8.6675,-13.54
8.6680,-6.92
8.6685,-14.47
8.6690,9.35
8.6695,18.30
8.6700,9.08
8.6705,-1.31
8.6710,2.48
8.6715,0.64
8.6720,3.70
8.6725,-21.19
8.6730,-5.32
8.6735,3.38
8.6740,-9.63
8.6745,19.57
8.6750,4.65
8.6755,-5.44
8.6760,2.59
8.6765,4.72
8.6770,5.59
8.6775,10.22
8.6780,-4.96
8.6785,-8.07
8.6790,-5.24
8.6795,13.73
8.6800,-19.40
8.6805,14.25
8.6810,15.82
8.6815,11.44
8.6820,5.17
8.6825,6.88
8.6830,5.99
8.6835,7.12
8.6840,5.51
8.6845,2.05
8.6850,20.81
8.6855,3.05
8.6860,-5.73
8.6865,6.45
8.6870,-8.27
8.6875,3.19
8.6880,-8.69
8.6885,-1.18
8.6890,20.55
8.6895,-8.61
8.6900,2.59
8.6905,16.79
8.6910,-3.47
8.6915,17.13
8.6920,-17.07
8.6925,-1.79
8.6930,7.29
8.6935,-4.32
8.6940,1.29
8.6945,1.62
8.6950,9.09
8.6955,4.89
8.6960,1.69
8.6965,8.28
8.6970,9.38
8.6975,8.84
8.6980,-0.56
8.6985,7.51
8.6990,-1.45
8.6995,-10.05
8.7000,-9.40
8.7005,-1.87
8.7010,0.67
8.7015,23.46
8.7020,-17.47
8.7025,14.82
8.7030,13.70
8.7035,3.07
8.7040,9.73
8.7045,-9.42
8.7050,6.50
8.7055,5.61
8.7060,-10.79
8.7065,-4.38
8.7070,-8.88
8.7075,7.09
8.7080,5.52
8.7085,-2.85
8.7090,7.98
8.7095,-1.49
8.7100,0.29
8.7105,-3.29
8.7110,5.69
8.7115,3.32
8.7120,11.89
8.7125,1.51
8.7130,6.00
8.7135,-9.22
8.7140,12.94
8.7145,-10.08
8.7150,10.80
8.7155,1.75
8.7160,2.19
8.7165,-0.59
8.7170,9.33
8.7175,20.15
8.7180,-7.57
8.7185,-0.95
8.7190,2.66
8.7195,5.67
8.7200,1.39
8.7205,-5.82
8.7210,4.25
8.7215,10.90
8.7220,9.72
8.7225,6.57
8.7230,14.04
8.7235,18.02
8.7240,-3.83
8.7245,-1.70
8.7250,3.99
8.7255,6.07
8.7260,-6.27
8.7265,5.31
8.7270,7.87
8.7275,4.78
8.7280,-8.74
8.7285,11.70
8.7290,3.85
8.7295,2.98
8.7300,-4.50
8.7305,9.76
8.7310,7.65
8.7315,-12.63
8.7320,6.72
8.7325,11.79
8.7330,1.96
8.7335,9.69
8.7340,8.76
8.7345,-0.31
8.7350,-8.23
8.7355,-13.50
8.7360,13.90
8.7365,0.71
8.7370,-7.29
8.7375,11.22
8.7380,21.83
8.7385,3.27
8.7390,15.41
8.7395,-1.71
8.7400,7.42
8.7405,2.21
8.7410,18.45
8.7415,7.88
8.7420,11.18
8.7425,4.56
8.7430,6.02
8.7435,8.73
8.7440,-5.28
8.7445,11.87
8.7450,11.33
8.7455,5.04
8.7460,9.17
8.7465,-6.38
8.7470,0.23
8.7475,1.39
8.7480,6.84
8.7485,13.76
8.7490,5.11
8.7495,5.64
8.7500,3.78
8.7505,20.11
8.7510,1.79
8.7515,10.06
8.7520,1.84
8.7525,12.12
8.7530,0.71
8.7535,18.21
8.7540,-10.08
8.7545,-4.71
8.7550,16.24
8.7555,0.54
8.7560,20.31
8.7565,3.00
8.7570,15.08
8.7575,4.60
8.7580,4.44
8.7585,8.33
8.7590,12.12
8.7595,-0.69
8.7600,8.91
8.7605,-6.05
8.7610,4.92
8.7615,6.29
8.7620,4.39
8.7625,-5.75
8.7630,-0.97
8.7635,13.98
8.7640,20.42
8.7645,-2.93
8.7650,6.05
8.7655,9.69
8.7660,9.48
8.7665,4.47
8.7670,6.35
8.7675,5.84
8.7680,7.17
8.7685,-1.41
8.7690,15.31
8.7695,7.62
8.7700,3.11
8.7705,7.81
8.7710,9.18
8.7715,1.44
8.7720,11.08
8.7725,0.33
8.7730,-2.69
8.7735,5.69
8.7740,10.74
8.7745,-19.87
8.7750,5.85
8.7755,2.39
8.7760,19.47
8.7765,14.12
8.7770,3.40
8.7775,7.51
8.7780,14.26
8.7785,3.16
8.7790,-8.09
8.7795,1.47
8.7800,4.70
8.7805,2.41
8.7810,21.44
8.7815,-2.15
8.7820,21.36
8.7825,4.88
8.7830,6.27
8.7835,14.86
8.7840,9.23
8.7845,12.59
8.7850,9.02
8.7855,-1.76
8.7860,11.45
8.7865,-3.16
8.7870,4.98
8.7875,13.07
8.7880,1.50
8.7885,6.33
8.7890,-7.68
8.7895,10.61
8.7900,14.47
8.7905,10.15
8.7910,11.25
8.7915,0.07
8.7920,9.55
8.7925,1.86
8.7930,13.74
8.7935,13.98
8.7940,5.82
8.7945,0.38
8.7950,10.54
8.7955,-21.89
8.7960,-1.36
8.7965,-0.29
8.7970,2.92
8.7975,-8.11
8.7980,15.27
8.7985,-9.30
8.7990,15.41
8.7995,-0.78
8.8000,6.30
8.8005,10.38
8.8010,6.03
8.8015,-0.87
8.8020,15.14
8.8025,-3.26
8.8030,-1.56
8.8035,0.21
8.8040,-11.49
8.8045,-11.40
8.8050,1.68
8.8055,-4.51
8.8060,7.85
8.8065,16.69
8.8070,2.13
8.8075,1.61
8.8080,3.79
8.8085,-0.01
8.8090,2.94
8.8095,14.04
8.8100,4.62
8.8105,6.20
8.8110,12.23
8.8115,1.28
8.8120,-5.63
8.8125,-9.18
8.8130,11.97
8.8135,4.17
8.8140,4.44
8.8145,-4.32
8.8150,11.40
8.8155,-4.27
8.8160,-13.85
8.8165,-5.56
8.8170,-5.73
8.8175,-3.18
8.8180,-15.38
8.8185,19.19
8.8190,8.43
8.8195,-6.49
8.8200,7.00
8.8205,1.30
8.8210,4.82
8.8215,16.23
8.8220,16.59
8.8225,16.53
8.8230,-10.27
8.8235,-2.01
8.8240,1.26
8.8245,1.36
8.8250,1.48
8.8255,-2.96
8.8260,5.07
8.8265,-4.56
8.8270,9.88
8.8275,-20.62
8.8280,15.75
8.8285,1.24
8.8290,4.11
8.8295,-3.03
8.8300,-10.03
8.8305,2.63
8.8310,-6.43
8.8315,3.81
8.8320,-2.17
8.8325,-9.98
8.8330,-0.16
8.8335,-1.24
8.8340,3.45
8.8345,-8.45
8.8350,-6.10
8.8355,4.31
8.8360,-6.55
8.8365,-5.90
8.8370,10.57
8.8375,2.55
8.8380,-6.55
8.8385,-8.15
8.8390,-4.03
8.8395,9.44
8.8400,-5.70
8.8405,-2.69
8.8410,-10.34
8.8415,-3.13
8.8420,-4.41
8.8425,-13.31
8.8430,3.48
8.8435,-3.71
8.8440,-9.02
8.8445,-0.33
8.8450,-8.61
8.8455,-1.36
8.8460,4.35
8.8465,11.13
8.8470,-8.87
8.8475,5.89
8.8480,2.38
8.8485,-6.57
8.8490,2.08
8.8495,15.82
8.8500,4.17
8.8505,-12.67
8.8510,14.28
8.8515,16.71
8.8520,-11.44
8.8525,1.98
8.8530,4.09
8.8535,-6.00
8.8540,3.65
8.8545,-5.99
8.8550,-4.00
8.8555,-12.01
8.8560,17.99
8.8565,-5.91
8.8570,7.90
8.8575,2.15
8.8580,-13.98
8.8585,-7.94
8.8590,-7.17
8.8595,-12.50
8.8600,-12.77
8.8605,5.23
8.8610,-14.56
8.8615,9.30
8.8620,12.99
8.8625,-12.34
8.8630,1.31
8.8635,-7.00
8.8640,4.21
8.8645,-7.11
8.8650,8.83
8.8655,8.00
8.8660,-8.39
8.8665,1.16
8.8670,-17.44
8.8675,-8.63
8.8680,0.62
8.8685,-1.01
8.8690,-0.17
8.8695,12.16
8.8700,-11.20
8.8705,-8.56
8.8710,-0.52
8.8715,0.14
8.8720,-7.40
8.8725,-9.04
8.8730,-10.69
8.8735,-2.03
8.8740,-13.11
8.8745,-11.07
8.8750,-2.74
8.8755,-5.16
8.8760,-3.21
8.8765,1.01
8.8770,-8.07
8.8775,10.64
8.8780,1.95
8.8785,-0.68
8.8790,-4.10
8.8795,-4.35
8.8800,-2.04
8.8805,5.80
8.8810,-9.87
8.8815,-12.39
8.8820,-8.87
8.8825,-4.41
8.8830,-11.35
8.8835,-2.62
8.8840,-15.26
8.8845,3.05
8.8850,3.34
8.8855,-0.14
8.8860,3.39
8.8865,-10.34
8.8870,8.30
8.8875,-1.61
8.8880,-1.12
8.8885,-8.76
8.8890,-2.10
8.8895,-5.38
8.8900,-2.95
8.8905,-5.40
8.8910,-2.59
8.8915,5.90
8.8920,-17.41
8.8925,0.23
8.8930,-9.67
8.8935,7.52
8.8940,-14.11
8.8945,4.74
8.8950,-3.36
8.8955,0.39
8.8960,-6.81
8.8965,-1.81
8.8970,-6.06
8.8975,-12.54
8.8980,-6.90
8.8985,-6.57
8.8990,-7.09
8.8995,5.29
8.9000,-9.94
8.9005,-14.86
8.9010,4.26
8.9015,-1.68
8.9020,-11.52
8.9025,0.49
8.9030,10.77
8.9035,3.11
8.9040,-0.58
8.9045,11.24
8.9050,-2.61
8.9055,1.46
8.9060,7.97
8.9065,0.49
8.9070,-11.77
8.9075,-4.79
8.9080,-6.48
8.9085,-14.40
8.9090,-9.04
8.9095,-12.85
8.9100,4.49
8.9105,-1.72
8.9110,-1.24
8.9115,9.83
8.9120,-15.88
8.9125,-7.80
8.9130,-7.99
8.9135,-5.82
8.9140,-6.09
8.9145,-14.10
8.9150,0.96
8.9155,-6.93
8.9160,6.77
8.9165,1.31
8.9170,0.48
8.9175,-1.47
8.9180,-17.17
8.9185,-8.52
8.9190,-3.87
8.9195,-20.05
8.9200,-9.82
8.9205,6.86
8.9210,-7.02
8.9215,-0.97
8.9220,-0.18
8.9225,-6.61
8.9230,3.00
8.9235,10.42
8.9240,-6.64
8.9245,9.95
8.9250,-5.70
8.9255,-9.01
8.9260,-7.82
8.9265,5.90
8.9270,2.72
8.9275,-10.16
8.9280,-4.18
8.9285,-22.46
8.9290,7.27
8.9295,3.12
8.9300,-9.16
8.9305,1.88
8.9310,-7.86
8.9315,-11.16
8.9320,1.69
8.9325,-21.60
8.9330,-14.96
8.9335,-4.91
8.9340,-1.53
8.9345,3.43
8.9350,-5.73
8.9355,-2.80
8.9360,10.44
8.9365,-10.08
8.9370,-0.78
8.9375,-25.85
8.9380,-0.81
8.9385,-0.72
8.9390,-5.85
8.9395,6.36
8.9400,-0.95
8.9405,-12.62
8.9410,-10.58
8.9415,-14.47
8.9420,-14.04
8.9425,-0.76
8.9430,4.67
8.9435,0.01
8.9440,-1.36
8.9445,-0.38
8.9450,5.31
8.9455,-11.99
8.9460,-12.85
8.9465,-11.99
8.9470,-4.71
8.9475,9.62
8.9480,-1.34
8.9485,-1.71
8.9490,-5.46
8.9495,11.95
8.9500,-9.26
8.9505,4.99
8.9510,-2.20
8.9515,3.63
8.9520,-5.41
8.9525,0.03
8.9530,-3.73
8.9535,2.09
8.9540,-2.00
8.9545,0.21
8.9550,-2.28
8.9555,-11.07
8.9560,12.12
8.9565,13.00
8.9570,-4.92
8.9575,0.80
8.9580,-5.73
8.9585,-13.54
8.9590,-13.07
8.9595,-17.94
8.9600,2.57
8.9605,-3.22
8.9610,-9.95
8.9615,-5.66
8.9620,-10.58
8.9625,-8.50
8.9630,6.00
8.9635,-15.81
8.9640,1.33
8.9645,-1.71
8.9650,8.62
8.9655,-0.36
8.9660,3.48
8.9665,6.87
8.9670,5.99
8.9675,21.70
8.9680,-1.79
8.9685,-5.15
8.9690,-3.28
8.9695,-9.46
8.9700,7.16
8.9705,19.09
8.9710,2.37
8.9715,3.60
8.9720,-1.34
8.9725,14.11
8.9730,-12.27
8.9735,-5.51
8.9740,-13.21
8.9745,-1.38
8.9750,1.27
8.9755,3.24
8.9760,-2.52
8.9765,8.37
8.9770,-8.97
8.9775,8.02
8.9780,0.70
8.9785,-9.72
8.9790,0.80
8.9795,3.97
8.9800,-0.04
8.9805,0.59
8.9810,0.50
8.9815,2.26
8.9820,11.89
8.9825,-12.25
8.9830,7.94
8.9835,-11.06
8.9840,-6.09
8.9845,-11.15
8.9850,-5.38
8.9855,-0.12
8.9860,-3.98
8.9865,-9.02
8.9870,-1.47
8.9875,5.00
8.9880,5.95
8.9885,13.91
8.9890,-3.18
8.9895,13.76
8.9900,-1.70
8.9905,8.18
8.9910,-4.00
8.9915,-9.27
8.9920,-10.25
8.9925,-8.34
8.9930,1.55
8.9935,-19.44
8.9940,13.29
8.9945,-0.01
8.9950,-6.96
8.9955,-1.45
8.9960,-5.12
8.9965,-2.78
8.9970,-4.46
8.9975,-1.27
8.9980,-0.08
8.9985,11.33
8.9990,-5.29
8.9995,-2.56
9.0000,1.38
9.0005,-3.86
9.0010,-8.16
9.0015,8.44
9.0020,4.56
9.0025,-2.02
9.0030,12.15
9.0035,-5.85
9.0040,1.05
9.0045,15.43
9.0050,14.15
9.0055,-1.29
9.0060,-3.83
9.0065,-7.55
9.0070,4.87
9.0075,-2.60
9.0080,0.20
9.0085,-8.22
9.0090,-5.80
9.0095,-2.40
9.0100,-4.31
9.0105,-1.07
9.0110,-0.81
9.0115,0.32
9.0120,5.42
9.0125,-2.14
9.0130,-11.03
9.0135,-1.32
9.0140,6.50
9.0145,3.79
9.0150,3.07
9.0155,-7.88
9.0160,-2.91
9.0165,-11.37
9.0170,28.76
9.0175,2.61
9.0180,-12.21
9.0185,-3.46
9.0190,1.87
9.0195,13.44
9.0200,3.89
9.0205,6.05
9.0210,-5.49
9.0215,-6.86
9.0220,13.80
9.0225,3.87
9.0230,-0.57
9.0235,-3.36
9.0240,6.80
9.0245,22.69
9.0250,5.56
9.0255,-2.91
9.0260,-5.71
9.0265,-5.02
9.0270,-2.93
9.0275,-1.89
9.0280,-1.77
9.0285,-10.53
9.0290,20.28
9.0295,6.66
9.0300,16.52
9.0305,4.70
9.0310,10.61
9.0315,5.30
9.0320,-7.27
9.0325,11.40
9.0330,15.87
9.0335,24.10
9.0340,5.19
9.0345,-2.13
9.0350,-11.41
9.0355,-5.10
9.0360,4.33
9.0365,-0.92
9.0370,21.14
9.0375,15.62
9.0380,-2.25
9.0385,1.64
9.0390,-4.16
9.0395,3.58
9.0400,7.15
9.0405,9.56
9.0410,1.46
9.0415,2.23
9.0420,-10.00
9.0425,4.21
9.0430,0.95
9.0435,13.32
9.0440,-8.20
9.0445,-6.89
9.0450,-0.53
9.0455,12.40
9.0460,7.92
9.0465,-7.23
9.0470,7.63
9.0475,1.18
9.0480,0.54
9.0485,18.09
9.0490,-15.90
9.0495,17.83
9.0500,10.75
9.0505,10.54
9.0510,12.97
9.0515,1.22
9.0520,12.44
9.0525,5.04
9.0530,2.79
9.0535,6.00
9.0540,-2.29
9.0545,8.73
9.0550,3.94
9.0555,14.22
9.0560,1.62
9.0565,7.76
9.0570,3.76
9.0575,12.03
9.0580,-6.61
9.0585,-11.05
9.0590,3.43
9.0595,7.89
9.0600,-0.73
9.0605,17.76
9.0610,8.27
9.0615,-3.61
9.0620,4.81
9.0625,8.22
9.0630,12.45
9.0635,-8.90
9.0640,18.96
9.0645,8.38
9.0650,-7.59
9.0655,9.28
9.0660,-15.07
9.0665,5.46
9.0670,18.02
9.0675,11.22
9.0680,-1.11
9.0685,1.74
9.0690,-8.07
9.0695,9.66
9.0700,-7.41
9.0705,8.23
9.0710,16.80
9.0715,8.93
9.0720,19.47
9.0725,4.92
9.0730,10.75
9.0735,3.28
9.0740,3.00
9.0745,19.30
9.0750,0.83
9.0755,-5.48
9.0760,-7.66
9.0765,0.23
9.0770,19.52
9.0775,10.97
9.0780,17.68
9.0785,-4.73
9.0790,10.05
9.0795,1.36
9.0800,13.79
9.0805,0.76
9.0810,-4.91
9.0815,-1.85
9.0820,10.09
9.0825,3.62
9.0830,2.80
9.0835,14.61
9.0840,7.32
9.0845,-1.54
9.0850,9.64
9.0855,3.01
9.0860,14.43
9.0865,3.78
9.0870,0.74
9.0875,9.18
9.0880,4.17
9.0885,2.81
9.0890,-9.32
9.0895,-6.52
9.0900,16.98
9.0905,3.47
9.0910,-3.75
9.0915,19.91
9.0920,8.18
9.0925,-7.46
9.0930,20.66
9.0935,5.27
9.0940,-7.00
9.0945,0.46
9.0950,-0.77
9.0955,3.10
9.0960,16.86
9.0965,3.21
9.0970,10.86
9.0975,11.75
9.0980,1.44
9.0985,12.06
9.0990,12.37
9.0995,4.12
9.1000,3.59
9.1005,-1.86
9.1010,-1.56
9.1015,13.83
9.1020,-0.26
9.1025,-6.30
9.1030,12.63
9.1035,0.73
9.1040,23.10
9.1045,-2.99
9.1050,-1.23
9.1055,3.02
9.1060,7.32
9.1065,8.44
9.1070,-2.74
9.1075,2.09
9.1080,9.82
9.1085,0.45
9.1090,3.61
9.1095,-3.23
9.1100,-3.69
9.1105,4.13
9.1110,-6.33
9.1115,-5.62
9.1120,3.71
9.1125,7.66
9.1130,-3.14
9.1135,9.72
9.1140,0.22
9.1145,-10.93
9.1150,11.64
9.1155,1.34
9.1160,13.99
9.1165,25.05
9.1170,-15.11
9.1175,2.16
9.1180,8.28
9.1185,2.07
9.1190,3.35
9.1195,9.07
9.1200,10.01
9.1205,2.34
9.1210,3.81
9.1215,4.82
9.1220,-7.74
9.1225,2.43
9.1230,-3.86
9.1235,2.29
9.1240,4.19
9.1245,-8.20
9.1250,-1.18
9.1255,6.07
9.1260,-0.96
9.1265,16.17
9.1270,12.81
9.1275,3.85
9.1280,-6.49
9.1285,10.32
9.1290,-0.25
9.1295,-5.59
9.1300,18.07
9.1305,15.86
9.1310,4.58
9.1315,5.23
9.1320,0.54
9.1325,5.77
9.1330,1.54
9.1335,-5.07
9.1340,9.41
9.1345,9.64
9.1350,-4.75
9.1355,20.31
9.1360,-0.47
9.1365,12.89
9.1370,6.87
9.1375,13.55
9.1380,-7.09
9.1385,3.50
9.1390,8.12
9.1395,5.37
9.1400,-12.29
9.1405,14.17
9.1410,1.07
9.1415,-5.03
9.1420,12.89
9.1425,10.02
9.1430,7.03
9.1435,6.43
9.1440,-10.21
9.1445,13.95
9.1450,1.88
9.1455,5.31
9.1460,11.31
9.1465,-3.69
9.1470,2.67
9.1475,-2.11
9.1480,-3.01
9.1485,4.34
9.1490,15.44
9.1495,5.72
9.1500,-7.43
9.1505,-13.13
9.1510,6.13
9.1515,7.37
9.1520,-4.62
9.1525,4.00
9.1530,10.93
9.1535,-3.63
9.1540,5.99
9.1545,-7.02
9.1550,-3.68
9.1555,-3.88
9.1560,9.83
9.1565,7.94
9.1570,-11.52
9.1575,5.42
9.1580,1.98
9.1585,-2.93
9.1590,11.94
9.1595,3.66
9.1600,-7.53
9.1605,-12.09
9.1610,-0.59
9.1615,-11.98
9.1620,-5.02
9.1625,-4.87
9.1630,-0.63
9.1635,7.64
9.1640,-2.15
9.1645,6.58
9.1650,4.07
9.1655,-2.98
9.1660,-1.68
9.1665,0.82
9.1670,-1.73
9.1675,3.72
9.1680,-0.50
9.1685,-1.59
9.1690,-8.93
9.1695,3.68
9.1700,-2.64
9.1705,-12.36
9.1710,7.31
9.1715,-8.18
9.1720,-9.93
9.1725,-13.85
9.1730,5.74
9.1735,-19.70
9.1740,-2.60
9.1745,-4.66
9.1750,8.21
9.1755,14.68
9.1760,-9.34
9.1765,3.02
9.1770,-8.77
9.1775,0.28
9.1780,1.20
9.1785,80.14
9.1790,54.46
9.1795,15.09
9.1800,-6.54
9.1805,-21.70
9.1810,-31.60
9.1815,-25.00
9.1820,-2.97
9.1825,-1.74
9.1830,-12.79
9.1835,5.57
9.1840,13.59
9.1845,-9.17
9.1850,7.46
9.1855,-4.70
9.1860,-5.34
9.1865,-12.25
9.1870,0.41
9.1875,-22.43
9.1880,2.31
9.1885,-1.54
9.1890,1.19
9.1895,-2.05
9.1900,-3.79
9.1905,-17.66
9.1910,3.00
9.1915,4.14
9.1920,-3.00
9.1925,-0.30
9.1930,10.07
9.1935,-0.17
9.1940,-20.33
9.1945,-0.28
9.1950,-17.79
9.1955,-0.11
9.1960,5.91
9.1965,-7.20
9.1970,-2.40
9.1975,0.85
9.1980,-1.51
9.1985,13.63
9.1990,7.43
9.1995,-11.63
9.2000,-2.32
9.2005,-5.45
9.2010,-3.70
9.2015,7.44
9.2020,-11.92
9.2025,-9.97
9.2030,-6.42
9.2035,5.08
9.2040,2.48
9.2045,4.05
9.2050,7.20
9.2055,-3.41
9.2060,3.75
9.2065,-0.80
9.2070,-1.04
9.2075,-5.04
9.2080,-6.42
9.2085,-4.42
9.2090,-7.76
9.2095,-17.38
9.2100,-18.02
9.2105,-6.17
9.2110,-5.78
9.2115,-9.39
9.2120,-9.44
9.2125,3.94
9.2130,-3.74
9.2135,-9.20
9.2140,62.39
9.2145,35.36
9.2150,4.70
9.2155,-21.45
9.2160,-34.82
9.2165,-33.68
9.2170,-7.65
9.2175,-5.60
9.2180,0.39
9.2185,1.12
9.2190,4.96
9.2195,-6.86
9.2200,-3.28
9.2205,2.87
9.2210,-10.96
9.2215,-9.56
9.2220,-16.32
9.2225,-9.72
9.2230,-11.65
9.2235,-18.07
9.2240,-4.29
9.2245,-14.99
9.2250,-2.11
9.2255,-14.46
9.2260,-21.51
9.2265,-2.19
9.2270,-1.93
9.2275,8.04
9.2280,-1.04
9.2285,-22.95
9.2290,0.44
9.2295,1.85
9.2300,-8.68
9.2305,-24.19
9.2310,-11.55
9.2315,8.08
9.2320,-4.02
9.2325,6.35
9.2330,6.47
9.2335,-5.74
9.2340,-10.21
9.2345,15.34
9.2350,-1.82
9.2355,-12.90
9.2360,-13.47
9.2365,-0.24
9.2370,-8.81
9.2375,-1.69
9.2380,-6.68
9.2385,1.50
9.2390,47.32
9.2395,63.82
9.2400,25.06
9.2405,-5.21
9.2410,-28.99
9.2415,-47.43
9.2420,-31.61
9.2425,0.17
9.2430,10.21
9.2435,-5.09
9.2440,-9.68
9.2445,0.96
9.2450,-5.38
9.2455,-8.41
9.2460,-1.92
9.2465,-10.71
9.2470,-3.16
9.2475,-1.81
9.2480,-17.94
9.2485,0.48
9.2490,2.86
9.2495,-8.20
9.2500,0.23
9.2505,4.55
9.2510,-8.27
9.2515,-23.12
9.2520,-8.98
9.2525,-10.85
9.2530,0.65
9.2535,-1.88
9.2540,7.97
9.2545,-14.26
9.2550,-2.38
9.2555,-11.30
9.2560,-2.52
9.2565,-5.37
9.2570,-1.35
9.2575,-15.93
9.2580,-11.88
9.2585,-23.87
9.2590,0.74
9.2595,-1.06
9.2600,-1.34
9.2605,-4.07
9.2610,5.51
9.2615,-5.04
9.2620,-1.43
9.2625,-18.19
9.2630,-3.93
9.2635,-6.61
9.2640,-10.86
9.2645,-0.61
9.2650,0.89
9.2655,-5.11
9.2660,-7.21
9.2665,-20.88
9.2670,-5.73
9.2675,8.58
9.2680,2.22
9.2685,34.74
9.2690,58.63
9.2695,25.95
9.2700,-4.98
9.2705,-21.10
9.2710,-30.42
9.2715,-29.30
9.2720,1.30
9.2725,-15.94
9.2730,-2.71
9.2735,5.23
9.2740,-0.56
9.2745,-15.50
9.2750,-3.41
9.2755,0.36
9.2760,-12.83
9.2765,-17.31
9.2770,-10.68
9.2775,-5.43
9.2780,-14.35
9.2785,13.30
9.2790,2.78
9.2795,-5.73
9.2800,-8.75
9.2805,3.13
9.2810,18.67
9.2815,4.51
9.2820,-18.22
9.2825,1.75
9.2830,1.18
9.2835,-5.28
9.2840,-13.33
9.2845,-6.26
9.2850,-4.39
9.2855,-11.70
9.2860,-8.51
9.2865,-10.49
9.2870,-0.96
9.2875,-3.83
9.2880,-4.26
9.2885,6.59
9.2890,-2.18
9.2895,3.14
9.2900,-5.99
9.2905,-2.68
9.2910,0.36
9.2915,-11.43
9.2920,1.44
9.2925,-4.38
9.2930,8.33
9.2935,-14.56
9.2940,16.96
9.2945,-7.39
9.2950,-19.04
9.2955,-2.89
9.2960,2.07
9.2965,-19.30
9.2970,4.79
9.2975,-0.16
9.2980,-13.21
9.2985,-3.78
9.2990,-0.77
9.2995,-9.02
9.3000,-11.59
9.3005,-6.70
9.3010,8.73
9.3015,-7.03
9.3020,-6.01
9.3025,-18.05
9.3030,-7.99
9.3035,4.33
9.3040,4.66
9.3045,0.61
9.3050,-1.85
9.3055,-7.90
9.3060,-3.81
9.3065,9.76
9.3070,-0.64
9.3075,4.26
9.3080,2.46
9.3085,-9.81
9.3090,-4.04
9.3095,-1.11
9.3100,-3.30
9.3105,9.73
9.3110,7.08
9.3115,9.54
9.3120,-12.36
9.3125,-9.29
9.3130,-2.56
9.3135,1.05
9.3140,4.52
9.3145,9.14
9.3150,-1.27
9.3155,4.70
9.3160,-10.27
9.3165,-4.26
9.3170,3.00
9.3175,-2.84
9.3180,-3.53
9.3185,2.91
9.3190,-3.82
9.3195,-15.77
9.3200,0.39
9.3205,6.15
9.3210,0.63
9.3215,-7.65
9.3220,-7.22
9.3225,-3.94
9.3230,-12.64
9.3235,2.44
9.3240,0.82
9.3245,-10.02
9.3250,-26.81
9.3255,-4.00
9.3260,4.51
9.3265,4.59
9.3270,-12.18
9.3275,2.14
9.3280,-20.83
9.3285,-15.28
9.3290,3.37
9.3295,-12.60
9.3300,1.43
9.3305,1.72
9.3310,-6.55
9.3315,-17.76
9.3320,3.03
9.3325,-14.60
9.3330,22.98
9.3335,1.31
9.3340,-2.53
9.3345,12.50
9.3350,-2.78
9.3355,-3.59
9.3360,6.01
9.3365,12.18
9.3370,12.99
9.3375,9.23
9.3380,0.15
9.3385,-2.56
9.3390,8.55
9.3395,15.30
9.3400,11.24
9.3405,-0.85
9.3410,16.49
9.3415,-1.06
9.3420,4.76
9.3425,4.36
9.3430,2.02
9.3435,-4.52
9.3440,-0.72
9.3445,1.89
9.3450,5.29
9.3455,-4.00
9.3460,3.00
9.3465,-5.02
9.3470,1.60
9.3475,2.46
9.3480,-2.21
9.3485,8.61
9.3490,0.49
9.3495,4.69
9.3500,2.16
9.3505,-0.83
9.3510,-8.49
9.3515,-0.36
9.3520,-2.08
9.3525,10.79
9.3530,-11.71
9.3535,3.88
9.3540,2.17
9.3545,-9.21
9.3550,2.66
9.3555,-3.89
9.3560,-22.26
9.3565,17.17
9.3570,-7.92
9.3575,-6.89
9.3580,7.25
9.3585,72.71
9.3590,74.58
9.3595,34.68
9.3600,6.78
9.3605,-9.87
9.3610,-19.28
9.3615,-24.94
9.3620,-6.66
9.3625,2.46
9.3630,8.11
9.3635,-7.82
9.3640,20.72
9.3645,-7.10
9.3650,1.40
9.3655,1.52
9.3660,8.04
9.3665,11.82
9.3670,-2.15
9.3675,6.18
9.3680,-0.23
9.3685,3.31
9.3690,6.20
9.3695,-4.61
9.3700,10.97
9.3705,-7.92
9.3710,-5.25
9.3715,10.96
9.3720,-0.41
9.3725,-0.55
9.3730,2.60
9.3735,1.14
9.3740,18.10
9.3745,8.94
9.3750,-1.75
9.3755,11.25
9.3760,5.68
9.3765,-5.00
9.3770,11.37
9.3775,1.20
9.3780,8.55
9.3785,9.11
9.3790,15.24
9.3795,5.75
9.3800,-4.90
9.3805,1.30
9.3810,7.77
9.3815,-8.04
9.3820,-2.33
9.3825,1.37
9.3830,-4.99
9.3835,1.82
9.3840,10.80
9.3845,-18.73
9.3850,-10.48
9.3855,7.91
9.3860,17.94
9.3865,24.71
9.3870,8.01
9.3875,5.98
9.3880,1.55
9.3885,7.23
9.3890,0.32
9.3895,13.77
9.3900,5.13
9.3905,-3.91
9.3910,3.27
9.3915,3.34
9.3920,0.07
9.3925,2.45
9.3930,-4.48
9.3935,6.39
9.3940,-2.69
9.3945,30.18
9.3950,-3.65
9.3955,6.64
9.3960,14.78
9.3965,-0.69
9.3970,3.75
9.3975,-7.66
9.3980,15.74
9.3985,7.61
9.3990,-10.72
9.3995,7.71
9.4000,0.89
9.4005,3.12
9.4010,-1.60
9.4015,-5.01
9.4020,5.60
9.4025,9.27
9.4030,4.71
9.4035,4.47
9.4040,-0.47
9.4045,1.85
9.4050,6.78
9.4055,-3.59
9.4060,14.61
9.4065,3.51
9.4070,3.98
9.4075,9.40
9.4080,4.59
9.4085,0.73
9.4090,8.63
9.4095,11.23
9.4100,-3.11
9.4105,13.09
9.4110,2.36
9.4115,-4.91
9.4120,14.45
9.4125,22.51
9.4130,19.38
9.4135,23.59
9.4140,11.38
9.4145,-8.69
9.4150,5.66
9.4155,3.29
9.4160,11.43
9.4165,6.33
9.4170,-13.20
9.4175,6.97
9.4180,29.84
9.4185,4.16
9.4190,-1.19
9.4195,3.95
9.4200,-12.49
9.4205,14.67
9.4210,16.89
9.4215,9.09
9.4220,12.98
9.4225,104.10
9.4230,52.99
9.4235,4.09
9.4240,-1.76
9.4245,-12.59
9.4250,-40.77
9.4255,-13.32
9.4260,11.97
9.4265,11.74
9.4270,13.04
9.4275,10.73
9.4280,-1.92
9.4285,12.91
9.4290,8.21
9.4295,10.94
9.4300,8.20
9.4305,-7.27
9.4310,-5.10
9.4315,-2.80
9.4320,-1.31
9.4325,21.59
9.4330,-17.41
9.4335,10.51
9.4340,-3.81
9.4345,13.71
9.4350,-2.35
9.4355,-8.75
9.4360,2.08
9.4365,3.67
9.4370,-6.71
9.4375,8.23
9.4380,4.03
9.4385,17.71
9.4390,-3.32
9.4395,-5.05
9.4400,1.40
9.4405,-9.64
9.4410,4.42
9.4415,6.90
9.4420,-1.85
9.4425,17.39
9.4430,-3.51
9.4435,-4.28
9.4440,3.14
9.4445,-8.93
9.4450,8.34
9.4455,19.69
9.4460,12.45
9.4465,-2.36
9.4470,12.00
9.4475,-6.53
9.4480,2.01
9.4485,-5.87
9.4490,-0.31
9.4495,16.27
9.4500,5.42
9.4505,-11.05
9.4510,8.58
9.4515,-9.30
9.4520,-10.17
9.4525,-5.10
9.4530,8.41
9.4535,-2.67
9.4540,13.30
9.4545,-0.77
9.4550,8.79
9.4555,9.44
9.4560,-15.20
9.4565,1.53
9.4570,1.92
9.4575,6.65
9.4580,10.52
9.4585,7.24
9.4590,4.30
9.4595,8.32
9.4600,7.80
9.4605,7.59
9.4610,10.87
9.4615,-13.07
9.4620,-2.97
9.4625,0.13
9.4630,-1.93
9.4635,8.87
9.4640,4.29
9.4645,1.65
9.4650,9.67
9.4655,-7.80
9.4660,16.49
9.4665,3.41
9.4670,-1.10
9.4675,1.59
9.4680,11.39
9.4685,0.89
9.4690,6.92
9.4695,-2.09
9.4700,-10.36
9.4705,-6.19
9.4710,0.37
9.4715,6.04
9.4720,-1.50
9.4725,13.55
9.4730,11.57
9.4735,-9.46
9.4740,12.03
9.4745,-9.95
9.4750,11.22
9.4755,-2.76
9.4760,2.12
9.4765,13.56
9.4770,-6.91
9.4775,-5.00
9.4780,1.60
9.4785,-8.98
9.4790,-6.39
9.4795,-3.27
9.4800,-0.78
9.4805,-5.91
9.4810,-3.14
9.4815,-4.72
9.4820,3.17
9.4825,3.25
9.4830,-7.36
9.4835,10.79
9.4840,3.43
9.4845,-5.24
9.4850,-4.20
9.4855,6.91
9.4860,-1.93
9.4865,-4.08
9.4870,-6.42
9.4875,3.50
9.4880,0.43
9.4885,11.76
9.4890,16.83
9.4895,-4.17
9.4900,-4.19
9.4905,-3.16
9.4910,8.56
9.4915,-2.72
9.4920,8.32
9.4925,5.76
9.4930,1.94
9.4935,-21.68
9.4940,17.24
9.4945,-6.14
9.4950,0.21
9.4955,-1.89
9.4960,-12.69
9.4965,-18.11
9.4970,13.79
9.4975,1.20
9.4980,-4.29
9.4985,5.26
9.4990,6.61
9.4995,6.11
9.5000,8.78
9.5005,-1.34
9.5010,1.93
9.5015,1.05
9.5020,7.60
9.5025,9.96
9.5030,10.02
9.5035,0.59
9.5040,1.63
9.5045,11.52
9.5050,0.29
9.5055,-2.26
9.5060,3.25
9.5065,7.69
9.5070,7.36
9.5075,-9.31
9.5080,1.36
9.5085,2.00
9.5090,12.13
9.5095,1.89
9.5100,-10.67
9.5105,10.07
9.5110,-1.67
9.5115,4.43
9.5120,-14.93
9.5125,8.63
9.5130,2.12
9.5135,-0.24
9.5140,9.76
9.5145,13.24
9.5150,-0.02
9.5155,7.12
9.5160,-17.35
9.5165,11.24
9.5170,-23.45
9.5175,-7.97
9.5180,-10.89
9.5185,-14.15
9.5190,-4.13
9.5195,-0.31
9.5200,1.67
9.5205,-11.79
9.5210,-5.21
9.5215,7.43
9.5220,-1.02
9.5225,-13.88
9.5230,17.38
9.5235,-9.28
9.5240,1.93
9.5245,8.59
9.5250,7.65
9.5255,-13.22
9.5260,5.89
9.5265,-5.29
9.5270,-0.56
9.5275,-11.54
9.5280,2.52
9.5285,11.17
9.5290,4.31
9.5295,-2.83
9.5300,-8.67
9.5305,-2.57
9.5310,1.77
9.5315,9.60
9.5320,-5.34
9.5325,-4.68
9.5330,-1.59
9.5335,-4.31
9.5340,-11.82
9.5345,6.08
9.5350,0.15
9.5355,13.40
9.5360,2.81
9.5365,-9.31
9.5370,-3.08
9.5375,-3.22
9.5380,3.86
9.5385,-9.35
9.5390,-7.33
9.5395,-8.03
9.5400,6.59
9.5405,8.33
9.5410,6.08
9.5415,-1.80
9.5420,-13.11
9.5425,-1.90
9.5430,-8.76
9.5435,-0.58
9.5440,-2.17
9.5445,-14.57
9.5450,-16.49
9.5455,-2.35
9.5460,-3.44
9.5465,-10.57
9.5470,-3.56
9.5475,6.21
9.5480,-2.38
9.5485,4.11
9.5490,-5.90
9.5495,1.30
9.5500,-10.43
9.5505,9.13
9.5510,-14.43
9.5515,6.10
9.5520,-13.37
9.5525,-6.80
9.5530,7.60
9.5535,-8.34
9.5540,-11.76
9.5545,3.67
9.5550,-1.69
9.5555,-15.51
9.5560,-14.17
9.5565,18.43
9.5570,70.30
9.5575,46.42
9.5580,5.71
9.5585,-30.38
9.5590,-22.33
9.5595,-38.89
9.5600,-4.61
9.5605,-12.59
9.5610,-3.17
9.5615,0.06
9.5620,-7.61
9.5625,5.46
9.5630,1.86
9.5635,-7.01
9.5640,-11.13
9.5645,-9.76
9.5650,-5.10
9.5655,-17.35
9.5660,-3.44
9.5665,-1.08
9.5670,15.89
9.5675,-4.48
9.5680,-2.05
9.5685,-11.22
9.5690,7.52
9.5695,-8.34
9.5700,-12.35
9.5705,2.20
9.5710,-21.64
9.5715,-6.03
9.5720,7.36
9.5725,-2.91
9.5730,11.71
9.5735,-4.57
9.5740,-3.18
9.5745,-12.98
9.5750,-3.52
9.5755,-9.40
9.5760,-17.71
9.5765,8.50
9.5770,-4.59
9.5775,-9.25
9.5780,-18.56
9.5785,5.08
9.5790,-4.12
9.5795,-7.73
9.5800,2.32
9.5805,-5.26
9.5810,16.08
9.5815,59.95
9.5820,33.40
9.5825,-6.02
9.5830,-19.31
9.5835,-32.48
9.5840,-11.22
9.5845,-8.97
9.5850,-11.88
9.5855,-12.50
9.5860,-13.45
9.5865,-8.83
9.5870,1.77
9.5875,-7.49
9.5880,-8.52
9.5885,10.81
9.5890,-9.93
9.5895,-15.54
9.5900,4.93
9.5905,11.74
9.5910,-8.15
9.5915,-5.50
9.5920,-6.05
9.5925,-10.99
9.5930,-9.39
9.5935,-1.64
9.5940,8.42
9.5945,-1.26
9.5950,-11.41
9.5955,-8.51
9.5960,-5.94
9.5965,-2.28
9.5970,-0.26
9.5975,6.52
9.5980,1.59
9.5985,-1.01
9.5990,5.77
9.5995,-14.07
9.6000,13.29
9.6005,-10.11
9.6010,2.82
9.6015,9.13
9.6020,-21.34
9.6025,-1.29
9.6030,-1.84
9.6035,-3.06
9.6040,0.08
9.6045,-9.99
9.6050,-11.55
9.6055,4.54
9.6060,-12.71
9.6065,-2.73
9.6070,-3.75
9.6075,11.83
9.6080,11.14
9.6085,-9.83
9.6090,-9.10
9.6095,-7.82
9.6100,-13.74
9.6105,-2.93
9.6110,-5.72
9.6115,6.51
9.6120,-2.98
9.6125,-3.78
9.6130,0.23
9.6135,-8.63
9.6140,-5.70
9.6145,-7.55
9.6150,0.27
9.6155,-1.05
9.6160,-3.05
9.6165,-4.07
9.6170,-14.16
9.6175,-2.95
9.6180,-5.92
9.6185,-25.04
9.6190,-12.86
9.6195,-3.62
9.6200,-0.62
9.6205,-14.78
9.6210,5.65
9.6215,7.94
9.6220,-11.65
9.6225,-12.12
9.6230,0.70
9.6235,-2.39
9.6240,-17.02
9.6245,-3.74
9.6250,-7.12
9.6255,-7.19
9.6260,-3.36
9.6265,11.24
9.6270,2.48
9.6275,-0.47
9.6280,-0.11
9.6285,-5.93
9.6290,5.03
9.6295,5.70
9.6300,1.41
9.6305,-11.74
9.6310,0.86
9.6315,-14.42
9.6320,9.12
9.6325,-9.43
9.6330,-10.08
9.6335,-12.77
9.6340,-4.30
9.6345,-6.77
9.6350,11.70
9.6355,-18.50
9.6360,-10.22
9.6365,-17.17
9.6370,-1.45
9.6375,-11.24
9.6380,-0.42
9.6385,5.32
9.6390,2.07
9.6395,11.05
9.6400,-7.03
9.6405,-5.84
9.6410,2.77
9.6415,-13.78
9.6420,-4.01
9.6425,2.53
9.6430,2.56
9.6435,-3.51
9.6440,-5.24
9.6445,-7.35
9.6450,-5.04
9.6455,-0.86
9.6460,-18.58
9.6465,1.48
9.6470,-5.17
9.6475,4.38
9.6480,0.55
9.6485,-0.54
9.6490,-13.36
9.6495,-3.42
9.6500,1.33
9.6505,-2.23
9.6510,-4.07
9.6515,3.48
9.6520,-3.95
9.6525,2.75
9.6530,-6.17
9.6535,-18.63
9.6540,14.02
9.6545,-5.17
9.6550,-20.91
9.6555,5.15
9.6560,4.84
9.6565,6.81
9.6570,-14.53
9.6575,10.37
9.6580,-5.02
9.6585,9.92
9.6590,8.05
9.6595,-11.38
9.6600,7.39
9.6605,-5.70
9.6610,3.54
9.6615,7.29
9.6620,0.95
9.6625,4.94
9.6630,15.57
9.6635,5.31
9.6640,11.50
9.6645,4.00
9.6650,2.22
9.6655,-21.18
9.6660,-6.01
9.6665,0.56
9.6670,3.06
9.6675,-0.72
9.6680,-1.65
9.6685,7.16
9.6690,7.63
9.6695,8.56
9.6700,-19.99
9.6705,9.61
9.6710,1.21
9.6715,9.39
9.6720,4.52
9.6725,-5.37
9.6730,-8.63
9.6735,7.42
9.6740,-1.68
9.6745,-11.15
9.6750,-7.25
9.6755,-13.68
9.6760,-5.83
9.6765,3.96
9.6770,9.43
9.6775,8.76
9.6780,4.99
9.6785,-1.30
9.6790,2.48
9.6795,4.04
9.6800,6.36
9.6805,-8.09
9.6810,-1.72
9.6815,-1.76
9.6820,-3.08
9.6825,4.36
9.6830,-2.15
9.6835,-5.48
9.6840,8.75
9.6845,6.61
9.6850,3.19
9.6855,-0.98
9.6860,13.05
9.6865,3.67
9.6870,6.16
9.6875,-1.61
9.6880,5.27
9.6885,16.45
9.6890,7.11
9.6895,4.66
9.6900,-7.06
9.6905,-6.62
9.6910,-2.22
9.6915,4.16
9.6920,-2.08
9.6925,-6.14
9.6930,7.87
9.6935,9.19
9.6940,1.61
9.6945,-1.40
9.6950,4.43
9.6955,-7.29
9.6960,-1.31
9.6965,6.61
9.6970,-8.93
9.6975,11.75
9.6980,15.63
9.6985,-4.01
9.6990,-3.11
9.6995,7.43
9.7000,3.97
9.7005,7.69
9.7010,3.12
9.7015,3.79
9.7020,-0.75
9.7025,0.34
9.7030,6.83
9.7035,5.85
9.7040,-3.02
9.7045,-2.52
9.7050,7.22
9.7055,0.94
9.7060,19.01
9.7065,3.22
9.7070,4.70
9.7075,-3.50
9.7080,10.18
9.7085,10.33
9.7090,-11.97
9.7095,4.93
9.7100,-8.21
9.7105,20.39
9.7110,13.29
9.7115,0.25
9.7120,-0.72
9.7125,-11.28
9.7130,6.51
9.7135,2.42
9.7140,13.73
9.7145,17.94
9.7150,8.16
9.7155,12.76
9.7160,12.10
9.7165,4.19
9.7170,-0.14
9.7175,1.85
9.7180,0.08
9.7185,-2.76
9.7190,-12.89
9.7195,7.45
9.7200,18.47
9.7205,4.48
9.7210,7.09
9.7215,-0.38
9.7220,2.28
9.7225,26.40
9.7230,-7.77
9.7235,10.88
9.7240,-2.75
9.7245,9.51
9.7250,13.50
9.7255,13.44
9.7260,18.52
9.7265,-1.31
9.7270,11.16
9.7275,0.70
9.7280,0.79
9.7285,0.63
9.7290,1.67
9.7295,5.26
9.7300,-6.04
9.7305,19.85
9.7310,8.80
9.7315,9.42
9.7320,0.15
9.7325,7.83
9.7330,6.77
9.7335,0.39
9.7340,-5.08
9.7345,10.55
9.7350,5.85
9.7355,11.17
9.7360,0.41
9.7365,-1.86
9.7370,18.03
9.7375,-6.66
9.7380,6.38
9.7385,6.12
9.7390,2.29
9.7395,8.30
9.7400,-1.32
9.7405,-6.12
9.7410,-4.69
9.7415,6.13
9.7420,7.71
9.7425,10.61
9.7430,12.67
9.7435,-5.11
9.7440,1.43
9.7445,6.22
9.7450,11.35
9.7455,13.66
9.7460,-6.92
9.7465,3.14
9.7470,6.90
9.7475,12.03
9.7480,21.91
9.7485,0.41
9.7490,8.02
9.7495,0.44
9.7500,5.73
9.7505,8.32
9.7510,13.61
9.7515,7.50
9.7520,8.31
9.7525,8.84
9.7530,-14.85
9.7535,9.78
9.7540,0.41
9.7545,2.04
9.7550,15.42
9.7555,5.32
9.7560,-4.68
9.7565,7.99
9.7570,9.62
9.7575,17.13
9.7580,4.64
9.7585,-12.60
9.7590,7.33
9.7595,5.44
9.7600,12.64
9.7605,19.14
9.7610,6.86
9.7615,5.80
9.7620,-7.05
9.7625,0.74
9.7630,5.66
9.7635,-0.57
9.7640,-4.81
9.7645,3.07
9.7650,-3.24
9.7655,6.48
9.7660,8.67
9.7665,16.64
9.7670,-3.34
9.7675,-14.36
9.7680,1.73
9.7685,10.91
9.7690,14.33
9.7695,8.73
9.7700,-0.12
9.7705,-3.97
9.7710,-3.24
9.7715,5.76
9.7720,17.29
9.7725,4.66
9.7730,-7.75
9.7735,6.98
9.7740,9.90
9.7745,2.56
9.7750,-0.39
9.7755,9.93
9.7760,0.57
9.7765,12.74
9.7770,7.89
9.7775,5.34
9.7780,7.43
9.7785,-7.01
9.7790,-4.44
9.7795,-1.75
9.7800,4.55
9.7805,-6.32
9.7810,16.55
9.7815,14.60
9.7820,7.16
9.7825,-1.31
9.7830,-0.48
9.7835,13.30
9.7840,7.70
9.7845,1.88
9.7850,-4.48
9.7855,1.65
9.7860,1.80
9.7865,3.87
9.7870,9.75
9.7875,10.98
9.7880,0.56
9.7885,5.15
9.7890,0.23
9.7895,-3.08
9.7900,5.85
9.7905,5.83
9.7910,13.19
9.7915,0.58
9.7920,11.59
9.7925,5.22
9.7930,24.94
9.7935,81.19
9.7940,56.70
9.7945,8.33
9.7950,-4.81
9.7955,-17.36
9.7960,1.79
9.7965,-16.06
9.7970,0.92
9.7975,-11.23
9.7980,4.89
9.7985,2.52
9.7990,17.04
9.7995,1.62
9.8000,5.72
9.8005,2.10
9.8010,-12.15
9.8015,-0.56
9.8020,17.03
9.8025,18.51
9.8030,-4.97
9.8035,1.36
9.8040,19.93
9.8045,0.31
9.8050,3.13
9.8055,11.34
9.8060,10.99
9.8065,10.15
9.8070,-1.13
9.8075,10.49
9.8080,0.49
9.8085,-1.94
9.8090,-3.24
9.8095,9.15
9.8100,8.28
9.8105,2.52
9.8110,-1.57
9.8115,-0.29
9.8120,10.00
9.8125,3.73
9.8130,-0.89
9.8135,-4.06
9.8140,-17.32
9.8145,0.48
9.8150,0.53
9.8155,4.11
9.8160,-1.28
9.8165,9.36
9.8170,8.15
9.8175,4.58
9.8180,8.53
9.8185,-4.09
9.8190,4.62
9.8195,-18.09
9.8200,3.73
9.8205,11.35
9.8210,16.17
9.8215,-4.26
9.8220,-18.88
9.8225,-3.20
9.8230,19.77
9.8235,-10.56
9.8240,0.63
9.8245,8.73
9.8250,6.59
9.8255,-6.09
9.8260,14.32
9.8265,1.41
9.8270,13.32
9.8275,-2.32
9.8280,-4.44
9.8285,4.32
9.8290,-13.38
9.8295,-11.29
9.8300,4.17
9.8305,14.33
9.8310,-5.85
9.8315,2.63
9.8320,8.22
9.8325,8.77
9.8330,-7.46
9.8335,0.42
9.8340,2.46
9.8345,0.82
9.8350,0.32
9.8355,-9.24
9.8360,8.15
9.8365,2.75
9.8370,0.28
9.8375,4.46
9.8380,1.14
9.8385,13.01
9.8390,-3.52
9.8395,15.18
9.8400,-13.57
9.8405,12.15
9.8410,16.94
9.8415,10.11
9.8420,-12.93
9.8425,-4.16
9.8430,13.36
9.8435,5.70
9.8440,4.52
9.8445,-5.08
9.8450,7.00
9.8455,9.31
9.8460,10.70
9.8465,7.70
9.8470,1.63
9.8475,-15.73
9.8480,16.11
9.8485,-2.74
9.8490,4.46
9.8495,-1.54
9.8500,-8.79
9.8505,-11.53
9.8510,0.32
9.8515,2.19
9.8520,9.64
9.8525,8.17
9.8530,-4.36
9.8535,4.94
9.8540,10.65
9.8545,-9.58
9.8550,-2.03
9.8555,-10.03
9.8560,-16.76
9.8565,-9.33
9.8570,4.75
9.8575,-13.54
9.8580,6.37
9.8585,-0.15
9.8590,-4.35
9.8595,1.90
9.8600,5.01
9.8605,-9.43
9.8610,8.78
9.8615,-7.19
9.8620,-6.95
9.8625,2.07
9.8630,-3.23
9.8635,3.13
9.8640,-9.67
9.8645,-8.14
9.8650,-9.15
9.8655,-4.16
9.8660,-9.83
9.8665,-1.95
9.8670,8.19
9.8675,-2.10
9.8680,-8.03
9.8685,0.77
9.8690,9.91
9.8695,2.29
9.8700,10.76
9.8705,5.87
9.8710,-11.36
9.8715,2.64
9.8720,5.00
9.8725,-11.73
9.8730,-10.76
9.8735,-1.13
9.8740,-22.36
9.8745,-9.51
9.8750,-7.90
9.8755,-20.05
9.8760,3.15
9.8765,-5.04
9.8770,-2.42
9.8775,-2.06
9.8780,7.35
9.8785,5.06
9.8790,-3.28
9.8795,-1.14
9.8800,3.71
9.8805,-3.22
9.8810,-3.48
9.8815,-5.41
9.8820,0.65
9.8825,-11.88
9.8830,7.00
9.8835,-24.57
9.8840,-5.05
9.8845,-3.73
9.8850,-3.38
9.8855,-12.68
9.8860,-18.73
9.8865,-5.74
9.8870,-3.80
9.8875,-5.25
9.8880,-15.47
9.8885,4.36
9.8890,-16.47
9.8895,-12.68
9.8900,3.52
9.8905,0.53
9.8910,3.30
9.8915,-13.13
9.8920,-16.19
9.8925,-0.32
9.8930,-0.67
9.8935,8.59
9.8940,-3.02
9.8945,-1.12
9.8950,12.24
9.8955,-4.85
9.8960,-8.24
9.8965,7.96
9.8970,-4.11
9.8975,4.78
9.8980,-2.74
9.8985,-0.68
9.8990,-4.10
9.8995,5.98
9.9000,-11.22
9.9005,-6.80
9.9010,-20.19
9.9015,-8.98
9.9020,-11.61
9.9025,3.05
9.9030,-8.11
9.9035,-8.53
9.9040,1.35
9.9045,1.61
9.9050,-1.75
9.9055,-18.32
9.9060,-2.34
9.9065,-3.50
9.9070,6.38
9.9075,-5.16
9.9080,-19.65
9.9085,-10.31
9.9090,-3.93
9.9095,-11.83
9.9100,-0.11
9.9105,-9.15
9.9110,1.03
9.9115,4.18
9.9120,3.05
9.9125,3.78
9.9130,-6.11
9.9135,-6.83
9.9140,-7.40
9.9145,1.40
9.9150,-11.99
9.9155,-7.01
9.9160,5.32
9.9165,7.21
9.9170,-14.66
9.9175,-3.38
9.9180,-5.41
9.9185,-1.11
9.9190,-1.54
9.9195,-9.35
9.9200,-14.23
9.9205,-5.72
9.9210,-9.35
9.9215,-8.19
9.9220,-1.26
9.9225,-15.05
9.9230,-0.10
9.9235,-5.90
9.9240,-9.82
9.9245,-1.22
9.9250,1.65
9.9255,-15.76
9.9260,-6.31
9.9265,-11.43
9.9270,0.34
9.9275,-1.96
9.9280,2.70
9.9285,-6.21
9.9290,-17.08
9.9295,-5.97
9.9300,-8.20
9.9305,-16.32
9.9310,3.36
9.9315,-11.22
9.9320,-7.31
9.9325,11.21
9.9330,-18.05
9.9335,5.40
9.9340,-3.82
9.9345,-16.65
9.9350,-1.69
9.9355,-15.80
9.9360,-0.61
9.9365,-6.55
9.9370,-3.60
9.9375,-11.10
9.9380,-12.84
9.9385,-9.22
9.9390,7.08
9.9395,-6.97
9.9400,-8.07
9.9405,-7.11
9.9410,0.55
9.9415,-5.82
9.9420,13.55
9.9425,-12.96
9.9430,-2.87
9.9435,-11.20
9.9440,-14.35
9.9445,-5.97
9.9450,18.16
9.9455,-17.49
9.9460,2.79
9.9465,-9.54
9.9470,-17.20
9.9475,-5.64
9.9480,-15.19
9.9485,-13.64
9.9490,-6.10
9.9495,-8.40
9.9500,4.26
9.9505,-20.93
9.9510,-4.97
9.9515,5.82
9.9520,13.94
9.9525,0.75
9.9530,-22.64
9.9535,-2.92
9.9540,-0.02
9.9545,-7.15
9.9550,-1.69
9.9555,-15.83
9.9560,-5.61
9.9565,2.26
9.9570,17.48
9.9575,-12.75
9.9580,-8.41
9.9585,-17.32
9.9590,-7.53
9.9595,-7.62
9.9600,-0.51
9.9605,-1.23
9.9610,-1.98
9.9615,-7.29
9.9620,-4.75
9.9625,-8.22
9.9630,-2.65
9.9635,-14.14
9.9640,13.12
9.9645,2.73
9.9650,-13.47
9.9655,-4.90
9.9660,-1.44
9.9665,10.01
9.9670,10.97
9.9675,6.78
9.9680,1.00
9.9685,-5.87
9.9690,1.69
9.9695,-3.76
9.9700,-0.53
9.9705,3.89
9.9710,-6.19
9.9715,-3.37
9.9720,-10.41
9.9725,3.73
9.9730,-3.22
9.9735,-3.73
9.9740,-4.58
9.9745,-1.14
9.9750,-4.19
9.9755,-3.95
9.9760,-1.44
9.9765,3.49
9.9770,3.21
9.9775,-7.28
9.9780,-3.97
9.9785,-5.31
9.9790,-4.38
9.9795,0.77
9.9800,1.08
9.9805,8.16
9.9810,-9.32
9.9815,-23.32
9.9820,2.32
9.9825,-1.14
9.9830,-13.15
9.9835,-2.50
9.9840,-6.42
9.9845,-20.29
9.9850,-1.15
9.9855,3.12
9.9860,4.72
9.9865,-4.93
9.9870,5.38
9.9875,-2.53
9.9880,-6.60
9.9885,1.28
9.9890,-7.79
9.9895,-6.28
9.9900,1.03
9.9905,1.92
9.9910,1.59
9.9915,-6.76
9.9920,-6.02
9.9925,1.36
9.9930,5.89
9.9935,-17.93
9.9940,8.75
9.9945,-7.88
9.9950,6.15
9.9955,-15.35
9.9960,3.25
9.9965,-3.91
9.9970,-5.66
9.9975,-6.46
9.9980,-1.28
9.9985,-6.29
9.9990,-0.39
9.9995,2.74
